
> @zcode/desktop@ bundle /Users/felipemore/Projects/AceVra/packages/desktop
> node scripts/bundle.mjs -- --os mac --arch arm64

[bundle] target=mac/arm64
[bundle] skipPrepare=false skipBuild=false
[bundle] > pnpm prepare:runtime-assets

> @zcode/desktop@ prepare:runtime-assets /Users/felipemore/Projects/AceVra/packages/desktop
> node scripts/prepare-runtime-assets.mjs

[ci][timer] prepare-runtime-assets:prepare:remote-assets start

> @zcode/desktop@ prepare:remote-assets /Users/felipemore/Projects/AceVra/packages/desktop
> node ../../scripts/prepare-prebuilds.mjs

==> Preparing mock CDN release in /Users/felipemore/Projects/AceVra/packages/desktop/mock-cdn/releases/0.1.0-alpha.1
  [skip] mock-cdn node/linux-arm64 already exists
  [skip] mock-cdn node/linux-x64 already exists
  [skip] mock-cdn node/darwin-arm64 already exists
  [skip] mock-cdn node/darwin-x64 already exists
==> Building server bundle

> @zcode/server@ build:remote /Users/felipemore/Projects/AceVra/packages/server
> tsx build-remote.ts

Built dist/remote/zcode-server.cjs
  [ok] mock-cdn server/zcode-server.cjs
==> Copying node-pty prebuilds from @lydell/node-pty
  [skip] mock-cdn node-pty/linux-arm64 already exists
  [skip] mock-cdn node-pty/linux-x64 already exists
  [skip] mock-cdn node-pty/darwin-arm64 already exists
  [skip] mock-cdn node-pty/darwin-x64 already exists
==> Building zcode-cli bundle for remote agents

> @zcode/shared-types@0.1.0 build /Users/felipemore/Projects/AceVra/apps/zcode-cli/packages/shared-types
> tsc


> @zcode/contracts@0.1.0 build /Users/felipemore/Projects/AceVra/apps/zcode-cli/packages/contracts
> tsc


> @zcode/dynamic-workflow@0.1.0 build /Users/felipemore/Projects/AceVra/apps/zcode-cli/packages/dynamic-workflow
> node scripts/generate-libs.mjs && tsc


> @zcode/dynamic-workflow-runtime@0.1.0 build /Users/felipemore/Projects/AceVra/apps/zcode-cli/packages/dynamic-workflow-runtime
> tsc


> @zcode/core@0.1.0 build /Users/felipemore/Projects/AceVra/apps/zcode-cli/packages/core
> tsc


> @zcode/adapters@0.1.0 build /Users/felipemore/Projects/AceVra/apps/zcode-cli/packages/adapters
> tsc


> @zcode/i18n@0.1.0 build /Users/felipemore/Projects/AceVra/apps/zcode-cli/packages/i18n
> tsc


> @zcode/telemetry@0.1.0 build /Users/felipemore/Projects/AceVra/apps/zcode-cli/packages/telemetry
> tsc


> @zcode/bootstrap@0.1.0 build /Users/felipemore/Projects/AceVra/apps/zcode-cli/packages/bootstrap
> tsc


> @zcode/node-repl-host@0.6.0 build /Users/felipemore/Projects/AceVra/apps/zcode-cli/packages/node-repl-host
> tsc && node scripts/build.mjs

[node-repl-host] /Users/felipemore/Projects/AceVra/apps/zcode-cli/packages/node-repl-host/dist/mcp/server.js

> @zcode/browser-use-plugin@0.5.1 build /Users/felipemore/Projects/AceVra/apps/zcode-cli/packages/browser-use-plugin
> tsc && node scripts/build.mjs


> @zcode/cli@0.1.0 build:desktop-agent /Users/felipemore/Projects/AceVra/apps/zcode-cli/packages/cli
> node scripts/build.mjs --desktop-agent


  dist/zcode.cjs  16.1mb ⚠️

⚡ Done in 578ms
[stage:agent-bundle] staged /Users/felipemore/Projects/AceVra/packages/desktop/bundled-agents/darwin-arm64/glm/zcode.cjs
==> Building remote official plugin runtime: @zcode/browser-use-plugin

> @zcode/browser-use-plugin@0.5.1 build /Users/felipemore/Projects/AceVra/apps/zcode-cli/packages/browser-use-plugin
> tsc && node scripts/build.mjs

==> Building remote official plugin runtime: @zcode/node-repl-host

> @zcode/node-repl-host@0.6.0 build /Users/felipemore/Projects/AceVra/apps/zcode-cli/packages/node-repl-host
> tsc && node scripts/build.mjs

[node-repl-host] /Users/felipemore/Projects/AceVra/apps/zcode-cli/packages/node-repl-host/dist/mcp/server.js
  [ok] mock-cdn glm official plugin packages/browser-use-plugin
  [ok] mock-cdn glm official plugin packages/zcode-cua-plugin
  [ok] mock-cdn glm official plugin packages/node-repl-host
  [ok] mock-cdn glm/linux-arm64/zcode.cjs
  [ok] mock-cdn glm official plugin packages/browser-use-plugin
  [ok] mock-cdn glm official plugin packages/zcode-cua-plugin
  [ok] mock-cdn glm official plugin packages/node-repl-host
  [ok] mock-cdn glm/linux-x64/zcode.cjs
  [ok] mock-cdn glm official plugin packages/browser-use-plugin
  [ok] mock-cdn glm official plugin packages/zcode-cua-plugin
  [ok] mock-cdn glm official plugin packages/node-repl-host
  [ok] mock-cdn glm/darwin-arm64/zcode.cjs
  [ok] mock-cdn glm official plugin packages/browser-use-plugin
  [ok] mock-cdn glm official plugin packages/zcode-cua-plugin
  [ok] mock-cdn glm official plugin packages/node-repl-host
  [ok] mock-cdn glm/darwin-x64/zcode.cjs
==> Preparing local native search binaries for remote platforms
==> Preparing native search tools from repository archives
    platform: linux-arm64
    target:   /Users/felipemore/Projects/AceVra/packages/desktop/mock-cdn/releases/0.1.0-alpha.1/tools/linux-arm64
    [skip] bfs v4.1.1-2 已存在
    [skip] ugrep v7.8.4-1 已存在
    [skip] ripgrep v14.1.1-1 已存在
==> Done! native search tools (linux-arm64) -> /Users/felipemore/Projects/AceVra/packages/desktop/mock-cdn/releases/0.1.0-alpha.1/tools/linux-arm64
==> Preparing native search tools from repository archives
    platform: linux-x64
    target:   /Users/felipemore/Projects/AceVra/packages/desktop/mock-cdn/releases/0.1.0-alpha.1/tools/linux-x64
    [skip] bfs v4.1.1-2 已存在
    [skip] ugrep v7.8.4-1 已存在
    [skip] ripgrep v14.1.1-1 已存在
==> Done! native search tools (linux-x64) -> /Users/felipemore/Projects/AceVra/packages/desktop/mock-cdn/releases/0.1.0-alpha.1/tools/linux-x64
==> Preparing native search tools from repository archives
    platform: darwin-arm64
    target:   /Users/felipemore/Projects/AceVra/packages/desktop/mock-cdn/releases/0.1.0-alpha.1/tools/darwin-arm64
    [skip] ripgrep v13.0.0-10 已存在
==> Done! native search tools (darwin-arm64) -> /Users/felipemore/Projects/AceVra/packages/desktop/mock-cdn/releases/0.1.0-alpha.1/tools/darwin-arm64
==> Preparing native search tools from repository archives
    platform: darwin-x64
    target:   /Users/felipemore/Projects/AceVra/packages/desktop/mock-cdn/releases/0.1.0-alpha.1/tools/darwin-x64
    [skip] ripgrep v13.0.0-10 已存在
==> Done! native search tools (darwin-x64) -> /Users/felipemore/Projects/AceVra/packages/desktop/mock-cdn/releases/0.1.0-alpha.1/tools/darwin-x64
==> Packaging component artifacts and manifests
  [component] server-bundle linux-arm64 -> components/linux-arm64/server-bundle/v0.1.0-alpha.1+54607f8dc2eb.tar.gz
  [skip] component node-runtime linux-arm64 unchanged
  [skip] component node-pty linux-arm64 unchanged
  [component] glm linux-arm64 -> components/linux-arm64/glm/v0.13.3+3c4ee931ff2a.tar.gz
  [skip] component bfs linux-arm64 unchanged
  [skip] component ripgrep linux-arm64 unchanged
  [skip] component ugrep linux-arm64 unchanged
  [ok] mock-cdn releases/0.1.0-alpha.1/manifest-linux-arm64.json
  [component] server-bundle linux-x64 -> components/linux-x64/server-bundle/v0.1.0-alpha.1+54607f8dc2eb.tar.gz
  [skip] component node-runtime linux-x64 unchanged
  [skip] component node-pty linux-x64 unchanged
  [component] glm linux-x64 -> components/linux-x64/glm/v0.13.3+3c4ee931ff2a.tar.gz
  [skip] component bfs linux-x64 unchanged
  [skip] component ripgrep linux-x64 unchanged
  [skip] component ugrep linux-x64 unchanged
  [ok] mock-cdn releases/0.1.0-alpha.1/manifest-linux-x64.json
  [component] server-bundle darwin-arm64 -> components/darwin-arm64/server-bundle/v0.1.0-alpha.1+54607f8dc2eb.tar.gz
  [skip] component node-runtime darwin-arm64 unchanged
  [skip] component node-pty darwin-arm64 unchanged
  [component] glm darwin-arm64 -> components/darwin-arm64/glm/v0.13.3+3c4ee931ff2a.tar.gz
  [skip] component ripgrep darwin-arm64 unchanged
  [ok] mock-cdn releases/0.1.0-alpha.1/manifest-darwin-arm64.json
  [component] server-bundle darwin-x64 -> components/darwin-x64/server-bundle/v0.1.0-alpha.1+54607f8dc2eb.tar.gz
  [skip] component node-runtime darwin-x64 unchanged
  [skip] component node-pty darwin-x64 unchanged
  [component] glm darwin-x64 -> components/darwin-x64/glm/v0.13.3+3c4ee931ff2a.tar.gz
  [skip] component ripgrep darwin-x64 unchanged
  [ok] mock-cdn releases/0.1.0-alpha.1/manifest-darwin-x64.json
==> Done! Mock CDN release ready at /Users/felipemore/Projects/AceVra/packages/desktop/mock-cdn/releases/0.1.0-alpha.1
[ci][timer] prepare-runtime-assets:prepare:remote-assets end duration_ms=32170
[ci][timer] prepare-runtime-assets:prepare:agent-bundle start

> @zcode/desktop@ prepare:agent-bundle /Users/felipemore/Projects/AceVra/packages/desktop
> node scripts/prepare-agent-node-bundle.mjs

[prepare:agent-bundle] building zcode-cli app-server bundle ...

> @zcode/shared-types@0.1.0 build /Users/felipemore/Projects/AceVra/apps/zcode-cli/packages/shared-types
> tsc


> @zcode/contracts@0.1.0 build /Users/felipemore/Projects/AceVra/apps/zcode-cli/packages/contracts
> tsc


> @zcode/dynamic-workflow@0.1.0 build /Users/felipemore/Projects/AceVra/apps/zcode-cli/packages/dynamic-workflow
> node scripts/generate-libs.mjs && tsc


> @zcode/dynamic-workflow-runtime@0.1.0 build /Users/felipemore/Projects/AceVra/apps/zcode-cli/packages/dynamic-workflow-runtime
> tsc


> @zcode/core@0.1.0 build /Users/felipemore/Projects/AceVra/apps/zcode-cli/packages/core
> tsc


> @zcode/adapters@0.1.0 build /Users/felipemore/Projects/AceVra/apps/zcode-cli/packages/adapters
> tsc


> @zcode/i18n@0.1.0 build /Users/felipemore/Projects/AceVra/apps/zcode-cli/packages/i18n
> tsc


> @zcode/telemetry@0.1.0 build /Users/felipemore/Projects/AceVra/apps/zcode-cli/packages/telemetry
> tsc


> @zcode/bootstrap@0.1.0 build /Users/felipemore/Projects/AceVra/apps/zcode-cli/packages/bootstrap
> tsc


> @zcode/node-repl-host@0.6.0 build /Users/felipemore/Projects/AceVra/apps/zcode-cli/packages/node-repl-host
> tsc && node scripts/build.mjs

[node-repl-host] /Users/felipemore/Projects/AceVra/apps/zcode-cli/packages/node-repl-host/dist/mcp/server.js

> @zcode/browser-use-plugin@0.5.1 build /Users/felipemore/Projects/AceVra/apps/zcode-cli/packages/browser-use-plugin
> tsc && node scripts/build.mjs


> @zcode/cli@0.1.0 build:desktop-agent /Users/felipemore/Projects/AceVra/apps/zcode-cli/packages/cli
> node scripts/build.mjs --desktop-agent


  dist/zcode.cjs  16.1mb ⚠️

⚡ Done in 636ms
[stage:agent-bundle] staged /Users/felipemore/Projects/AceVra/packages/desktop/bundled-agents/darwin-arm64/glm/zcode.cjs
[prepare:agent-bundle] building @zcode/browser-use-plugin runtime ...

> @zcode/browser-use-plugin@0.5.1 build /Users/felipemore/Projects/AceVra/apps/zcode-cli/packages/browser-use-plugin
> tsc && node scripts/build.mjs

[prepare:agent-bundle] building @zcode/node-repl-host runtime ...

> @zcode/node-repl-host@0.6.0 build /Users/felipemore/Projects/AceVra/apps/zcode-cli/packages/node-repl-host
> tsc && node scripts/build.mjs

[node-repl-host] /Users/felipemore/Projects/AceVra/apps/zcode-cli/packages/node-repl-host/dist/mcp/server.js
[stage:agent-bundle] staged /Users/felipemore/Projects/AceVra/packages/desktop/bundled-agents/darwin-arm64/glm/zcode.cjs
[prepare:agent-bundle] staged official plugin packages/browser-use-plugin
[prepare:agent-bundle] staged official plugin packages/zcode-cua-plugin
[prepare:agent-bundle] staged official plugin packages/node-repl-host
[ci][timer] prepare-runtime-assets:prepare:agent-bundle end duration_ms=28096
[ci][timer] prepare-runtime-assets:prepare:native-search start

> @zcode/desktop@ prepare:native-search /Users/felipemore/Projects/AceVra/packages/desktop
> node ../../scripts/prepare-native-search-tools.mjs

==> Preparing native search tools from repository archives
    platform: darwin-arm64
    target:   /Users/felipemore/Projects/AceVra/packages/desktop/bundled-tools/darwin-arm64
    [skip] bfs v4.1.1-1 已存在
    [skip] ugrep v7.8.4-1 已存在
    [skip] ripgrep v14.1.1-1 已存在
==> Done! native search tools (darwin-arm64) -> /Users/felipemore/Projects/AceVra/packages/desktop/bundled-tools/darwin-arm64
[ci][timer] prepare-runtime-assets:prepare:native-search end duration_ms=220
[ci][timer] prepare-runtime-assets:prepare:macos-window-bounds start

> @zcode/desktop@ prepare:macos-window-bounds /Users/felipemore/Projects/AceVra/packages/desktop
> node scripts/build-macos-window-bounds.mjs

[window-bounds] 已构建 alpha arm64 二进制：/Users/felipemore/Projects/AceVra/packages/desktop/resources/macos-window-bounds/zcode-window-bounds
[ci][timer] prepare-runtime-assets:prepare:macos-window-bounds end duration_ms=1777
[bundle] > pnpm build

> @zcode/desktop@ build /Users/felipemore/Projects/AceVra/packages/desktop
> pnpm prepare:runtime-assets && pnpm run build:no-runtime-assets


> @zcode/desktop@ prepare:runtime-assets /Users/felipemore/Projects/AceVra/packages/desktop
> node scripts/prepare-runtime-assets.mjs

[ci][timer] prepare-runtime-assets:prepare:remote-assets start

> @zcode/desktop@ prepare:remote-assets /Users/felipemore/Projects/AceVra/packages/desktop
> node ../../scripts/prepare-prebuilds.mjs

==> Preparing mock CDN release in /Users/felipemore/Projects/AceVra/packages/desktop/mock-cdn/releases/0.1.0-alpha.1
  [skip] mock-cdn node/linux-arm64 already exists
  [skip] mock-cdn node/linux-x64 already exists
  [skip] mock-cdn node/darwin-arm64 already exists
  [skip] mock-cdn node/darwin-x64 already exists
==> Building server bundle

> @zcode/server@ build:remote /Users/felipemore/Projects/AceVra/packages/server
> tsx build-remote.ts

Built dist/remote/zcode-server.cjs
  [ok] mock-cdn server/zcode-server.cjs
==> Copying node-pty prebuilds from @lydell/node-pty
  [skip] mock-cdn node-pty/linux-arm64 already exists
  [skip] mock-cdn node-pty/linux-x64 already exists
  [skip] mock-cdn node-pty/darwin-arm64 already exists
  [skip] mock-cdn node-pty/darwin-x64 already exists
==> Building zcode-cli bundle for remote agents

> @zcode/shared-types@0.1.0 build /Users/felipemore/Projects/AceVra/apps/zcode-cli/packages/shared-types
> tsc


> @zcode/contracts@0.1.0 build /Users/felipemore/Projects/AceVra/apps/zcode-cli/packages/contracts
> tsc


> @zcode/dynamic-workflow@0.1.0 build /Users/felipemore/Projects/AceVra/apps/zcode-cli/packages/dynamic-workflow
> node scripts/generate-libs.mjs && tsc


> @zcode/dynamic-workflow-runtime@0.1.0 build /Users/felipemore/Projects/AceVra/apps/zcode-cli/packages/dynamic-workflow-runtime
> tsc


> @zcode/core@0.1.0 build /Users/felipemore/Projects/AceVra/apps/zcode-cli/packages/core
> tsc


> @zcode/adapters@0.1.0 build /Users/felipemore/Projects/AceVra/apps/zcode-cli/packages/adapters
> tsc


> @zcode/i18n@0.1.0 build /Users/felipemore/Projects/AceVra/apps/zcode-cli/packages/i18n
> tsc


> @zcode/telemetry@0.1.0 build /Users/felipemore/Projects/AceVra/apps/zcode-cli/packages/telemetry
> tsc


> @zcode/bootstrap@0.1.0 build /Users/felipemore/Projects/AceVra/apps/zcode-cli/packages/bootstrap
> tsc


> @zcode/node-repl-host@0.6.0 build /Users/felipemore/Projects/AceVra/apps/zcode-cli/packages/node-repl-host
> tsc && node scripts/build.mjs

[node-repl-host] /Users/felipemore/Projects/AceVra/apps/zcode-cli/packages/node-repl-host/dist/mcp/server.js

> @zcode/browser-use-plugin@0.5.1 build /Users/felipemore/Projects/AceVra/apps/zcode-cli/packages/browser-use-plugin
> tsc && node scripts/build.mjs


> @zcode/cli@0.1.0 build:desktop-agent /Users/felipemore/Projects/AceVra/apps/zcode-cli/packages/cli
> node scripts/build.mjs --desktop-agent


  dist/zcode.cjs  16.1mb ⚠️

⚡ Done in 703ms
[stage:agent-bundle] staged /Users/felipemore/Projects/AceVra/packages/desktop/bundled-agents/darwin-arm64/glm/zcode.cjs
==> Building remote official plugin runtime: @zcode/browser-use-plugin

> @zcode/browser-use-plugin@0.5.1 build /Users/felipemore/Projects/AceVra/apps/zcode-cli/packages/browser-use-plugin
> tsc && node scripts/build.mjs

==> Building remote official plugin runtime: @zcode/node-repl-host

> @zcode/node-repl-host@0.6.0 build /Users/felipemore/Projects/AceVra/apps/zcode-cli/packages/node-repl-host
> tsc && node scripts/build.mjs

[node-repl-host] /Users/felipemore/Projects/AceVra/apps/zcode-cli/packages/node-repl-host/dist/mcp/server.js
  [ok] mock-cdn glm official plugin packages/browser-use-plugin
  [ok] mock-cdn glm official plugin packages/zcode-cua-plugin
  [ok] mock-cdn glm official plugin packages/node-repl-host
  [ok] mock-cdn glm/linux-arm64/zcode.cjs
  [ok] mock-cdn glm official plugin packages/browser-use-plugin
  [ok] mock-cdn glm official plugin packages/zcode-cua-plugin
  [ok] mock-cdn glm official plugin packages/node-repl-host
  [ok] mock-cdn glm/linux-x64/zcode.cjs
  [ok] mock-cdn glm official plugin packages/browser-use-plugin
  [ok] mock-cdn glm official plugin packages/zcode-cua-plugin
  [ok] mock-cdn glm official plugin packages/node-repl-host
  [ok] mock-cdn glm/darwin-arm64/zcode.cjs
  [ok] mock-cdn glm official plugin packages/browser-use-plugin
  [ok] mock-cdn glm official plugin packages/zcode-cua-plugin
  [ok] mock-cdn glm official plugin packages/node-repl-host
  [ok] mock-cdn glm/darwin-x64/zcode.cjs
==> Preparing local native search binaries for remote platforms
==> Preparing native search tools from repository archives
    platform: linux-arm64
    target:   /Users/felipemore/Projects/AceVra/packages/desktop/mock-cdn/releases/0.1.0-alpha.1/tools/linux-arm64
    [skip] bfs v4.1.1-2 已存在
    [skip] ugrep v7.8.4-1 已存在
    [skip] ripgrep v14.1.1-1 已存在
==> Done! native search tools (linux-arm64) -> /Users/felipemore/Projects/AceVra/packages/desktop/mock-cdn/releases/0.1.0-alpha.1/tools/linux-arm64
==> Preparing native search tools from repository archives
    platform: linux-x64
    target:   /Users/felipemore/Projects/AceVra/packages/desktop/mock-cdn/releases/0.1.0-alpha.1/tools/linux-x64
    [skip] bfs v4.1.1-2 已存在
    [skip] ugrep v7.8.4-1 已存在
    [skip] ripgrep v14.1.1-1 已存在
==> Done! native search tools (linux-x64) -> /Users/felipemore/Projects/AceVra/packages/desktop/mock-cdn/releases/0.1.0-alpha.1/tools/linux-x64
==> Preparing native search tools from repository archives
    platform: darwin-arm64
    target:   /Users/felipemore/Projects/AceVra/packages/desktop/mock-cdn/releases/0.1.0-alpha.1/tools/darwin-arm64
    [skip] ripgrep v13.0.0-10 已存在
==> Done! native search tools (darwin-arm64) -> /Users/felipemore/Projects/AceVra/packages/desktop/mock-cdn/releases/0.1.0-alpha.1/tools/darwin-arm64
==> Preparing native search tools from repository archives
    platform: darwin-x64
    target:   /Users/felipemore/Projects/AceVra/packages/desktop/mock-cdn/releases/0.1.0-alpha.1/tools/darwin-x64
    [skip] ripgrep v13.0.0-10 已存在
==> Done! native search tools (darwin-x64) -> /Users/felipemore/Projects/AceVra/packages/desktop/mock-cdn/releases/0.1.0-alpha.1/tools/darwin-x64
==> Packaging component artifacts and manifests
  [skip] component server-bundle linux-arm64 unchanged
  [skip] component node-runtime linux-arm64 unchanged
  [skip] component node-pty linux-arm64 unchanged
  [skip] component glm linux-arm64 unchanged
  [skip] component bfs linux-arm64 unchanged
  [skip] component ripgrep linux-arm64 unchanged
  [skip] component ugrep linux-arm64 unchanged
  [ok] mock-cdn releases/0.1.0-alpha.1/manifest-linux-arm64.json
  [skip] component server-bundle linux-x64 unchanged
  [skip] component node-runtime linux-x64 unchanged
  [skip] component node-pty linux-x64 unchanged
  [skip] component glm linux-x64 unchanged
  [skip] component bfs linux-x64 unchanged
  [skip] component ripgrep linux-x64 unchanged
  [skip] component ugrep linux-x64 unchanged
  [ok] mock-cdn releases/0.1.0-alpha.1/manifest-linux-x64.json
  [skip] component server-bundle darwin-arm64 unchanged
  [skip] component node-runtime darwin-arm64 unchanged
  [skip] component node-pty darwin-arm64 unchanged
  [skip] component glm darwin-arm64 unchanged
  [skip] component ripgrep darwin-arm64 unchanged
  [ok] mock-cdn releases/0.1.0-alpha.1/manifest-darwin-arm64.json
  [skip] component server-bundle darwin-x64 unchanged
  [skip] component node-runtime darwin-x64 unchanged
  [skip] component node-pty darwin-x64 unchanged
  [skip] component glm darwin-x64 unchanged
  [skip] component ripgrep darwin-x64 unchanged
  [ok] mock-cdn releases/0.1.0-alpha.1/manifest-darwin-x64.json
==> Done! Mock CDN release ready at /Users/felipemore/Projects/AceVra/packages/desktop/mock-cdn/releases/0.1.0-alpha.1
[ci][timer] prepare-runtime-assets:prepare:remote-assets end duration_ms=29527
[ci][timer] prepare-runtime-assets:prepare:agent-bundle start

> @zcode/desktop@ prepare:agent-bundle /Users/felipemore/Projects/AceVra/packages/desktop
> node scripts/prepare-agent-node-bundle.mjs

[prepare:agent-bundle] building zcode-cli app-server bundle ...

> @zcode/shared-types@0.1.0 build /Users/felipemore/Projects/AceVra/apps/zcode-cli/packages/shared-types
> tsc


> @zcode/contracts@0.1.0 build /Users/felipemore/Projects/AceVra/apps/zcode-cli/packages/contracts
> tsc


> @zcode/dynamic-workflow@0.1.0 build /Users/felipemore/Projects/AceVra/apps/zcode-cli/packages/dynamic-workflow
> node scripts/generate-libs.mjs && tsc


> @zcode/dynamic-workflow-runtime@0.1.0 build /Users/felipemore/Projects/AceVra/apps/zcode-cli/packages/dynamic-workflow-runtime
> tsc


> @zcode/core@0.1.0 build /Users/felipemore/Projects/AceVra/apps/zcode-cli/packages/core
> tsc


> @zcode/adapters@0.1.0 build /Users/felipemore/Projects/AceVra/apps/zcode-cli/packages/adapters
> tsc


> @zcode/i18n@0.1.0 build /Users/felipemore/Projects/AceVra/apps/zcode-cli/packages/i18n
> tsc


> @zcode/telemetry@0.1.0 build /Users/felipemore/Projects/AceVra/apps/zcode-cli/packages/telemetry
> tsc


> @zcode/bootstrap@0.1.0 build /Users/felipemore/Projects/AceVra/apps/zcode-cli/packages/bootstrap
> tsc


> @zcode/node-repl-host@0.6.0 build /Users/felipemore/Projects/AceVra/apps/zcode-cli/packages/node-repl-host
> tsc && node scripts/build.mjs

[node-repl-host] /Users/felipemore/Projects/AceVra/apps/zcode-cli/packages/node-repl-host/dist/mcp/server.js

> @zcode/browser-use-plugin@0.5.1 build /Users/felipemore/Projects/AceVra/apps/zcode-cli/packages/browser-use-plugin
> tsc && node scripts/build.mjs


> @zcode/cli@0.1.0 build:desktop-agent /Users/felipemore/Projects/AceVra/apps/zcode-cli/packages/cli
> node scripts/build.mjs --desktop-agent


  dist/zcode.cjs  16.1mb ⚠️

⚡ Done in 699ms
[stage:agent-bundle] staged /Users/felipemore/Projects/AceVra/packages/desktop/bundled-agents/darwin-arm64/glm/zcode.cjs
[prepare:agent-bundle] building @zcode/browser-use-plugin runtime ...

> @zcode/browser-use-plugin@0.5.1 build /Users/felipemore/Projects/AceVra/apps/zcode-cli/packages/browser-use-plugin
> tsc && node scripts/build.mjs

[prepare:agent-bundle] building @zcode/node-repl-host runtime ...

> @zcode/node-repl-host@0.6.0 build /Users/felipemore/Projects/AceVra/apps/zcode-cli/packages/node-repl-host
> tsc && node scripts/build.mjs

[node-repl-host] /Users/felipemore/Projects/AceVra/apps/zcode-cli/packages/node-repl-host/dist/mcp/server.js
[stage:agent-bundle] staged /Users/felipemore/Projects/AceVra/packages/desktop/bundled-agents/darwin-arm64/glm/zcode.cjs
[prepare:agent-bundle] staged official plugin packages/browser-use-plugin
[prepare:agent-bundle] staged official plugin packages/zcode-cua-plugin
[prepare:agent-bundle] staged official plugin packages/node-repl-host
[ci][timer] prepare-runtime-assets:prepare:agent-bundle end duration_ms=28347
[ci][timer] prepare-runtime-assets:prepare:native-search start

> @zcode/desktop@ prepare:native-search /Users/felipemore/Projects/AceVra/packages/desktop
> node ../../scripts/prepare-native-search-tools.mjs

==> Preparing native search tools from repository archives
    platform: darwin-arm64
    target:   /Users/felipemore/Projects/AceVra/packages/desktop/bundled-tools/darwin-arm64
    [skip] bfs v4.1.1-1 已存在
    [skip] ugrep v7.8.4-1 已存在
    [skip] ripgrep v14.1.1-1 已存在
==> Done! native search tools (darwin-arm64) -> /Users/felipemore/Projects/AceVra/packages/desktop/bundled-tools/darwin-arm64
[ci][timer] prepare-runtime-assets:prepare:native-search end duration_ms=223
[ci][timer] prepare-runtime-assets:prepare:macos-window-bounds start

> @zcode/desktop@ prepare:macos-window-bounds /Users/felipemore/Projects/AceVra/packages/desktop
> node scripts/build-macos-window-bounds.mjs

[window-bounds] 已构建 alpha arm64 二进制：/Users/felipemore/Projects/AceVra/packages/desktop/resources/macos-window-bounds/zcode-window-bounds
[ci][timer] prepare-runtime-assets:prepare:macos-window-bounds end duration_ms=876

> @zcode/desktop@ build:no-runtime-assets /Users/felipemore/Projects/AceVra/packages/desktop
> pnpm prepare:build-meta && node scripts/run-production-build.mjs


> @zcode/desktop@ prepare:build-meta /Users/felipemore/Projects/AceVra/packages/desktop
> node scripts/build-metadata.mjs

[build-meta] wrote /Users/felipemore/Projects/AceVra/packages/desktop/out/metadata/build-meta.json
[build-meta] commit=9f01995d time=2026-10-03T04:17:52.349Z
vite v8.0.8 building client environment for production...
[2Ktransforming...[tsup] ZCODE_ENV=production ZCODE_PRODUCT_FLAVOR=production
[MAIN] CLI Building entry: {"main/index":"src/main/index.ts","main/browserWebmRecorder":"src/main/browserView/electronBrowserWebmRecorder.ts","main/zcodeDataSizeWorker":"src/main/zcodeDataSizeWorker.ts","main/storageScanWorker":"src/main/storageScanWorker.ts"}
[MAIN] CLI Using tsconfig: tsconfig.json
[PRELOAD] CLI Building entry: {"preload/embeddedBrowserJavaScriptDialog":"src/preload/embeddedBrowserJavaScriptDialog.ts","preload/codingPlanWebview":"src/preload/codingPlanWebview.ts","preload/browserVideoRecorder":"src/preload/browserVideoRecorder.ts","preload/index":"src/preload/index.ts","preload/resourceManager":"src/preload/resourceManager.ts","preload/cuaPermissionPanel":"src/preload/cuaPermissionPanel.ts","preload/accountWindow":"src/preload/accountWindow.ts"}
[PRELOAD] CLI Using tsconfig: tsconfig.json
[HOST] CLI Building entry: {"host/index":"src/host/index.ts","host/tasksStorageWorker":"src/host/tasksStorageWorker.ts"}
[HOST] CLI Using tsconfig: tsconfig.json
[SCHEDULER] CLI Building entry: {"scheduler/index":"src/scheduler/index.ts"}
[SCHEDULER] CLI Using tsconfig: tsconfig.json
[MAIN] CLI tsup v8.5.1
[MAIN] CLI Using tsup config: /Users/felipemore/Projects/AceVra/packages/desktop/tsup.config.ts
[PRELOAD] CLI tsup v8.5.1
[PRELOAD] CLI Using tsup config: /Users/felipemore/Projects/AceVra/packages/desktop/tsup.config.ts
[HOST] CLI tsup v8.5.1
[HOST] CLI Using tsup config: /Users/felipemore/Projects/AceVra/packages/desktop/tsup.config.ts
[SCHEDULER] CLI tsup v8.5.1
[SCHEDULER] CLI Using tsup config: /Users/felipemore/Projects/AceVra/packages/desktop/tsup.config.ts
[MAIN] CLI Target: node22
[MAIN] ESM Build start
[PRELOAD] CLI Target: node22
[PRELOAD] CJS Build start
[SCHEDULER] CLI Target: node22
[SCHEDULER] ESM Build start
[HOST] CLI Target: node22
[HOST] ESM Build start
[PRELOAD] CJS out/preload/browserVideoRecorder.cjs            140.00 B
[PRELOAD] CJS out/preload/cuaPermissionPanel.cjs              671.78 KB
[PRELOAD] CJS out/preload/index.cjs                           696.02 KB
[PRELOAD] CJS out/preload/resourceManager.cjs                 672.70 KB
[PRELOAD] CJS out/preload/accountWindow.cjs                   667.23 KB
[PRELOAD] CJS out/preload/codingPlanWebview.cjs               673.75 KB
[PRELOAD] CJS out/preload/embeddedBrowserJavaScriptDialog.cjs 674.27 KB
[PRELOAD] CJS ⚡️ Build success in 839ms
[SCHEDULER] ESM out/scheduler/index.js 991.31 KB
[SCHEDULER] ESM ⚡️ Build success in 1072ms
[MAIN] ESM out/main/storageScanWorker.js   785.00 B
[MAIN] ESM out/main/chunk-Y34SWCGO.js      11.66 KB
[MAIN] ESM out/main/zcodeDataSizeWorker.js 319.00 B
[MAIN] ESM out/main/chunk-LTJZ3W55.js      10.67 KB
[MAIN] ESM out/main/chunk-QK5REV54.js      1.86 KB
[MAIN] ESM out/main/chunk-JMFB7KNN.js      202.00 B
[MAIN] ESM out/main/chunk-OX7A5MVH.js      152.00 B
[MAIN] ESM out/main/chunk-ZQMCCKKD.js      10.37 KB
[MAIN] ESM out/main/chunk-W3EVL64I.js      235.26 KB
[MAIN] ESM out/main/browserWebmRecorder.js 153.00 B
[MAIN] ESM out/main/chunk-PY4R5WF5.js      96.99 KB
[MAIN] ESM out/main/chunk-ZBGKO6JD.js      11.87 KB
[MAIN] ESM out/main/chunk-L2VPARSU.js      572.00 B
[MAIN] ESM out/main/chunk-MVQSOT5F.js      48.13 KB
[MAIN] ESM out/main/chunk-O4CYC6UZ.js      6.48 KB
[MAIN] ESM out/main/chunk-QVW4RNDV.js      872.00 B
[MAIN] ESM out/main/chunk-FTKRRVA3.js      11.51 KB
[MAIN] ESM out/main/chunk-EDHZRH4S.js      1.93 KB
[MAIN] ESM out/main/chunk-CMOCWRPE.js      899.00 B
[MAIN] ESM out/main/index.js               726.53 KB
[MAIN] ESM out/main/chunk-EFTBTDRY.js      729.22 KB
[MAIN] ESM ⚡️ Build success in 1123ms
[HOST] ESM out/host/tasksStorageWorker.js 588.00 B
[HOST] ESM out/host/chunk-6R4JPTK7.js     10.64 KB
[HOST] ESM out/host/chunk-Q66QEGWR.js     124.00 B
[HOST] ESM out/host/chunk-JUVRFXVQ.js     174.00 B
[HOST] ESM out/host/chunk-XE6FU7IN.js     108.61 KB
[HOST] ESM out/host/chunk-N4BPOTFA.js     96.96 KB
[HOST] ESM out/host/chunk-M5L6JVS2.js     11.88 KB
[HOST] ESM out/host/chunk-SKE3QMS4.js     857.00 B
[HOST] ESM out/host/chunk-Z7JPNIFT.js     161.38 KB
[HOST] ESM out/host/chunk-BTTLVQGP.js     572.00 B
[HOST] ESM out/host/chunk-YKFCO5AO.js     839.00 B
[HOST] ESM out/host/chunk-JTY2X2J7.js     6.48 KB
[HOST] ESM out/host/chunk-F3XE2M64.js     18.51 KB
[HOST] ESM out/host/chunk-IUCDSJYH.js     743.94 KB
[HOST] ESM out/host/index.js              1.26 MB
[HOST] ESM ⚡️ Build success in 1140ms
✓ 7844 modules transformed.
rendering chunks...
computing gzip size...
out/renderer/pdfjs/cmaps/CNS2-V.bcmap                                    0.09 kB
out/renderer/pdfjs/cmaps/Roman.bcmap                                     0.09 kB
out/renderer/pdfjs/cmaps/Katakana.bcmap                                  0.10 kB
out/renderer/pdfjs/cmaps/ETenms-B5-H.bcmap                               0.10 kB
out/renderer/pdfjs/cmaps/UniJIS-UCS2-HW-H.bcmap                          0.11 kB
out/renderer/pdfjs/cmaps/Hiragana.bcmap                                  0.12 kB
out/renderer/pdfjs/cmaps/Hankaku.bcmap                                   0.13 kB
out/renderer/pdfjs/cmaps/B5-V.bcmap                                      0.14 kB
out/renderer/pdfjs/cmaps/CNS1-V.bcmap                                    0.14 kB
out/renderer/pdfjs/cmaps/B5pc-V.bcmap                                    0.14 kB
out/renderer/pdfjs/cmaps/HKdla-B5-V.bcmap                                0.14 kB
out/renderer/pdfjs/cmaps/HKdlb-B5-V.bcmap                                0.14 kB
out/renderer/pdfjs/cmaps/HKgccs-B5-V.bcmap                               0.14 kB
out/renderer/pdfjs/cmaps/HKm314-B5-V.bcmap                               0.14 kB
out/renderer/pdfjs/cmaps/HKm471-B5-V.bcmap                               0.14 kB
out/renderer/pdfjs/cmaps/UniCNS-UCS2-V.bcmap                             0.15 kB
out/renderer/pdfjs/cmaps/UniCNS-UTF16-V.bcmap                            0.15 kB
out/renderer/pdfjs/cmaps/UniCNS-UTF8-V.bcmap                             0.15 kB
out/renderer/pdfjs/cmaps/ETHK-B5-V.bcmap                                 0.15 kB
out/renderer/pdfjs/cmaps/ETen-B5-V.bcmap                                 0.15 kB
out/renderer/pdfjs/cmaps/HKscs-B5-V.bcmap                                0.15 kB
out/renderer/pdfjs/cmaps/KSC-V.bcmap                                     0.16 kB
out/renderer/pdfjs/cmaps/UniCNS-UTF32-V.bcmap                            0.16 kB
out/renderer/pdfjs/cmaps/KSC-EUC-V.bcmap                                 0.16 kB
out/renderer/pdfjs/cmaps/UniKS-UTF16-V.bcmap                             0.16 kB
out/renderer/pdfjs/cmaps/KSC-Johab-V.bcmap                               0.16 kB
out/renderer/pdfjs/cmaps/KSCms-UHC-V.bcmap                               0.16 kB
out/renderer/pdfjs/cmaps/KSCpc-EUC-V.bcmap                               0.16 kB
out/renderer/pdfjs/cmaps/V.bcmap                                         0.16 kB
out/renderer/pdfjs/cmaps/UniKS-UTF32-V.bcmap                             0.16 kB
out/renderer/pdfjs/cmaps/78-V.bcmap                                      0.16 kB
out/renderer/pdfjs/cmaps/KSCms-UHC-HW-V.bcmap                            0.16 kB
out/renderer/pdfjs/cmaps/UniKS-UTF8-V.bcmap                              0.16 kB
out/renderer/pdfjs/cmaps/EUC-V.bcmap                                     0.17 kB
out/renderer/pdfjs/cmaps/RKSJ-V.bcmap                                    0.17 kB
out/renderer/pdfjs/cmaps/ETenms-B5-V.bcmap                               0.17 kB
out/renderer/pdfjs/cmaps/78-EUC-V.bcmap                                  0.17 kB
out/renderer/pdfjs/cmaps/78-RKSJ-V.bcmap                                 0.17 kB
out/renderer/pdfjs/cmaps/GB-V.bcmap                                      0.17 kB
out/renderer/pdfjs/cmaps/GBT-V.bcmap                                     0.17 kB
out/renderer/pdfjs/cmaps/UniGB-UTF16-V.bcmap                             0.17 kB
out/renderer/pdfjs/cmaps/UniKS-UCS2-V.bcmap                              0.17 kB
out/renderer/pdfjs/cmaps/GB-EUC-V.bcmap                                  0.17 kB
out/renderer/pdfjs/cmaps/WP-Symbol.bcmap                                 0.17 kB
out/renderer/pdfjs/cmaps/GBK-EUC-V.bcmap                                 0.18 kB
out/renderer/pdfjs/cmaps/GBT-EUC-V.bcmap                                 0.18 kB
out/renderer/pdfjs/cmaps/GBKp-EUC-V.bcmap                                0.18 kB
out/renderer/pdfjs/cmaps/GBpc-EUC-V.bcmap                                0.18 kB
out/renderer/pdfjs/cmaps/UniGB-UTF8-V.bcmap                              0.18 kB
out/renderer/pdfjs/cmaps/GBTpc-EUC-V.bcmap                               0.18 kB
out/renderer/pdfjs/cmaps/UniGB-UTF32-V.bcmap                             0.18 kB
out/renderer/pdfjs/cmaps/UniGB-UCS2-V.bcmap                              0.19 kB
out/renderer/pdfjs/cmaps/Ext-V.bcmap                                     0.21 kB
out/renderer/pdfjs/cmaps/Adobe-GB1-0.bcmap                               0.21 kB
out/renderer/pdfjs/cmaps/Ext-RKSJ-V.bcmap                                0.21 kB
out/renderer/pdfjs/cmaps/GBK2K-V.bcmap                                   0.21 kB
out/renderer/pdfjs/cmaps/Adobe-Japan1-0.bcmap                            0.22 kB
out/renderer/pdfjs/cmaps/Adobe-Japan1-1.bcmap                            0.22 kB
out/renderer/pdfjs/cmaps/Adobe-Japan1-2.bcmap                            0.23 kB
out/renderer/pdfjs/cmaps/Adobe-Korea1-0.bcmap                            0.24 kB
out/renderer/pdfjs/cmaps/Adobe-Japan1-3.bcmap                            0.24 kB
out/renderer/pdfjs/cmaps/Adobe-GB1-1.bcmap                               0.25 kB
out/renderer/pdfjs/cmaps/NWP-V.bcmap                                     0.25 kB
out/renderer/pdfjs/cmaps/90pv-RKSJ-V.bcmap                               0.26 kB
out/renderer/pdfjs/cmaps/Add-V.bcmap                                     0.28 kB
out/renderer/pdfjs/cmaps/Add-RKSJ-V.bcmap                                0.28 kB
out/renderer/pdfjs/cmaps/78ms-RKSJ-V.bcmap                               0.29 kB
out/renderer/pdfjs/cmaps/90ms-RKSJ-V.bcmap                               0.29 kB
out/renderer/pdfjs/cmaps/90msp-RKSJ-V.bcmap                              0.29 kB
out/renderer/pdfjs/cmaps/Adobe-CNS1-0.bcmap                              0.31 kB
out/renderer/pdfjs/cmaps/Adobe-Japan1-4.bcmap                            0.33 kB
out/renderer/pdfjs/cmaps/Adobe-CNS1-1.bcmap                              0.37 kB
out/renderer/pdfjs/cmaps/Adobe-CNS1-2.bcmap                              0.37 kB
out/renderer/pdfjs/cmaps/Adobe-Korea1-1.bcmap                            0.38 kB
out/renderer/pdfjs/cmaps/Adobe-Korea1-2.bcmap                            0.39 kB
out/renderer/pdfjs/cmaps/Adobe-CNS1-3.bcmap                              0.40 kB
out/renderer/pdfjs/cmaps/Adobe-CNS1-4.bcmap                              0.40 kB
out/renderer/pdfjs/cmaps/Adobe-CNS1-5.bcmap                              0.40 kB
out/renderer/pdfjs/cmaps/Adobe-CNS1-6.bcmap                              0.40 kB
out/renderer/pdfjs/cmaps/Adobe-Japan1-5.bcmap                            0.43 kB
out/renderer/pdfjs/cmaps/Adobe-GB1-2.bcmap                               0.46 kB
out/renderer/pdfjs/cmaps/Adobe-GB1-3.bcmap                               0.47 kB
out/renderer/pdfjs/cmaps/Adobe-Japan1-6.bcmap                            0.48 kB
out/renderer/pdfjs/cmaps/CNS2-H.bcmap                                    0.50 kB
out/renderer/pdfjs/cmaps/GB-H.bcmap                                      0.52 kB
out/renderer/pdfjs/cmaps/RKSJ-H.bcmap                                    0.53 kB
out/renderer/pdfjs/cmaps/GB-EUC-H.bcmap                                  0.54 kB
out/renderer/pdfjs/cmaps/H.bcmap                                         0.55 kB
out/renderer/pdfjs/cmaps/GBpc-EUC-H.bcmap                                0.55 kB
out/renderer/pdfjs/cmaps/EUC-H.bcmap                                     0.57 kB
out/renderer/pdfjs/cmaps/Adobe-GB1-4.bcmap                               0.60 kB
out/renderer/pdfjs/cmaps/Adobe-GB1-5.bcmap                               0.62 kB
out/renderer/pdfjs/cmaps/UniJIS-UTF16-V.bcmap                            0.64 kB
out/renderer/pdfjs/cmaps/UniJIS2004-UTF16-V.bcmap                        0.64 kB
out/renderer/pdfjs/cmaps/UniJIS-UCS2-V.bcmap                             0.66 kB
out/renderer/pdfjs/cmaps/UniJIS-UTF32-V.bcmap                            0.67 kB
out/renderer/pdfjs/cmaps/UniJIS-UTF8-V.bcmap                             0.67 kB
out/renderer/pdfjs/cmaps/UniJIS-UCS2-HW-V.bcmap                          0.68 kB
out/renderer/pdfjs/cmaps/UniJIS2004-UTF32-V.bcmap                        0.68 kB
out/renderer/pdfjs/cmaps/UniJIS2004-UTF8-V.bcmap                         0.68 kB
out/renderer/pdfjs/cmaps/UniJISX0213-UTF32-V.bcmap                       0.68 kB
out/renderer/pdfjs/cmaps/UniJISX02132004-UTF32-V.bcmap                   0.68 kB
out/renderer/pdfjs/cmaps/UniJISPro-UCS2-V.bcmap                          0.68 kB
out/renderer/pdfjs/cmaps/UniJISPro-UCS2-HW-V.bcmap                       0.70 kB
out/renderer/pdfjs/cmaps/CNS1-H.bcmap                                    0.70 kB
out/renderer/pdfjs/cmaps/90msp-RKSJ-H.bcmap                              0.71 kB
out/renderer/pdfjs/cmaps/90ms-RKSJ-H.bcmap                               0.72 kB
out/renderer/pdfjs/cmaps/UniJISPro-UTF8-V.bcmap                          0.72 kB
out/renderer/account.html                                                0.89 kB │ gzip:     0.36 kB
out/renderer/pdfjs/cmaps/83pv-RKSJ-H.bcmap                               0.90 kB
out/renderer/pdfjs/cmaps/90pv-RKSJ-H.bcmap                               0.98 kB
out/renderer/pdfjs/cmaps/B5-H.bcmap                                      1.08 kB
out/renderer/pdfjs/cmaps/B5pc-H.bcmap                                    1.09 kB
out/renderer/pdfjs/cmaps/ETen-B5-H.bcmap                                 1.12 kB
out/renderer/pdfjs/cmaps/HKm314-B5-H.bcmap                               1.77 kB
out/renderer/pdfjs/cmaps/CNS-EUC-H.bcmap                                 1.78 kB
out/renderer/pdfjs/cmaps/KSC-H.bcmap                                     1.83 kB
out/renderer/pdfjs/cmaps/KSC-EUC-H.bcmap                                 1.84 kB
out/renderer/pdfjs/cmaps/CNS-EUC-V.bcmap                                 1.92 kB
out/renderer/pdfjs/cmaps/KSCpc-EUC-H.bcmap                               2.02 kB
out/renderer/pdfjs/cmaps/HKm471-B5-H.bcmap                               2.17 kB
out/renderer/pdfjs/cmaps/HKgccs-B5-H.bcmap                               2.29 kB
out/renderer/pdfjs/cmaps/78-H.bcmap                                      2.37 kB
out/renderer/pdfjs/cmaps/78-RKSJ-H.bcmap                                 2.39 kB
out/renderer/pdfjs/cmaps/78-EUC-H.bcmap                                  2.40 kB
out/renderer/pdfjs/cmaps/Add-RKSJ-H.bcmap                                2.41 kB
out/renderer/pdfjs/cmaps/HKdlb-B5-H.bcmap                                2.41 kB
out/renderer/pdfjs/cmaps/Add-H.bcmap                                     2.41 kB
out/renderer/pdfjs/cmaps/Ext-H.bcmap                                     2.53 kB
out/renderer/pdfjs/cmaps/Ext-RKSJ-H.bcmap                                2.54 kB
out/renderer/pdfjs/cmaps/78ms-RKSJ-H.bcmap                               2.65 kB
out/renderer/pdfjs/cmaps/HKdla-B5-H.bcmap                                2.65 kB
out/renderer/assets/workspaceFileSearchFilter.worker-OQwPzeVM.js         2.65 kB
out/renderer/pdfjs/cmaps/NWP-H.bcmap                                     2.76 kB
out/renderer/pdfjs/cmaps/KSCms-UHC-H.bcmap                               2.78 kB
out/renderer/pdfjs/cmaps/KSCms-UHC-HW-H.bcmap                            2.78 kB
out/renderer/cua-permission-panel.html                                   3.83 kB │ gzip:     1.53 kB
out/renderer/assets/KaTeX_Size3-Regular-CTq5MqoE.woff                    4.42 kB
out/renderer/pdfjs/cmaps/ETHK-B5-H.bcmap                                 4.42 kB
out/renderer/pdfjs/cmaps/HKscs-B5-H.bcmap                                4.43 kB
out/renderer/assets/KaTeX_Size4-Regular-Dl5lxZxV.woff2                   4.92 kB
out/renderer/assets/model-provider-moonshot-kimi-k9BDmLI_.png            4.99 kB
out/renderer/assets/KaTeX_Size2-Regular-Dy4dx90m.woff2                   5.20 kB
out/renderer/assets/KaTeX_Size1-Regular-mCD8mA8B.woff2                   5.46 kB
out/renderer/assets/KaTeX_Size4-Regular-BF-4gkZK.woff                    5.98 kB
out/renderer/assets/KaTeX_Size2-Regular-oD1tc_U0.woff                    6.18 kB
out/renderer/assets/KaTeX_Size1-Regular-C195tn64.woff                    6.49 kB
out/renderer/assets/terminal-C6Bd1jeQ.png                                6.71 kB
out/renderer/assets/KaTeX_Caligraphic-Regular-Di6jR-x-.woff2             6.90 kB
out/renderer/assets/KaTeX_Caligraphic-Bold-Dq_IR9rO.woff2                6.91 kB
out/renderer/pdfjs/cmaps/GBT-H.bcmap                                     7.26 kB
out/renderer/pdfjs/cmaps/GBT-EUC-H.bcmap                                 7.29 kB
out/renderer/pdfjs/cmaps/GBTpc-EUC-H.bcmap                               7.29 kB
out/renderer/assets/image-search-DCThk39K.png                            7.51 kB
out/renderer/assets/KaTeX_Size3-Regular-DgpXs0kz.ttf                     7.58 kB
out/renderer/assets/KaTeX_Caligraphic-Regular-CTRA-rTL.woff              7.65 kB
out/renderer/assets/KaTeX_Caligraphic-Bold-BEiXGLvX.woff                 7.71 kB
out/renderer/assets/feishu-CCgK6olr.png                                  8.06 kB
out/renderer/assets/model-provider-zai-app-CL3KEqFX.png                  8.78 kB
out/renderer/assets/spreadsheets@2x-CabATt4c.png                         9.50 kB
out/renderer/assets/spreadsheets-Dd4d3fMm.png                            9.50 kB
out/renderer/assets/KaTeX_Script-Regular-D3wIWfF6.woff2                  9.64 kB
out/renderer/assets/presentations-CuyJxtRR.png                           9.66 kB
out/renderer/assets/documents@2x-CPhkfIfU.png                            9.71 kB
out/renderer/assets/documents-DrPsuPJf.png                               9.74 kB
out/renderer/assets/pdf@2x-CMAdO9B0.png                                  9.74 kB
out/renderer/assets/pdf-CQM2rvTK.png                                     9.81 kB
out/renderer/assets/KaTeX_SansSerif-Regular-DDBCnlJ7.woff2              10.34 kB
out/renderer/assets/KaTeX_Size4-Regular-DWFBv043.ttf                    10.36 kB
out/renderer/assets/KaTeX_Script-Regular-D5yQViql.woff                  10.58 kB
out/renderer/assets/KaTeX_Fraktur-Regular-CTYiF6lA.woff2                11.31 kB
out/renderer/assets/KaTeX_Fraktur-Bold-CL6g_b3V.woff2                   11.34 kB
out/renderer/assets/KaTeX_Size2-Regular-B7gKUWhC.ttf                    11.50 kB
out/renderer/assets/task-notification-pop-qiQ1Ge3C.mp3                  11.81 kB
out/renderer/assets/KaTeX_SansSerif-Italic-C3H0VqGB.woff2               12.02 kB
out/renderer/assets/KaTeX_SansSerif-Bold-D1sUS0GD.woff2                 12.21 kB
out/renderer/assets/KaTeX_Size1-Regular-Dbsnue_I.ttf                    12.22 kB
out/renderer/assets/KaTeX_SansSerif-Regular-CS6fqUqJ.woff               12.31 kB
out/renderer/assets/KaTeX_Caligraphic-Regular-wX97UBjC.ttf              12.34 kB
out/renderer/assets/KaTeX_Caligraphic-Bold-ATXxdsX0.ttf                 12.36 kB
out/renderer/assets/finder-B1T_P_VR.png                                 12.67 kB
out/renderer/assets/KaTeX_Fraktur-Regular-Dxdc4cR9.woff                 13.20 kB
out/renderer/assets/KaTeX_Fraktur-Bold-BsDP51OF.woff                    13.29 kB
out/renderer/assets/KaTeX_Typewriter-Regular-CO6r4hn1.woff2             13.56 kB
out/renderer/assets/plugin-creator-Bb4PHfyz.png                         13.65 kB
out/renderer/assets/KaTeX_SansSerif-Italic-DN2j7dab.woff                14.11 kB
out/renderer/assets/KaTeX_SansSerif-Bold-DbIhKOiC.woff                  14.40 kB
out/renderer/pdfjs/cmaps/GBKp-EUC-H.bcmap                               14.68 kB
out/renderer/pdfjs/cmaps/GBK-EUC-H.bcmap                                14.69 kB
out/renderer/assets/docx-import-worker-oPk-zLr5.js                      14.85 kB
out/renderer/assets/KaTeX_Typewriter-Regular-C0xS9mPB.woff              16.02 kB
out/renderer/assets/KaTeX_Math-BoldItalic-CZnvNsCZ.woff2                16.40 kB
out/renderer/assets/KaTeX_Math-Italic-t53AETM-.woff2                    16.44 kB
out/renderer/assets/KaTeX_Script-Regular-C5JkGWo-.ttf                   16.64 kB
out/renderer/assets/KaTeX_Main-BoldItalic-DxDJ3AOS.woff2                16.78 kB
out/renderer/pdfjs/cmaps/KSC-Johab-H.bcmap                              16.79 kB
out/renderer/assets/KaTeX_Main-Italic-NWA7e6Wa.woff2                    16.98 kB
out/renderer/assets/KaTeX_Math-BoldItalic-iY-2wyZ7.woff                 18.66 kB
out/renderer/assets/KaTeX_Math-Italic-DA0__PXp.woff                     18.74 kB
out/renderer/assets/KaTeX_Main-BoldItalic-SpSLRI95.woff                 19.41 kB
out/renderer/assets/KaTeX_SansSerif-Regular-BNo7hRIc.ttf                19.43 kB
out/renderer/assets/KaTeX_Fraktur-Regular-CB_wures.ttf                  19.57 kB
out/renderer/assets/KaTeX_Fraktur-Bold-BdnERNNW.ttf                     19.58 kB
out/renderer/pdfjs/cmaps/GBK2K-H.bcmap                                  19.66 kB
out/renderer/assets/KaTeX_Main-Italic-BMLOBm91.woff                     19.67 kB
out/renderer/assets/KaTeX_SansSerif-Italic-YYjJ1zSn.ttf                 22.36 kB
out/renderer/pdfjs/cmaps/Adobe-Korea1-UCS2.bcmap                        23.29 kB
out/renderer/resource-manager.html                                      23.53 kB │ gzip:     4.01 kB
out/renderer/assets/KaTeX_SansSerif-Bold-CFMepnvq.ttf                   24.50 kB
out/renderer/assets/KaTeX_Main-Bold-Cx986IdX.woff2                      25.32 kB
out/renderer/pdfjs/cmaps/UniJIS-UCS2-H.bcmap                            25.43 kB
out/renderer/pdfjs/cmaps/UniKS-UCS2-H.bcmap                             25.78 kB
out/renderer/assets/KaTeX_Main-Regular-B22Nviop.woff2                   26.27 kB
out/renderer/pdfjs/cmaps/UniKS-UTF16-H.bcmap                            26.32 kB
out/renderer/pdfjs/cmaps/UniKS-UTF32-H.bcmap                            26.45 kB
out/renderer/index.html                                                 26.56 kB │ gzip:     5.22 kB
out/renderer/assets/KaTeX_Typewriter-Regular-D3Ib7_Hf.ttf               27.55 kB
out/renderer/pdfjs/cmaps/UniKS-UTF8-H.bcmap                             27.79 kB
out/renderer/assets/KaTeX_AMS-Regular-BQhdFMY1.woff2                    28.07 kB
out/renderer/assets/KaTeX_Main-Bold-Jm3AIy58.woff                       29.91 kB
out/renderer/assets/KaTeX_Main-Regular-Dr94JaBh.woff                    30.77 kB
out/renderer/assets/KaTeX_Math-BoldItalic-B3XSjfu4.ttf                  31.19 kB
out/renderer/assets/KaTeX_Math-Italic-flOr_0UB.ttf                      31.30 kB
out/renderer/assets/KaTeX_Main-BoldItalic-DzxPMmG6.ttf                  32.96 kB
out/renderer/assets/KaTeX_AMS-Regular-DMm9YOAa.woff                     33.51 kB
out/renderer/assets/KaTeX_Main-Italic-3WenGoN9.ttf                      33.58 kB
out/renderer/pdfjs/cmaps/Adobe-GB1-UCS2.bcmap                           33.97 kB
out/renderer/pdfjs/cmaps/UniJIS-UTF16-H.bcmap                           39.44 kB
out/renderer/pdfjs/cmaps/UniJIS2004-UTF16-H.bcmap                       39.53 kB
out/renderer/pdfjs/cmaps/UniJISX0213-UTF32-H.bcmap                      40.51 kB
out/renderer/pdfjs/cmaps/UniJIS-UTF32-H.bcmap                           40.53 kB
out/renderer/pdfjs/cmaps/UniJISX02132004-UTF32-H.bcmap                  40.60 kB
out/renderer/pdfjs/cmaps/UniJIS2004-UTF32-H.bcmap                       40.63 kB
out/renderer/pdfjs/cmaps/Adobe-Japan1-UCS2.bcmap                        40.95 kB
out/renderer/pdfjs/cmaps/Adobe-CNS1-UCS2.bcmap                          41.19 kB
out/renderer/pdfjs/cmaps/UniJIS-UTF8-H.bcmap                            41.69 kB
out/renderer/pdfjs/cmaps/UniJIS2004-UTF8-H.bcmap                        41.77 kB
out/renderer/pdfjs/cmaps/UniGB-UCS2-H.bcmap                             43.36 kB
out/renderer/pdfjs/cmaps/UniGB-UTF16-H.bcmap                            44.08 kB
out/renderer/pdfjs/cmaps/UniGB-UTF32-H.bcmap                            45.73 kB
out/renderer/pdfjs/cmaps/UniGB-UTF8-H.bcmap                             46.83 kB
out/renderer/pdfjs/cmaps/UniCNS-UCS2-H.bcmap                            48.28 kB
out/renderer/pdfjs/cmaps/UniCNS-UTF16-H.bcmap                           50.41 kB
out/renderer/assets/KaTeX_Main-Bold-waoOVXN0.ttf                        51.33 kB
out/renderer/pdfjs/cmaps/UniCNS-UTF32-H.bcmap                           52.67 kB
out/renderer/assets/KaTeX_Main-Regular-ypZvNtVU.ttf                     53.58 kB
out/renderer/pdfjs/cmaps/UniCNS-UTF8-H.bcmap                            53.62 kB
out/renderer/assets/KaTeX_AMS-Regular-DRggAlZN.ttf                      63.63 kB
out/renderer/assets/xlsx-worker-DJiDdvsD.js                            132.12 kB
out/renderer/assets/icon_512@2x-BnwZhfO-.png                           215.70 kB
out/renderer/assets/icon-glm-for-dark-gaDfAQcT.png                     223.61 kB
out/renderer/assets/icon-glm-for-light-Dsx5dwqA.png                    223.80 kB
out/renderer/assets/diffs.worker-CAavpt0L.js                           827.86 kB
out/renderer/assets/pdf.worker.min-qwK7q_zL.mjs                      1,046.21 kB
out/renderer/assets/docx_wasm_bg-HWnIvdMf.wasm                       1,119.33 kB │ gzip:   443.20 kB
out/renderer/assets/duke_sheets_wasm_bg-BCCK9PkU.wasm                4,345.44 kB │ gzip: 1,663.17 kB
out/renderer/assets/pdf-viewer-Dgb4oCkS.css                              1.49 kB │ gzip:     0.59 kB
out/renderer/assets/styles-wkDHEZ4p.css                                396.81 kB │ gzip:    63.84 kB
out/renderer/assets/mermaid-GHXKKRXX-BLEieH3L.js                         0.07 kB │ gzip:     0.08 kB
out/renderer/assets/x-CUCh1YXs.js                                        0.07 kB │ gzip:     0.08 kB
out/renderer/assets/ban--Y2x5-Y0.js                                      0.07 kB │ gzip:     0.08 kB
out/renderer/assets/bot-CMqbpH4F.js                                      0.07 kB │ gzip:     0.08 kB
out/renderer/assets/bug-tVUDXATW.js                                      0.07 kB │ gzip:     0.08 kB
out/renderer/assets/cpu-BfpxHFcZ.js                                      0.07 kB │ gzip:     0.08 kB
out/renderer/assets/eye-CVXYvXkL.js                                      0.07 kB │ gzip:     0.08 kB
out/renderer/assets/map-B0YeQD5D.js                                      0.07 kB │ gzip:     0.08 kB
out/renderer/assets/pin-ByGOpod3.js                                      0.07 kB │ gzip:     0.08 kB
out/renderer/assets/sun-DnSndm3T.js                                      0.07 kB │ gzip:     0.08 kB
out/renderer/assets/tag-DT0Q5wDr.js                                      0.07 kB │ gzip:     0.08 kB
out/renderer/assets/copy-BlAFU2hI.js                                     0.07 kB │ gzip:     0.09 kB
out/renderer/assets/file-CaeSs8Du.js                                     0.07 kB │ gzip:     0.09 kB
out/renderer/assets/gift-CMO_wecT.js                                     0.07 kB │ gzip:     0.09 kB
out/renderer/assets/goal-BiKbkesi.js                                     0.07 kB │ gzip:     0.09 kB
out/renderer/assets/hand-BMnbo2oD.js                                     0.07 kB │ gzip:     0.09 kB
out/renderer/assets/hash-BxMJ1CXL.js                                     0.07 kB │ gzip:     0.09 kB
out/renderer/assets/info-BckYtyPO.js                                     0.07 kB │ gzip:     0.09 kB
out/renderer/assets/list-Co7SrqZx.js                                     0.07 kB │ gzip:     0.09 kB
out/renderer/assets/lock-dskb4JaM.js                                     0.07 kB │ gzip:     0.09 kB
out/renderer/assets/moon-BuHLCfBS.js                                     0.07 kB │ gzip:     0.09 kB
out/renderer/assets/play-B3ui_zOQ.js                                     0.07 kB │ gzip:     0.09 kB
out/renderer/assets/plug-BxwRPpVJ.js                                     0.07 kB │ gzip:     0.09 kB
out/renderer/assets/plus-DWYMCqJn.js                                     0.07 kB │ gzip:     0.09 kB
out/renderer/assets/save-RvQ9K0np.js                                     0.07 kB │ gzip:     0.09 kB
out/renderer/assets/send-D4vsyFak.js                                     0.07 kB │ gzip:     0.09 kB
out/renderer/assets/user-nYkcPuiD.js                                     0.07 kB │ gzip:     0.09 kB
out/renderer/assets/brain-BINbQ_DN.js                                    0.07 kB │ gzip:     0.09 kB
out/renderer/assets/cable-Dz10bacw.js                                    0.07 kB │ gzip:     0.09 kB
out/renderer/assets/check-4xtBnK_f.js                                    0.07 kB │ gzip:     0.09 kB
out/renderer/assets/clock-C_hlr_hf.js                                    0.07 kB │ gzip:     0.09 kB
out/renderer/assets/cloud-D-YSKd2m.js                                    0.07 kB │ gzip:     0.09 kB
out/renderer/assets/crown-WC2kfBX0.js                                    0.07 kB │ gzip:     0.09 kB
out/renderer/assets/earth-CGbjw4-w.js                                    0.07 kB │ gzip:     0.09 kB
out/renderer/assets/files-JevadLfd.js                                    0.07 kB │ gzip:     0.09 kB
out/renderer/assets/gauge-C-6FxEez.js                                    0.07 kB │ gzip:     0.09 kB
out/renderer/assets/globe-BdYbSahj.js                                    0.07 kB │ gzip:     0.09 kB
out/renderer/assets/house-CaYwx6lF.js                                    0.07 kB │ gzip:     0.09 kB
out/renderer/assets/image-CEWOW3Nh.js                                    0.07 kB │ gzip:     0.09 kB
out/renderer/assets/inbox-CyG0dcvX.js                                    0.07 kB │ gzip:     0.09 kB
out/renderer/assets/minus-bV8qeg9c.js                                    0.07 kB │ gzip:     0.09 kB
out/renderer/assets/pause-CZ85TFKB.js                                    0.07 kB │ gzip:     0.09 kB
out/renderer/assets/power-BhVAUhus.js                                    0.07 kB │ gzip:     0.09 kB
out/renderer/assets/quote-BaZJIfeo.js                                    0.07 kB │ gzip:     0.09 kB
out/renderer/assets/reply-BjJFMN90.js                                    0.07 kB │ gzip:     0.09 kB
out/renderer/assets/route-D-MW-Gnw.js                                    0.07 kB │ gzip:     0.09 kB
out/renderer/assets/scale-Cp5k3Yrm.js                                    0.07 kB │ gzip:     0.09 kB
out/renderer/assets/share-ulbQ7S22.js                                    0.07 kB │ gzip:     0.09 kB
out/renderer/assets/store-DzBH9lhj.js                                    0.07 kB │ gzip:     0.09 kB
out/renderer/assets/table-CYpDYHuR.js                                    0.07 kB │ gzip:     0.09 kB
out/renderer/assets/users-DeFhWEoZ.js                                    0.07 kB │ gzip:     0.09 kB
out/renderer/assets/video-gr-_eZSV.js                                    0.07 kB │ gzip:     0.09 kB
out/renderer/assets/anchor-DiJPUjc9.js                                   0.08 kB │ gzip:     0.09 kB
out/renderer/assets/blocks-j8XlU-9W.js                                   0.08 kB │ gzip:     0.09 kB
out/renderer/assets/circle-DfzUVuQb.js                                   0.08 kB │ gzip:     0.09 kB
out/renderer/assets/eraser-Dsq7NJlg.js                                   0.08 kB │ gzip:     0.09 kB
out/renderer/assets/folder-B-Sgo4Og.js                                   0.08 kB │ gzip:     0.09 kB
out/renderer/assets/import-TI0lSGJa.js                                   0.08 kB │ gzip:     0.08 kB
out/renderer/assets/loader-CoWZYkEE.js                                   0.08 kB │ gzip:     0.09 kB
out/renderer/assets/log-in-Cy_SD-Is.js                                   0.08 kB │ gzip:     0.09 kB
out/renderer/assets/pencil-DYG9drjH.js                                   0.08 kB │ gzip:     0.09 kB
out/renderer/assets/redo-2-QlGO5Rpy.js                                   0.08 kB │ gzip:     0.09 kB
out/renderer/assets/rocket-BqlGnxFI.js                                   0.08 kB │ gzip:     0.09 kB
out/renderer/assets/search-B_Yq-7QV.js                                   0.08 kB │ gzip:     0.09 kB
out/renderer/assets/server-CM-DwmBX.js                                   0.08 kB │ gzip:     0.09 kB
out/renderer/assets/square-GuZj28QC.js                                   0.08 kB │ gzip:     0.09 kB
out/renderer/assets/target-D09k--jq.js                                   0.08 kB │ gzip:     0.09 kB
out/renderer/assets/undo-2-C3mizoCw.js                                   0.08 kB │ gzip:     0.09 kB
out/renderer/assets/unplug-DE1NG680.js                                   0.08 kB │ gzip:     0.09 kB
out/renderer/assets/upload-Dz0E6Wfq.js                                   0.08 kB │ gzip:     0.09 kB
out/renderer/assets/wrench-BLr5C-FE.js                                   0.08 kB │ gzip:     0.09 kB
out/renderer/assets/archive-BMTCeJVK.js                                  0.08 kB │ gzip:     0.09 kB
out/renderer/assets/astroid-C1Ek1XRS.js                                  0.08 kB │ gzip:     0.09 kB
out/renderer/assets/clock-3-BxjnSQPe.js                                  0.08 kB │ gzip:     0.09 kB
out/renderer/assets/eye-off-DI8Hs1yj.js                                  0.08 kB │ gzip:     0.09 kB
out/renderer/assets/history-ftX-1u6N.js                                  0.08 kB │ gzip:     0.09 kB
out/renderer/assets/library-CbOG2ncM.js                                  0.08 kB │ gzip:     0.09 kB
out/renderer/assets/log-out-BOA_vvnz.js                                  0.08 kB │ gzip:     0.09 kB
out/renderer/assets/monitor-DnxTtdPl.js                                  0.08 kB │ gzip:     0.09 kB
out/renderer/assets/music-2-Hu3VvegP.js                                  0.08 kB │ gzip:     0.09 kB
out/renderer/assets/network-BAUkrFCZ.js                                  0.08 kB │ gzip:     0.09 kB
out/renderer/assets/package-ptZnVBCy.js                                  0.08 kB │ gzip:     0.09 kB
out/renderer/assets/palette-t5cNLnIA.js                                  0.08 kB │ gzip:     0.09 kB
out/renderer/assets/trash-2-CTLzJ_2h.js                                  0.08 kB │ gzip:     0.09 kB
out/renderer/assets/zoom-in-BfUGEL0Q.js                                  0.08 kB │ gzip:     0.09 kB
out/renderer/assets/activity-CeOMBNAq.js                                 0.08 kB │ gzip:     0.09 kB
out/renderer/assets/arrow-up-Dg3aUjyO.js                                 0.08 kB │ gzip:     0.09 kB
out/renderer/assets/circle-x-CtytaYjG.js                                 0.08 kB │ gzip:     0.09 kB
out/renderer/assets/code-xml-BdjDOoV_.js                                 0.08 kB │ gzip:     0.09 kB
out/renderer/assets/database-BKDFZ2KG.js                                 0.08 kB │ gzip:     0.09 kB
out/renderer/assets/download-B5eP6sL7.js                                 0.08 kB │ gzip:     0.09 kB
out/renderer/assets/ellipsis-BiH8Pdfc.js                                 0.08 kB │ gzip:     0.09 kB
out/renderer/assets/keyboard-Cx6HEuKq.js                                 0.08 kB │ gzip:     0.09 kB
out/renderer/assets/maximize--w0X6Ht6.js                                 0.08 kB │ gzip:     0.09 kB
out/renderer/assets/pen-tool-DCymtyB9.js                                 0.08 kB │ gzip:     0.09 kB
out/renderer/assets/repeat-2-BmywAC-x.js                                 0.08 kB │ gzip:     0.09 kB
out/renderer/assets/settings-CdyOR86h.js                                 0.08 kB │ gzip:     0.09 kB
out/renderer/assets/sparkles-CnHIAAPi.js                                 0.08 kB │ gzip:     0.09 kB
out/renderer/assets/terminal-DpAQkAqE.js                                 0.08 kB │ gzip:     0.09 kB
out/renderer/assets/workflow-D-sm5wvD.js                                 0.08 kB │ gzip:     0.09 kB
out/renderer/assets/zoom-out-CO13Rvgf.js                                 0.08 kB │ gzip:     0.09 kB
out/renderer/assets/archive-x-W0rzZUQ9.js                                0.08 kB │ gzip:     0.09 kB
out/renderer/assets/book-open-AajVXRrD.js                                0.08 kB │ gzip:     0.09 kB
out/renderer/assets/file-diff-3j5svLyZ.js                                0.08 kB │ gzip:     0.09 kB
out/renderer/assets/file-down-CzGZq-X4.js                                0.08 kB │ gzip:     0.09 kB
out/renderer/assets/file-text-BvrAWkIX.js                                0.08 kB │ gzip:     0.09 kB
out/renderer/assets/git-graph-DY4Xu8_1.js                                0.08 kB │ gzip:     0.09 kB
out/renderer/assets/git-merge-CK1jNwvJ.js                                0.08 kB │ gzip:     0.09 kB
out/renderer/assets/hourglass-CfXCYro9.js                                0.08 kB │ gzip:     0.09 kB
out/renderer/assets/image-off-CsU2I31w.js                                0.08 kB │ gzip:     0.09 kB
out/renderer/assets/key-round-Cel_aBmr.js                                0.08 kB │ gzip:     0.09 kB
out/renderer/assets/lightbulb-BjTWLJ5E.js                                0.08 kB │ gzip:     0.09 kB
out/renderer/assets/list-todo-DRwYfD2q.js                                0.08 kB │ gzip:     0.09 kB
out/renderer/assets/list-tree-CvrasOTm.js                                0.08 kB │ gzip:     0.09 kB
out/renderer/assets/megaphone-BbdisaEz.js                                0.08 kB │ gzip:     0.09 kB
out/renderer/assets/paperclip-mU_hVQTW.js                                0.08 kB │ gzip:     0.09 kB
out/renderer/assets/text-wrap-xeOWyyoA.js                                0.08 kB │ gzip:     0.09 kB
out/renderer/assets/thumbs-up-BY2zpVQd.js                                0.08 kB │ gzip:     0.09 kB
out/renderer/assets/waypoints-DTIjQqGN.js                                0.08 kB │ gzip:     0.09 kB
out/renderer/assets/app-window-D3YEF5ry.js                               0.08 kB │ gzip:     0.09 kB
out/renderer/assets/arrow-down-B35P02C1.js                               0.08 kB │ gzip:     0.09 kB
out/renderer/assets/arrow-left-Dlj8QzAv.js                               0.08 kB │ gzip:     0.09 kB
out/renderer/assets/chart-line-CrEwF1Uc.js                               0.08 kB │ gzip:     0.09 kB
out/renderer/assets/chevron-up-D5Dt2zF7.js                               0.08 kB │ gzip:     0.09 kB
out/renderer/assets/file-clock-Nde7by34.js                               0.08 kB │ gzip:     0.09 kB
out/renderer/assets/git-branch-D7hjX9k-.js                               0.08 kB │ gzip:     0.09 kB
out/renderer/assets/hard-drive-OC6gExZ-.js                               0.08 kB │ gzip:     0.09 kB
out/renderer/assets/image-plus-Bnl2W6RN.js                               0.08 kB │ gzip:     0.09 kB
out/renderer/assets/maximize-2-CzsdMTI6.js                               0.08 kB │ gzip:     0.09 kB
out/renderer/assets/minimize-2-BSrU_jBB.js                               0.08 kB │ gzip:     0.09 kB
out/renderer/assets/monitor-up-Rub2J_oZ.js                               0.08 kB │ gzip:     0.09 kB
out/renderer/assets/refresh-cw-CD2l6k6h.js                               0.08 kB │ gzip:     0.09 kB
out/renderer/assets/rotate-ccw-nMIDQUj1.js                               0.08 kB │ gzip:     0.09 kB
out/renderer/assets/settings-2-BoFGoCST.js                               0.08 kB │ gzip:     0.09 kB
out/renderer/assets/smartphone-BKXCo4OT.js                               0.08 kB │ gzip:     0.09 kB
out/renderer/assets/user-round-ChDgWxpm.js                               0.08 kB │ gzip:     0.09 kB
out/renderer/assets/alarm-clock-DNLp2IAH.js                              0.08 kB │ gzip:     0.09 kB
out/renderer/assets/arrow-right-DJeNGeQ0.js                              0.08 kB │ gzip:     0.09 kB
out/renderer/assets/circle-play-C9UXwFPn.js                              0.08 kB │ gzip:     0.09 kB
out/renderer/assets/circle-plus-D29U5WA_.js                              0.08 kB │ gzip:     0.09 kB
out/renderer/assets/circle-stop-9rltWNkq.js                              0.08 kB │ gzip:     0.09 kB
out/renderer/assets/clock-alert-zrsNQOxt.js                              0.08 kB │ gzip:     0.09 kB
out/renderer/assets/file-output-DiH1SgYl.js                              0.08 kB │ gzip:     0.09 kB
out/renderer/assets/file-search-DMhkFEUa.js                              0.08 kB │ gzip:     0.09 kB
out/renderer/assets/folder-open-CIWGixkm.js                              0.08 kB │ gzip:     0.09 kB
out/renderer/assets/folder-plus-DPRD_451.js                              0.08 kB │ gzip:     0.09 kB
out/renderer/assets/list-checks-BTpwzH-E.js                              0.08 kB │ gzip:     0.09 kB
out/renderer/assets/list-filter-BElehER0.js                              0.08 kB │ gzip:     0.09 kB
out/renderer/assets/monitor-cog-tUCv81Iu.js                              0.08 kB │ gzip:     0.09 kB
out/renderer/assets/refresh-ccw-COtcNZCf.js                              0.08 kB │ gzip:     0.09 kB
out/renderer/assets/scroll-text-BOu3xsOq.js                              0.08 kB │ gzip:     0.09 kB
out/renderer/assets/square-code-Byp5FwqO.js                              0.08 kB │ gzip:     0.09 kB
out/renderer/assets/thumbs-down-1iQkrbPf.js                              0.08 kB │ gzip:     0.09 kB
out/renderer/assets/chart-column-DQfjutqU.js                             0.08 kB │ gzip:     0.09 kB
out/renderer/assets/chevron-down-CBTQmqC4.js                             0.08 kB │ gzip:     0.09 kB
out/renderer/assets/chevron-left-B595bnBB.js                             0.08 kB │ gzip:     0.09 kB
out/renderer/assets/circle-alert-BMUz_Gf8.js                             0.08 kB │ gzip:     0.09 kB
out/renderer/assets/circle-check-BPUZAR5h.js                             0.08 kB │ gzip:     0.09 kB
out/renderer/assets/circle-minus-D01AML4N.js                             0.08 kB │ gzip:     0.09 kB
out/renderer/assets/circle-pause-Bb9kIo6z.js                             0.08 kB │ gzip:     0.09 kB
out/renderer/assets/cloud-upload-BSoLKvfS.js                             0.08 kB │ gzip:     0.09 kB
out/renderer/assets/lock-keyhole-zOL6LEZY.js                             0.08 kB │ gzip:     0.09 kB
out/renderer/assets/monitor-play-CKAMbLCW.js                             0.08 kB │ gzip:     0.09 kB
out/renderer/assets/notepad-text-Gxu03Szb.js                             0.08 kB │ gzip:     0.09 kB
out/renderer/assets/package-open-CjvBPLn6.js                             0.08 kB │ gzip:     0.09 kB
out/renderer/assets/pencil-ruler-1FyxhHKp.js                             0.08 kB │ gzip:     0.09 kB
out/renderer/assets/presentation-DwxSLG1l.js                             0.08 kB │ gzip:     0.09 kB
out/renderer/assets/shield-alert-DT_C3nIp.js                             0.08 kB │ gzip:     0.09 kB
out/renderer/assets/shield-check-CwwtrhE8.js                             0.08 kB │ gzip:     0.09 kB
out/renderer/assets/square-slash-DNPE4TBi.js                             0.08 kB │ gzip:     0.09 kB
out/renderer/assets/calendar-days-BZ5LBY8y.js                            0.08 kB │ gzip:     0.09 kB
out/renderer/assets/chevron-right-DZVilxGr.js                            0.08 kB │ gzip:     0.09 kB
out/renderer/assets/chevrons-down-CwNpDtDJ.js                            0.08 kB │ gzip:     0.09 kB
out/renderer/assets/circle-dashed-CNBOCGha.js                            0.08 kB │ gzip:     0.09 kB
out/renderer/assets/external-link-CyzCehkG.js                            0.08 kB │ gzip:     0.09 kB
out/renderer/assets/file-pen-line-t8ABr41z.js                            0.08 kB │ gzip:     0.09 kB
out/renderer/assets/flask-conical-DHac9Mez.js                            0.08 kB │ gzip:     0.09 kB
out/renderer/assets/grip-vertical-BLSPATOF.js                            0.08 kB │ gzip:     0.09 kB
out/renderer/assets/loader-circle-C9QvkRhF.js                            0.08 kB │ gzip:     0.09 kB
out/renderer/assets/monitor-pause-fWLBIkWg.js                            0.08 kB │ gzip:     0.09 kB
out/renderer/assets/previewPanePdfContent-BAvkC1-L.js                    0.08 kB │ gzip:     0.09 kB
out/renderer/assets/square-kanban-CYxWd8Nm.js                            0.08 kB │ gzip:     0.09 kB
out/renderer/assets/wand-sparkles-B-ukndNI.js                            0.08 kB │ gzip:     0.09 kB
out/renderer/assets/arrow-up-right-D717T19z.js                           0.08 kB │ gzip:     0.10 kB
out/renderer/assets/book-open-text-CUAh2IZ7.js                           0.08 kB │ gzip:     0.10 kB
out/renderer/assets/calendar-clock-DsTYbPNJ.js                           0.08 kB │ gzip:     0.10 kB
out/renderer/assets/circle-slash-2-BQi5osyf.js                           0.08 kB │ gzip:     0.10 kB
out/renderer/assets/cloud-download-D9yXLOS_.js                           0.08 kB │ gzip:     0.10 kB
out/renderer/assets/folder-symlink-D6l9A09I.js                           0.08 kB │ gzip:     0.10 kB
out/renderer/assets/graduation-cap-BmVEqlHz.js                           0.08 kB │ gzip:     0.10 kB
out/renderer/assets/message-circle-Bsw5aXjC.js                           0.08 kB │ gzip:     0.10 kB
out/renderer/assets/message-square-DVp3-nbk.js                           0.08 kB │ gzip:     0.10 kB
out/renderer/assets/triangle-alert-CbDAFTwu.js                           0.08 kB │ gzip:     0.10 kB
out/renderer/assets/user-round-pen-BwWv4N4W.js                           0.08 kB │ gzip:     0.10 kB
out/renderer/assets/clipboard-check-CKwP0sfG.js                          0.08 kB │ gzip:     0.10 kB
out/renderer/assets/clipboard-paste-VgXyxaP8.js                          0.08 kB │ gzip:     0.10 kB
out/renderer/assets/grip-horizontal-CMOqbQft.js                          0.08 kB │ gzip:     0.10 kB
out/renderer/assets/messages-square-Dr4N23BX.js                          0.08 kB │ gzip:     0.10 kB
out/renderer/assets/mouse-pointer-2-BQSzn80W.js                          0.08 kB │ gzip:     0.10 kB
out/renderer/assets/panel-left-open-CWFmAj7X.js                          0.08 kB │ gzip:     0.10 kB
out/renderer/assets/panels-top-left-BBVJVfkf.js                          0.08 kB │ gzip:     0.10 kB
out/renderer/assets/previewPanePptxContent-CBFT1Lo6.js                   0.08 kB │ gzip:     0.09 kB
out/renderer/assets/square-terminal-3ft4ZC6n.js                          0.08 kB │ gzip:     0.10 kB
out/renderer/assets/arrow-right-left-1aZjQoHI.js                         0.09 kB │ gzip:     0.10 kB
out/renderer/assets/arrow-up-to-line-CeYvnoph.js                         0.09 kB │ gzip:     0.10 kB
out/renderer/assets/circle-check-big-DNZl8dIX.js                         0.09 kB │ gzip:     0.10 kB
out/renderer/assets/file-code-corner-BmB_VP8J.js                         0.09 kB │ gzip:     0.10 kB
out/renderer/assets/panel-left-close-L6M8CZm_.js                         0.09 kB │ gzip:     0.10 kB
out/renderer/assets/panel-right-open-DrntXm83.js                         0.09 kB │ gzip:     0.10 kB
out/renderer/assets/trending-up-down-DN_g-wlj.js                         0.09 kB │ gzip:     0.10 kB
out/renderer/assets/panel-right-close-BFK5D_To.js                        0.09 kB │ gzip:     0.10 kB
out/renderer/assets/arrow-down-to-line-BDwLppSb.js                       0.09 kB │ gzip:     0.10 kB
out/renderer/assets/arrow-up-from-line-B83voaKN.js                       0.09 kB │ gzip:     0.10 kB
out/renderer/assets/bot-message-square-DHbmo1jw.js                       0.09 kB │ gzip:     0.10 kB
out/renderer/assets/briefcase-business-C6rJ0iuR.js                       0.09 kB │ gzip:     0.10 kB
out/renderer/assets/clipboard-pen-line-Di-jN-E0.js                       0.09 kB │ gzip:     0.10 kB
out/renderer/assets/monitor-smartphone-BJTXaxQ9.js                       0.09 kB │ gzip:     0.10 kB
out/renderer/assets/sliders-horizontal-DiZhU7ZL.js                       0.09 kB │ gzip:     0.10 kB
out/renderer/assets/arrow-right-to-line-BQemrGJo.js                      0.09 kB │ gzip:     0.10 kB
out/renderer/assets/git-commit-vertical-0bwWf0fq.js                      0.09 kB │ gzip:     0.10 kB
out/renderer/assets/message-circle-plus-BCYXOiA9.js                      0.09 kB │ gzip:     0.10 kB
out/renderer/assets/message-square-text-CzUoCZWD.js                      0.09 kB │ gzip:     0.10 kB
out/renderer/assets/mouse-pointer-click-BsJg-Aqu.js                      0.09 kB │ gzip:     0.10 kB
out/renderer/assets/arrow-left-from-line-DqglcA7i.js                     0.09 kB │ gzip:     0.10 kB
out/renderer/assets/circle-question-mark-B0Xzbtys.js                     0.09 kB │ gzip:     0.10 kB
out/renderer/assets/clone-DYPRIBY5.js                                    0.09 kB │ gzip:     0.10 kB │ map:      1.33 kB
out/renderer/assets/message-circle-check-Cd9602hY.js                     0.09 kB │ gzip:     0.10 kB
out/renderer/assets/message-circle-reply-Dwmlj6P9.js                     0.09 kB │ gzip:     0.10 kB
out/renderer/assets/square-mouse-pointer-mdxgmT1Z.js                     0.09 kB │ gzip:     0.10 kB
out/renderer/assets/git-commit-horizontal-CQ0ZSGeJ.js                    0.09 kB │ gzip:     0.10 kB
out/renderer/assets/previewPaneOfficeContent-CPMysmnr.js                 0.09 kB │ gzip:     0.09 kB
out/renderer/assets/square-arrow-right-enter-BVuVRY7f.js                 0.09 kB │ gzip:     0.10 kB
out/renderer/assets/message-circle-question-mark-CugI_Ypl.js             0.10 kB │ gzip:     0.11 kB
out/renderer/assets/array-D96ws1EL.js                                    0.10 kB │ gzip:     0.11 kB │ map:      0.52 kB
out/renderer/assets/channel-CvWlxV88.js                                  0.11 kB │ gzip:     0.12 kB │ map:      0.49 kB
out/renderer/assets/pie-ZZUOXDRM-Dxphcbt4.js                             0.11 kB │ gzip:     0.11 kB
out/renderer/assets/info-OMHHGYJF-Cb1tPh7H.js                            0.11 kB │ gzip:     0.11 kB
out/renderer/assets/radar-PYXPWWZC-CpcrhsqV.js                           0.11 kB │ gzip:     0.12 kB
out/renderer/assets/packet-4T2RLAQJ-C7sDQ2SI.js                          0.12 kB │ gzip:     0.12 kB
out/renderer/assets/treemap-W4RFUUIX-DyQKVjVQ.js                         0.12 kB │ gzip:     0.12 kB
out/renderer/assets/wardley-RL74JXVD-BbBTvbCb.js                         0.12 kB │ gzip:     0.12 kB
out/renderer/assets/gitGraph-7Q5UKJZL-Byzq1Jjo.js                        0.12 kB │ gzip:     0.12 kB
out/renderer/assets/treeView-SZITEDCU-C5Zroqd7.js                        0.12 kB │ gzip:     0.12 kB
out/renderer/assets/architecture-YZFGNWBL-DfUOWwyf.js                    0.12 kB │ gzip:     0.12 kB
out/renderer/assets/minus-D9u2Pjy3.js                                    0.13 kB │ gzip:     0.14 kB │ map:      0.73 kB
out/renderer/assets/check-C1ngRtGa.js                                    0.14 kB │ gzip:     0.14 kB │ map:      0.74 kB
out/renderer/assets/chevron-down-Dk42OcYp.js                             0.14 kB │ gzip:     0.14 kB │ map:      0.77 kB
out/renderer/assets/chevron-up-5OhSJTZO.js                               0.14 kB │ gzip:     0.14 kB │ map:      0.76 kB
out/renderer/assets/chevron-left-0dwKJSxJ.js                             0.14 kB │ gzip:     0.15 kB │ map:      0.78 kB
out/renderer/assets/chevron-right-C1lVWaf3.js                            0.14 kB │ gzip:     0.14 kB │ map:      0.78 kB
out/renderer/assets/circle-hd9EZ5ba.js                                   0.14 kB │ gzip:     0.14 kB │ map:      0.77 kB
out/renderer/assets/tally-1-b5UuSTRW.js                                  0.14 kB │ gzip:     0.15 kB │ map:      0.74 kB
out/renderer/assets/slash-BX0cvtb0.js                                    0.15 kB │ gzip:     0.15 kB │ map:      0.73 kB
out/renderer/assets/wifi-zero-DwRqpEqY.js                                0.15 kB │ gzip:     0.15 kB │ map:      0.75 kB
out/renderer/assets/signal-zero-DFd83DPT.js                              0.15 kB │ gzip:     0.15 kB │ map:      0.76 kB
out/renderer/assets/tiny-invariant-Cl3iS6Vp.js                           0.15 kB │ gzip:     0.14 kB │ map:      0.85 kB
out/renderer/assets/loader-circle-DpF3bk9V.js                            0.16 kB │ gzip:     0.16 kB │ map:      0.80 kB
out/renderer/assets/dot-DxE07Jy9.js                                      0.16 kB │ gzip:     0.15 kB │ map:      0.76 kB
out/renderer/assets/square-C5DnZ--R.js                                   0.16 kB │ gzip:     0.15 kB │ map:      0.83 kB
out/renderer/assets/circle-small-DFqIFds0.js                             0.16 kB │ gzip:     0.15 kB │ map:      0.81 kB
out/renderer/assets/mountain-4IVtYm0E.js                                 0.16 kB │ gzip:     0.16 kB │ map:      0.76 kB
out/renderer/assets/bluetooth-Dn0C2VgM.js                                0.16 kB │ gzip:     0.17 kB │ map:      0.77 kB
out/renderer/assets/plus-B_4nmSyV.js                                     0.16 kB │ gzip:     0.15 kB │ map:      0.83 kB
out/renderer/assets/x-BpPgxFSp.js                                        0.17 kB │ gzip:     0.15 kB │ map:      0.81 kB
out/renderer/assets/ellipse-KlluIyig.js                                  0.17 kB │ gzip:     0.16 kB │ map:      0.81 kB
out/renderer/assets/fish-symbol-CKFAKAnU.js                              0.17 kB │ gzip:     0.17 kB │ map:      0.79 kB
out/renderer/assets/cloud-DjxlgFu_.js                                    0.17 kB │ gzip:     0.17 kB │ map:      0.78 kB
out/renderer/assets/arrow-up-CTCkXE8t.js                                 0.17 kB │ gzip:     0.16 kB │ map:      0.86 kB
out/renderer/assets/terminal-BoDrOq5v.js                                 0.17 kB │ gzip:     0.16 kB │ map:      0.86 kB
out/renderer/assets/navigation-naH0S5oP.js                               0.17 kB │ gzip:     0.17 kB │ map:      0.79 kB
out/renderer/assets/chunk-QZHKN3VN-BW8d3iGJ.js                           0.18 kB │ gzip:     0.15 kB │ map:      0.78 kB
out/renderer/assets/arrow-down-DqgQzFVb.js                               0.18 kB │ gzip:     0.16 kB │ map:      0.87 kB
out/renderer/assets/arrow-left-D4IfBWw7.js                               0.18 kB │ gzip:     0.16 kB │ map:      0.87 kB
out/renderer/assets/arrow-right-DGP3vOc0.js                              0.18 kB │ gzip:     0.16 kB │ map:      0.87 kB
out/renderer/assets/navigation-2-DC2QTrS-.js                             0.18 kB │ gzip:     0.17 kB │ map:      0.80 kB
out/renderer/assets/space-By-Rtf2t.js                                    0.18 kB │ gzip:     0.17 kB │ map:      0.77 kB
out/renderer/assets/arrow-up-right-CETVTH5D.js                           0.18 kB │ gzip:     0.16 kB │ map:      0.89 kB
out/renderer/assets/clock-3-B3KH64sN.js                                  0.18 kB │ gzip:     0.17 kB │ map:      0.88 kB
out/renderer/assets/clock-Clh1F4m6.js                                    0.18 kB │ gzip:     0.17 kB │ map:      0.88 kB
out/renderer/assets/egg-C4xVV-If.js                                      0.18 kB │ gzip:     0.17 kB │ map:      0.76 kB
out/renderer/assets/tally-2-jr_kPlGW.js                                  0.18 kB │ gzip:     0.16 kB │ map:      0.84 kB
out/renderer/assets/music-2-Bkv1g4H2.js                                  0.18 kB │ gzip:     0.17 kB │ map:      0.89 kB
out/renderer/assets/chevrons-down-CJ_i6LDI.js                            0.18 kB │ gzip:     0.16 kB │ map:      0.89 kB
out/renderer/assets/circle-minus-QsW3BpyC.js                             0.18 kB │ gzip:     0.17 kB │ map:      0.91 kB
out/renderer/assets/thermometer-tZMh4L8v.js                              0.18 kB │ gzip:     0.18 kB │ map:      0.81 kB
out/renderer/assets/power-C66Zm0SL.js                                    0.18 kB │ gzip:     0.17 kB │ map:      0.85 kB
out/renderer/assets/option-Cr1sG68z.js                                   0.19 kB │ gzip:     0.17 kB │ map:      0.85 kB
out/renderer/assets/rectangle-vertical-Dawmr1hg.js                       0.19 kB │ gzip:     0.17 kB │ map:      0.90 kB
out/renderer/assets/search-CiaRDE8o.js                                   0.19 kB │ gzip:     0.17 kB │ map:      0.89 kB
out/renderer/assets/signal-low-CRc27Y4T.js                               0.19 kB │ gzip:     0.17 kB │ map:      0.86 kB
out/renderer/assets/unlink-2-BCoKYKsL.js                                 0.19 kB │ gzip:     0.18 kB │ map:      0.79 kB
out/renderer/assets/gauge-CVEYa4H2.js                                    0.19 kB │ gzip:     0.17 kB │ map:      0.86 kB
out/renderer/assets/rectangle-horizontal-CobMtAq1.js                     0.19 kB │ gzip:     0.17 kB │ map:      0.91 kB
out/renderer/assets/reply-DVfzE_m8.js                                    0.19 kB │ gzip:     0.17 kB │ map:      0.86 kB
out/renderer/assets/circle-slash-2-DfYWO0ZJ.js                           0.19 kB │ gzip:     0.17 kB │ map:      0.93 kB
out/renderer/assets/code-DcJ5nNbf.js                                     0.19 kB │ gzip:     0.17 kB │ map:      0.84 kB
out/renderer/assets/move-up-DmkB6Z2q.js                                  0.19 kB │ gzip:     0.17 kB │ map:      0.85 kB
out/renderer/assets/circle-check-Bu9FePhV.js                             0.19 kB │ gzip:     0.17 kB │ map:      0.92 kB
out/renderer/assets/move-left-B6mXq9Kk.js                                0.19 kB │ gzip:     0.17 kB │ map:      0.86 kB
out/renderer/assets/squircle-CX-inSCz.js                                 0.19 kB │ gzip:     0.18 kB │ map:      0.80 kB
out/renderer/assets/move-up-left-C7bBb6rQ.js                             0.19 kB │ gzip:     0.18 kB │ map:      0.88 kB
out/renderer/assets/arrow-up-left-dGCrZRBH.js                            0.19 kB │ gzip:     0.18 kB │ map:      0.88 kB
out/renderer/assets/ban-D7CvJSog.js                                      0.19 kB │ gzip:     0.17 kB │ map:      0.88 kB
out/renderer/assets/chevron-last-DsJTrNp6.js                             0.19 kB │ gzip:     0.17 kB │ map:      0.88 kB
out/renderer/assets/chevron-first-HggguwCr.js                            0.19 kB │ gzip:     0.18 kB │ map:      0.89 kB
out/renderer/assets/move-down-BuiJqbJG.js                                0.19 kB │ gzip:     0.18 kB │ map:      0.87 kB
out/renderer/assets/move-up-right-ltqu_9Rs.js                            0.19 kB │ gzip:     0.18 kB │ map:      0.88 kB
out/renderer/assets/music-3-BnHuQgS9.js                                  0.19 kB │ gzip:     0.18 kB │ map:      0.88 kB
out/renderer/assets/user-round-DoT42k-X.js                               0.19 kB │ gzip:     0.18 kB │ map:      0.91 kB
out/renderer/assets/arrow-down-left-CtepyQJm.js                          0.19 kB │ gzip:     0.17 kB │ map:      0.90 kB
out/renderer/assets/clock-12-Carbkp0F.js                                 0.19 kB │ gzip:     0.18 kB │ map:      0.89 kB
out/renderer/assets/clock-6-CJ6MtbEs.js                                  0.19 kB │ gzip:     0.18 kB │ map:      0.88 kB
out/renderer/assets/move-down-left-B6ulWyDT.js                           0.19 kB │ gzip:     0.18 kB │ map:      0.89 kB
out/renderer/assets/move-right-DFnLp3hP.js                               0.19 kB │ gzip:     0.17 kB │ map:      0.87 kB
out/renderer/assets/arrow-down-right-CfFWuSpa.js                         0.20 kB │ gzip:     0.18 kB │ map:      0.90 kB
out/renderer/assets/chart-line-Be3AX9cQ.js                               0.20 kB │ gzip:     0.18 kB │ map:      0.89 kB
out/renderer/assets/clock-9-gSNytAjs.js                                  0.20 kB │ gzip:     0.18 kB │ map:      0.88 kB
out/renderer/assets/move-down-right-C2C2zFM0.js                          0.20 kB │ gzip:     0.18 kB │ map:      0.90 kB
out/renderer/assets/clock-1-CqJkcINC.js                                  0.20 kB │ gzip:     0.18 kB │ map:      0.89 kB
out/renderer/assets/clock-2-B1ilYZrv.js                                  0.20 kB │ gzip:     0.18 kB │ map:      0.89 kB
out/renderer/assets/clock-4-DyzDdhc2.js                                  0.20 kB │ gzip:     0.18 kB │ map:      0.89 kB
out/renderer/assets/clock-5-BruRmh6P.js                                  0.20 kB │ gzip:     0.18 kB │ map:      0.89 kB
out/renderer/assets/chevrons-up-CPFLDBfh.js                              0.20 kB │ gzip:     0.17 kB │ map:      0.88 kB
out/renderer/assets/clock-7-Df47HfdZ.js                                  0.20 kB │ gzip:     0.18 kB │ map:      0.89 kB
out/renderer/assets/clock-8-B7aLyAat.js                                  0.20 kB │ gzip:     0.18 kB │ map:      0.89 kB
out/renderer/assets/infinity-DFnTYD9N.js                                 0.20 kB │ gzip:     0.18 kB │ map:      0.82 kB
out/renderer/assets/chevrons-right-Bdctg9TE.js                           0.20 kB │ gzip:     0.17 kB │ map:      0.90 kB
out/renderer/assets/clock-10-Cd7J0y1X.js                                 0.20 kB │ gzip:     0.18 kB │ map:      0.89 kB
out/renderer/assets/clock-11-YUMq3XlU.js                                 0.20 kB │ gzip:     0.18 kB │ map:      0.89 kB
out/renderer/assets/blend-CZ5p_KTB.js                                    0.20 kB │ gzip:     0.17 kB │ map:      0.91 kB
out/renderer/assets/chevrons-down-up-pfGEHcBw.js                         0.20 kB │ gzip:     0.18 kB │ map:      0.91 kB
out/renderer/assets/chevrons-left-Dr3zyGXo.js                            0.20 kB │ gzip:     0.17 kB │ map:      0.90 kB
out/renderer/assets/chevrons-up-down-Y4QFuH49.js                         0.20 kB │ gzip:     0.18 kB │ map:      0.91 kB
out/renderer/assets/play-ITWO3ZdQ.js                                     0.20 kB │ gzip:     0.18 kB │ map:      0.84 kB
out/renderer/assets/trending-up-z8sMti8P.js                              0.20 kB │ gzip:     0.18 kB │ map:      0.88 kB
out/renderer/assets/disc-BVLwafdE.js                                     0.20 kB │ gzip:     0.17 kB │ map:      0.91 kB
out/renderer/assets/wifi-low-Cjev6FJx.js                                 0.20 kB │ gzip:     0.18 kB │ map:      0.87 kB
out/renderer/assets/bold-DoBI3Bcw.js                                     0.20 kB │ gzip:     0.18 kB │ map:      0.81 kB
out/renderer/assets/chevrons-left-right-4hMEHY2K.js                      0.20 kB │ gzip:     0.18 kB │ map:      0.93 kB
out/renderer/assets/trending-down-DaeeiMYP.js                            0.20 kB │ gzip:     0.18 kB │ map:      0.90 kB
out/renderer/assets/check-check-smk8fAln.js                              0.21 kB │ gzip:     0.19 kB │ map:      0.89 kB
out/renderer/assets/chevrons-right-left-D-cRuVlT.js                      0.21 kB │ gzip:     0.18 kB │ map:      0.93 kB
out/renderer/assets/circle-check-big-B7N-i2ce.js                         0.21 kB │ gzip:     0.19 kB │ map:      0.93 kB
out/renderer/assets/forward-CvIRJbHY.js                                  0.21 kB │ gzip:     0.18 kB │ map:      0.87 kB
out/renderer/assets/iteration-cw-DaL8_v9g.js                             0.21 kB │ gzip:     0.19 kB │ map:      0.90 kB
out/renderer/assets/russian-ruble-CGdacWw-.js                            0.21 kB │ gzip:     0.18 kB │ map:      0.90 kB
out/renderer/assets/src-2FP7IUE6-iYDFToik.js                             0.21 kB │ gzip:     0.17 kB
out/renderer/assets/triangle-BcEGJTn1.js                                 0.21 kB │ gzip:     0.19 kB │ map:      0.83 kB
out/renderer/assets/list-filter-CVUcUlmY.js                              0.21 kB │ gzip:     0.17 kB │ map:      0.96 kB
out/renderer/assets/chunk-4BX2VUAB-gNfqclpK.js                           0.21 kB │ gzip:     0.16 kB │ map:      0.80 kB
out/renderer/assets/eclipse-BnTmmFL2.js                                  0.21 kB │ gzip:     0.18 kB │ map:      0.90 kB
out/renderer/assets/user-CyVodbH-.js                                     0.21 kB │ gzip:     0.18 kB │ map:      0.90 kB
out/renderer/assets/circle-dot-Dv0Tbdom.js                               0.21 kB │ gzip:     0.17 kB │ map:      0.94 kB
out/renderer/assets/command-BNAIglBB.js                                  0.21 kB │ gzip:     0.18 kB │ map:      0.83 kB
out/renderer/assets/iteration-ccw-CkNoKSsE.js                            0.21 kB │ gzip:     0.19 kB │ map:      0.91 kB
out/renderer/assets/mouse-C5UsaYWp.js                                    0.21 kB │ gzip:     0.19 kB │ map:      0.92 kB
out/renderer/assets/smartphone-C2Hzyh1o.js                               0.21 kB │ gzip:     0.19 kB │ map:      0.97 kB
out/renderer/assets/circle-chevron-up-CO0aqVjW.js                        0.21 kB │ gzip:     0.19 kB │ map:      0.95 kB
out/renderer/assets/chunk-55IACEB6-DqfO3m3m.js                           0.21 kB │ gzip:     0.19 kB │ map:      0.98 kB
out/renderer/assets/circle-stop-C2iVuoNB.js                              0.21 kB │ gzip:     0.18 kB │ map:      0.99 kB
out/renderer/assets/corner-right-up-DssYluUI.js                          0.21 kB │ gzip:     0.19 kB │ map:      0.92 kB
out/renderer/assets/rows-2-CKIocke6.js                                   0.21 kB │ gzip:     0.19 kB │ map:      0.92 kB
out/renderer/assets/zodiac-taurus-FJStplI5.js                            0.21 kB │ gzip:     0.20 kB │ map:      0.93 kB
out/renderer/assets/corner-down-left-CUG4G3dG.js                         0.21 kB │ gzip:     0.19 kB │ map:      0.92 kB
out/renderer/assets/corner-left-up-D7Z1TTWH.js                           0.21 kB │ gzip:     0.19 kB │ map:      0.91 kB
out/renderer/assets/corner-up-left-BzxGIHjh.js                           0.21 kB │ gzip:     0.19 kB │ map:      0.91 kB
out/renderer/assets/crop-DmltYdUG.js                                     0.21 kB │ gzip:     0.18 kB │ map:      0.86 kB
out/renderer/assets/rotate-ccw-s6Tq5L1A.js                               0.21 kB │ gzip:     0.18 kB │ map:      0.90 kB
out/renderer/assets/tv-DXE469NT.js                                       0.21 kB │ gzip:     0.19 kB │ map:      0.91 kB
out/renderer/assets/circle-chevron-down-BNMM7NgU.js                      0.21 kB │ gzip:     0.19 kB │ map:      0.96 kB
out/renderer/assets/circle-chevron-left-DN35VOBt.js                      0.21 kB │ gzip:     0.19 kB │ map:      0.96 kB
out/renderer/assets/circle-chevron-right-BH5kwhy8.js                     0.21 kB │ gzip:     0.19 kB │ map:      0.97 kB
out/renderer/assets/contrast-COFqIn1g.js                                 0.21 kB │ gzip:     0.19 kB │ map:      0.91 kB
out/renderer/assets/panel-top-K2x-eQvW.js                                0.21 kB │ gzip:     0.19 kB │ map:      0.94 kB
out/renderer/assets/undo-B364n_4D.js                                     0.21 kB │ gzip:     0.18 kB │ map:      0.86 kB
out/renderer/assets/columns-2-D3Pd3F0B.js                                0.21 kB │ gzip:     0.19 kB │ map:      0.94 kB
out/renderer/assets/corner-down-right-BdhX0-Ru.js                        0.21 kB │ gzip:     0.19 kB │ map:      0.93 kB
out/renderer/assets/corner-right-down-BP9XVs6N.js                        0.21 kB │ gzip:     0.19 kB │ map:      0.93 kB
out/renderer/assets/corner-up-right-CQjiP1ii.js                          0.21 kB │ gzip:     0.19 kB │ map:      0.92 kB
out/renderer/assets/panel-left-DnCasNSU.js                               0.21 kB │ gzip:     0.19 kB │ map:      0.95 kB
out/renderer/assets/parentheses-fdXZaX64.js                              0.21 kB │ gzip:     0.18 kB │ map:      0.90 kB
out/renderer/assets/corner-left-down-E4nStr8B.js                         0.21 kB │ gzip:     0.19 kB │ map:      0.93 kB
out/renderer/assets/equal-C1g6BTbQ.js                                    0.21 kB │ gzip:     0.18 kB │ map:      0.95 kB
out/renderer/assets/flag-triangle-left-DdmlWPpa.js                       0.21 kB │ gzip:     0.20 kB │ map:      0.89 kB
out/renderer/assets/flag-triangle-right-J6C5nvb0.js                      0.21 kB │ gzip:     0.20 kB │ map:      0.89 kB
out/renderer/assets/redo-Dc6c2ryl.js                                     0.21 kB │ gzip:     0.19 kB │ map:      0.86 kB
out/renderer/assets/tv-minimal-rINgvLf0.js                               0.21 kB │ gzip:     0.20 kB │ map:      0.95 kB
out/renderer/assets/copyleft-Co2MG1Ax.js                                 0.22 kB │ gzip:     0.20 kB │ map:      0.91 kB
out/renderer/assets/info-nU8dvRBj.js                                     0.22 kB │ gzip:     0.18 kB │ map:      0.97 kB
out/renderer/assets/menu-CI9hAy7r.js                                     0.22 kB │ gzip:     0.17 kB │ map:      0.93 kB
out/renderer/assets/panel-right-pa_5nXXD.js                              0.22 kB │ gzip:     0.19 kB │ map:      0.95 kB
out/renderer/assets/square-minus-CwC4KBpS.js                             0.22 kB │ gzip:     0.20 kB │ map:      0.96 kB
out/renderer/assets/circle-slash-Djz5azHh.js                             0.22 kB │ gzip:     0.19 kB │ map:      0.97 kB
out/renderer/assets/diff-DmVDo5dE.js                                     0.22 kB │ gzip:     0.18 kB │ map:      0.93 kB
out/renderer/assets/kanban-CE7g93Vy.js                                   0.22 kB │ gzip:     0.18 kB │ map:      0.94 kB
out/renderer/assets/panel-bottom-DAf04XVY.js                             0.22 kB │ gzip:     0.20 kB │ map:      0.96 kB
out/renderer/assets/triangle-right-BtBLODhe.js                           0.22 kB │ gzip:     0.20 kB │ map:      0.89 kB
out/renderer/assets/copyright-D-o_Thdt.js                                0.22 kB │ gzip:     0.19 kB │ map:      0.92 kB
out/renderer/assets/line-dot-right-horizontal-BYjZMJfA.js                0.22 kB │ gzip:     0.20 kB │ map:      1.00 kB
out/renderer/assets/lock-D_6pSYj_.js                                     0.22 kB │ gzip:     0.20 kB │ map:      0.95 kB
out/renderer/assets/tally-3-ZQpaqQQJ.js                                  0.22 kB │ gzip:     0.18 kB │ map:      0.94 kB
out/renderer/assets/underline-BfJ2MnDw.js                                0.22 kB │ gzip:     0.19 kB │ map:      0.93 kB
out/renderer/assets/arrow-up-to-line-CqdR4M4j.js                         0.22 kB │ gzip:     0.18 kB │ map:      1.00 kB
out/renderer/assets/battery-pzXK9Dho.js                                  0.22 kB │ gzip:     0.20 kB │ map:      0.94 kB
out/renderer/assets/circle-parking-BfRZiiD3.js                           0.22 kB │ gzip:     0.20 kB │ map:      0.95 kB
out/renderer/assets/circle-plus-UeZUD8Er.js                              0.22 kB │ gzip:     0.18 kB │ map:      1.00 kB
out/renderer/assets/circle-x-BpAIYMeK.js                                 0.22 kB │ gzip:     0.18 kB │ map:      0.99 kB
out/renderer/assets/cylinder-pU1YKoHT.js                                 0.22 kB │ gzip:     0.20 kB │ map:      0.93 kB
out/renderer/assets/heading-BuwJ5BXJ.js                                  0.22 kB │ gzip:     0.18 kB │ map:      0.94 kB
out/renderer/assets/redo-2-WGvanP3J.js                                   0.22 kB │ gzip:     0.18 kB │ map:      0.89 kB
out/renderer/assets/square-slash-CgxnTyyu.js                             0.22 kB │ gzip:     0.19 kB │ map:      1.02 kB
out/renderer/assets/code-xml-CoMSwNN0.js                                 0.22 kB │ gzip:     0.18 kB │ map:      0.97 kB
out/renderer/assets/dice-1-ClAWLLjn.js                                   0.22 kB │ gzip:     0.19 kB │ map:      0.95 kB
out/renderer/assets/undo-2-DVZjYxws.js                                   0.22 kB │ gzip:     0.18 kB │ map:      0.89 kB
out/renderer/assets/arrow-down-to-line-DFoihXye.js                       0.22 kB │ gzip:     0.18 kB │ map:      1.01 kB
out/renderer/assets/arrow-up-from-line-7pT5CM_c.js                       0.22 kB │ gzip:     0.18 kB │ map:      1.01 kB
out/renderer/assets/book-JBUCfP3p.js                                     0.22 kB │ gzip:     0.19 kB │ map:      0.84 kB
out/renderer/assets/arrow-left-from-line-BHyREPpE.js                     0.22 kB │ gzip:     0.18 kB │ map:      1.02 kB
out/renderer/assets/square-check-B3DUPg5f.js                             0.22 kB │ gzip:     0.20 kB │ map:      0.97 kB
out/renderer/assets/arrow-right-to-line-C3K-uf6K.js                      0.22 kB │ gzip:     0.18 kB │ map:      1.02 kB
out/renderer/assets/pause-CWNu1GYZ.js                                    0.22 kB │ gzip:     0.17 kB │ map:      1.00 kB
out/renderer/assets/line-squiggle-eVCftWtP.js                            0.22 kB │ gzip:     0.21 kB │ map:      0.89 kB
out/renderer/assets/at-sign-Bw4kj5Lb.js                                  0.23 kB │ gzip:     0.20 kB │ map:      0.92 kB
out/renderer/assets/flame-04f8frKH.js                                    0.23 kB │ gzip:     0.20 kB │ map:      0.85 kB
out/renderer/assets/slice-D0mzqhhY.js                                    0.23 kB │ gzip:     0.20 kB │ map:      0.85 kB
out/renderer/assets/square-dot-DA5N-gQ2.js                               0.23 kB │ gzip:     0.20 kB │ map:      0.99 kB
out/renderer/assets/swiss-franc-QLiWklay.js                              0.23 kB │ gzip:     0.19 kB │ map:      0.97 kB
out/renderer/assets/text-align-end-Dg6MDxfs.js                           0.23 kB │ gzip:     0.18 kB │ map:      0.98 kB
out/renderer/assets/toggle-left-MwnzlyaA.js                              0.23 kB │ gzip:     0.20 kB │ map:      0.99 kB
out/renderer/assets/torus--MCXgdKJ.js                                    0.23 kB │ gzip:     0.18 kB │ map:      0.96 kB
out/renderer/assets/x-line-top-BHMhQ-sq.js                               0.23 kB │ gzip:     0.18 kB │ map:      0.96 kB
out/renderer/assets/baseline-C5JbI4ek.js                                 0.23 kB │ gzip:     0.19 kB │ map:      0.96 kB
out/renderer/assets/git-commit-vertical-OXnCM9fp.js                      0.23 kB │ gzip:     0.19 kB │ map:      1.05 kB
out/renderer/assets/square-chevron-up-CplvNiVf.js                        0.23 kB │ gzip:     0.20 kB │ map:      1.00 kB
out/renderer/assets/venus-Csa-EywO.js                                    0.23 kB │ gzip:     0.20 kB │ map:      0.97 kB
out/renderer/assets/zodiac-aries-iUAcW-Pf.js                             0.23 kB │ gzip:     0.19 kB │ map:      0.92 kB
out/renderer/assets/rotate-cw-CMeyAkqH.js                                0.23 kB │ gzip:     0.20 kB │ map:      0.90 kB
out/renderer/assets/signal-medium-DoyX-i6s.js                            0.23 kB │ gzip:     0.19 kB │ map:      0.98 kB
out/renderer/assets/square-radical-BIqWxmUZ.js                           0.23 kB │ gzip:     0.21 kB │ map:      0.98 kB
out/renderer/assets/text-align-start-CejnweAO.js                         0.23 kB │ gzip:     0.18 kB │ map:      1.00 kB
out/renderer/assets/toggle-right-CPE-Apc3.js                             0.23 kB │ gzip:     0.20 kB │ map:      1.00 kB
out/renderer/assets/moon-DpYlOdg9.js                                     0.23 kB │ gzip:     0.20 kB │ map:      0.86 kB
out/renderer/assets/text-align-center-DpR1zmPn.js                        0.23 kB │ gzip:     0.19 kB │ map:      1.00 kB
out/renderer/assets/check-line-CLXcGITx.js                               0.23 kB │ gzip:     0.19 kB │ map:      0.97 kB
out/renderer/assets/square-chevron-down-D2YEzNwY.js                      0.23 kB │ gzip:     0.21 kB │ map:      1.01 kB
out/renderer/assets/square-chevron-left-DTIQuT6l.js                      0.23 kB │ gzip:     0.21 kB │ map:      1.01 kB
out/renderer/assets/square-chevron-right-BFIZodhz.js                     0.23 kB │ gzip:     0.20 kB │ map:      1.01 kB
out/renderer/assets/text-align-justify-Dgph1z6S.js                       0.23 kB │ gzip:     0.18 kB │ map:      1.01 kB
out/renderer/assets/chart-no-axes-gantt-Cs6jQ5di.js                      0.23 kB │ gzip:     0.19 kB │ map:      1.01 kB
out/renderer/assets/move-diagonal-B2D53EtM.js                            0.23 kB │ gzip:     0.19 kB │ map:      0.99 kB
out/renderer/assets/chart-no-axes-column-B2R803-Z.js                     0.23 kB │ gzip:     0.19 kB │ map:      1.02 kB
out/renderer/assets/radical-CtztsBfS.js                                  0.23 kB │ gzip:     0.21 kB │ map:      0.87 kB
out/renderer/assets/credit-card-JrL084-w.js                              0.23 kB │ gzip:     0.20 kB │ map:      1.01 kB
out/renderer/assets/move-diagonal-2-BKCePlWr.js                          0.23 kB │ gzip:     0.19 kB │ map:      1.00 kB
out/renderer/assets/zodiac-sagittarius-D-mSXUSJ.js                       0.23 kB │ gzip:     0.20 kB │ map:      1.01 kB
out/renderer/assets/arrow-left-to-line-C2ffw9gN.js                       0.23 kB │ gzip:     0.19 kB │ map:      1.01 kB
out/renderer/assets/move-vertical-n-OG6MNn.js                            0.23 kB │ gzip:     0.19 kB │ map:      0.99 kB
out/renderer/assets/square-sigma-BqUYYDDp.js                             0.23 kB │ gzip:     0.21 kB │ map:      0.98 kB
out/renderer/assets/cone-DWch9B0D.js                                     0.24 kB │ gzip:     0.21 kB │ map:      0.93 kB
out/renderer/assets/mars-DZKI9Gjw.js                                     0.24 kB │ gzip:     0.20 kB │ map:      0.98 kB
out/renderer/assets/rectangle-circle-BFly9UOO.js                         0.24 kB │ gzip:     0.20 kB │ map:      0.97 kB
out/renderer/assets/spell-check-BilCwZHk.js                              0.24 kB │ gzip:     0.19 kB │ map:      0.98 kB
out/renderer/assets/square-parking-BQi0mfCM.js                           0.24 kB │ gzip:     0.21 kB │ map:      0.99 kB
out/renderer/assets/arrow-down-from-line-CvtYP684.js                     0.24 kB │ gzip:     0.20 kB │ map:      1.03 kB
out/renderer/assets/circle-equal-BIcpLY5h.js                             0.24 kB │ gzip:     0.19 kB │ map:      1.01 kB
out/renderer/assets/e2eStoreBridgeBootstrap-CQitIaz3.js                  0.24 kB │ gzip:     0.18 kB │ map:      1.37 kB
out/renderer/assets/lock-open-BnuPpTvm.js                                0.24 kB │ gzip:     0.21 kB │ map:      0.98 kB
out/renderer/assets/move-horizontal-DIRlDc8l.js                          0.24 kB │ gzip:     0.19 kB │ map:      1.01 kB
out/renderer/assets/square-activity-Dcc1zAOm.js                          0.24 kB │ gzip:     0.21 kB │ map:      1.00 kB
out/renderer/assets/ellipsis-C3ojnqz2.js                                 0.24 kB │ gzip:     0.17 kB │ map:      1.07 kB
out/renderer/assets/target-C3-6UGI4.js                                   0.24 kB │ gzip:     0.16 kB │ map:      1.06 kB
out/renderer/assets/arrow-right-from-line-CheX0_xA.js                    0.24 kB │ gzip:     0.20 kB │ map:      1.03 kB
out/renderer/assets/droplet-C5Y_ut4M.js                                  0.24 kB │ gzip:     0.21 kB │ map:      0.87 kB
out/renderer/assets/ratio-C0APlxa-.js                                    0.24 kB │ gzip:     0.19 kB │ map:      1.00 kB
out/renderer/assets/ungroup-CKpvYsx1.js                                  0.24 kB │ gzip:     0.19 kB │ map:      1.01 kB
out/renderer/assets/asterisk-D6qWQGWS.js                                 0.24 kB │ gzip:     0.19 kB │ map:      0.97 kB
out/renderer/assets/folder-BeAAGArW.js                                   0.24 kB │ gzip:     0.19 kB │ map:      0.88 kB
out/renderer/assets/git-merge-DREMwzhI.js                                0.24 kB │ gzip:     0.19 kB │ map:      1.05 kB
out/renderer/assets/mail-B9j4gAlg.js                                     0.24 kB │ gzip:     0.22 kB │ map:      0.95 kB
out/renderer/assets/panels-top-left-CT0yetPX.js                          0.24 kB │ gzip:     0.20 kB │ map:      1.07 kB
out/renderer/assets/pill-BZbBK40e.js                                     0.24 kB │ gzip:     0.20 kB │ map:      0.91 kB
out/renderer/assets/tablet-Cl-lxwYM.js                                   0.24 kB │ gzip:     0.21 kB │ map:      1.01 kB
out/renderer/assets/appUsageChartPalette-B_99RjGw.js                     0.24 kB │ gzip:     0.13 kB │ map:      0.78 kB
out/renderer/assets/git-branch-DCdLx0MH.js                               0.24 kB │ gzip:     0.20 kB │ map:      1.05 kB
out/renderer/assets/separator-vertical-BdPJAEWB.js                       0.24 kB │ gzip:     0.19 kB │ map:      1.02 kB
out/renderer/assets/share-fkdI8AyC.js                                    0.24 kB │ gzip:     0.19 kB │ map:      0.97 kB
out/renderer/assets/captions-CJwAaAfd.js                                 0.24 kB │ gzip:     0.21 kB │ map:      0.98 kB
out/renderer/assets/library-BGdBt1vJ.js                                  0.24 kB │ gzip:     0.18 kB │ map:      1.04 kB
out/renderer/assets/log-out-joAXHnex.js                                  0.24 kB │ gzip:     0.19 kB │ map:      0.98 kB
out/renderer/assets/pilcrow-uAM_Fe0F.js                                  0.24 kB │ gzip:     0.19 kB │ map:      0.97 kB
out/renderer/assets/sigma-rdQTJaPQ.js                                    0.24 kB │ gzip:     0.21 kB │ map:      0.87 kB
out/renderer/assets/upload-Bq9JWxha.js                                   0.24 kB │ gzip:     0.19 kB │ map:      0.98 kB
out/renderer/assets/flask-round-Dsv4rom1.js                              0.24 kB │ gzip:     0.20 kB │ map:      0.99 kB
out/renderer/assets/log-in-CUroxRHv.js                                   0.24 kB │ gzip:     0.19 kB │ map:      0.98 kB
out/renderer/assets/separator-horizontal-HmTDnllk.js                     0.24 kB │ gzip:     0.20 kB │ map:      1.04 kB
out/renderer/assets/square-stop-B-FkA1ZB.js                              0.24 kB │ gzip:     0.20 kB │ map:      1.04 kB
out/renderer/assets/table-2-XicZwkCl.js                                  0.24 kB │ gzip:     0.20 kB │ map:      0.88 kB
out/renderer/assets/album-D8C0dk0I.js                                    0.24 kB │ gzip:     0.21 kB │ map:      0.97 kB
out/renderer/assets/chart-no-axes-column-decreasing-BNSxHPuf.js          0.24 kB │ gzip:     0.20 kB │ map:      1.08 kB
out/renderer/assets/chart-no-axes-column-increasing-C1h_jivm.js          0.24 kB │ gzip:     0.20 kB │ map:      1.08 kB
out/renderer/assets/chart-spline-DnW22FiD.js                             0.24 kB │ gzip:     0.21 kB │ map:      0.93 kB
out/renderer/assets/disc-2-DwyGo-Na.js                                   0.24 kB │ gzip:     0.19 kB │ map:      1.02 kB
out/renderer/assets/download-BQ2Fuz1q.js                                 0.24 kB │ gzip:     0.19 kB │ map:      0.99 kB
out/renderer/assets/laptop-minimal-DwvfCO5P.js                           0.24 kB │ gzip:     0.21 kB │ map:      1.05 kB
out/renderer/assets/square-square-DdirULd1.js                            0.24 kB │ gzip:     0.19 kB │ map:      1.05 kB
out/renderer/assets/turkish-lira-Big5jD6R.js                             0.24 kB │ gzip:     0.20 kB │ map:      1.00 kB
out/renderer/assets/arrow-up-from-dot-CVty4GH5.js                        0.24 kB │ gzip:     0.21 kB │ map:      1.05 kB
out/renderer/assets/dock-C0J6Hbtk.js                                     0.24 kB │ gzip:     0.21 kB │ map:      1.01 kB
out/renderer/assets/message-square-DISkdlx5.js                           0.24 kB │ gzip:     0.21 kB │ map:      0.93 kB
out/renderer/assets/paperclip-CaPbVL7J.js                                0.24 kB │ gzip:     0.20 kB │ map:      0.90 kB
out/renderer/assets/activity-sIkPKeMn.js                                 0.25 kB │ gzip:     0.20 kB │ map:      0.90 kB
out/renderer/assets/arrow-down-to-dot-CD3ZCzIN.js                        0.25 kB │ gzip:     0.21 kB │ map:      1.05 kB
out/renderer/assets/circle-arrow-down-CJpskvl4.js                        0.25 kB │ gzip:     0.20 kB │ map:      1.05 kB
out/renderer/assets/circle-arrow-up-XTPElt0F.js                          0.25 kB │ gzip:     0.20 kB │ map:      1.04 kB
out/renderer/assets/dollar-sign-cHuJWZdv.js                              0.25 kB │ gzip:     0.21 kB │ map:      0.97 kB
out/renderer/assets/music-4nNdRlMI.js                                    0.25 kB │ gzip:     0.20 kB │ map:      1.02 kB
out/renderer/assets/panel-left-open-B6TOVLKP.js                          0.25 kB │ gzip:     0.21 kB │ map:      1.08 kB
out/renderer/assets/presentation-CbPn8P_W.js                             0.25 kB │ gzip:     0.20 kB │ map:      1.02 kB
out/renderer/assets/audio-waveform-DCFacKiX.js                           0.25 kB │ gzip:     0.19 kB │ map:      0.92 kB
out/renderer/assets/brackets-DxPMlVGy.js                                 0.25 kB │ gzip:     0.20 kB │ map:      0.92 kB
out/renderer/assets/briefcase-D7q3xlwf.js                                0.25 kB │ gzip:     0.21 kB │ map:      0.98 kB
out/renderer/assets/circle-arrow-left-B2BAqwZO.js                        0.25 kB │ gzip:     0.20 kB │ map:      1.05 kB
out/renderer/assets/cloud-lightning-D9ojWjIE.js                          0.25 kB │ gzip:     0.21 kB │ map:      0.95 kB
out/renderer/assets/rows-3-BefBT832.js                                   0.25 kB │ gzip:     0.20 kB │ map:      1.02 kB
out/renderer/assets/search-check-wZWmn3ks.js                             0.25 kB │ gzip:     0.21 kB │ map:      1.03 kB
out/renderer/assets/search-slash-BU4QDpgs.js                             0.25 kB │ gzip:     0.21 kB │ map:      1.03 kB
out/renderer/assets/type-BrBOWxQG.js                                     0.25 kB │ gzip:     0.20 kB │ map:      0.96 kB
out/renderer/assets/circle-arrow-right-jbGPYoTj.js                       0.25 kB │ gzip:     0.20 kB │ map:      1.06 kB
out/renderer/assets/copy-CdUBOxXk.js                                     0.25 kB │ gzip:     0.21 kB │ map:      0.98 kB
out/renderer/assets/highlighter-DwEY1DV5.js                              0.25 kB │ gzip:     0.21 kB │ map:      0.93 kB
out/renderer/assets/panel-left-close-Bv5GpdRs.js                         0.25 kB │ gzip:     0.21 kB │ map:      1.09 kB
out/renderer/assets/panel-right-close-BbZ0JIwF.js                        0.25 kB │ gzip:     0.21 kB │ map:      1.09 kB
out/renderer/assets/square-code-B0N3tyNN.js                              0.25 kB │ gzip:     0.20 kB │ map:      1.07 kB
out/renderer/assets/utils-Bp_TXL4k.js                                    0.25 kB │ gzip:     0.18 kB │ map:      0.96 kB
out/renderer/assets/grid-2x2-B4J6KS1_.js                                 0.25 kB │ gzip:     0.20 kB │ map:      1.03 kB
out/renderer/assets/history-CjsjRzoS.js                                  0.25 kB │ gzip:     0.20 kB │ map:      0.99 kB
out/renderer/assets/japanese-yen-DnwTxzOq.js                             0.25 kB │ gzip:     0.20 kB │ map:      1.00 kB
out/renderer/assets/panel-right-open-ChrGE_EM.js                         0.25 kB │ gzip:     0.21 kB │ map:      1.09 kB
out/renderer/assets/smartphone-charging-D55oXTJu.js                      0.25 kB │ gzip:     0.22 kB │ map:      1.04 kB
out/renderer/assets/stretch-vertical-v7gA1ccl.js                         0.25 kB │ gzip:     0.19 kB │ map:      1.07 kB
out/renderer/assets/columns-3-CgIhe-3C.js                                0.25 kB │ gzip:     0.21 kB │ map:      1.04 kB
out/renderer/assets/maximize-2-BWR_Idfl.js                               0.25 kB │ gzip:     0.19 kB │ map:      1.06 kB
out/renderer/assets/reply-all-B5msrQwn.js                                0.25 kB │ gzip:     0.20 kB │ map:      0.99 kB
out/renderer/assets/zodiac-ophiuchus-D8LDEPUT.js                         0.25 kB │ gzip:     0.21 kB │ map:      0.96 kB
out/renderer/assets/beaker-Cdt6Ue1t.js                                   0.25 kB │ gzip:     0.20 kB │ map:      0.97 kB
out/renderer/assets/cloud-check-ClgSTNtI.js                              0.25 kB │ gzip:     0.22 kB │ map:      0.94 kB
out/renderer/assets/globe-check-DgBJxzI8.js                              0.25 kB │ gzip:     0.21 kB │ map:      0.95 kB
out/renderer/assets/rss-D7ZPl9D-.js                                      0.25 kB │ gzip:     0.21 kB │ map:      0.99 kB
out/renderer/assets/square-plus-Cdbaq_Th.js                              0.25 kB │ gzip:     0.21 kB │ map:      1.05 kB
out/renderer/assets/stretch-horizontal-DrMeM-E8.js                       0.25 kB │ gzip:     0.19 kB │ map:      1.08 kB
out/renderer/assets/touchpad-DOa6XS7D.js                                 0.25 kB │ gzip:     0.21 kB │ map:      1.04 kB
out/renderer/assets/minimize-2-CwfW5OJn.js                               0.25 kB │ gzip:     0.19 kB │ map:      1.07 kB
out/renderer/assets/undo-dot-CrKnnGTV.js                                 0.25 kB │ gzip:     0.21 kB │ map:      1.01 kB
out/renderer/assets/bluetooth-off-C_LtWdWQ.js                            0.25 kB │ gzip:     0.21 kB │ map:      1.01 kB
out/renderer/assets/circle-arrow-out-up-left-ByeWzSJl.js                 0.25 kB │ gzip:     0.21 kB │ map:      1.06 kB
out/renderer/assets/lens-concave-MJ-8KHee.js                             0.25 kB │ gzip:     0.20 kB │ map:      0.91 kB
out/renderer/assets/merge-C8vidP62.js                                    0.25 kB │ gzip:     0.21 kB │ map:      0.97 kB
out/renderer/assets/message-circle-0hWdGywV.js                           0.25 kB │ gzip:     0.21 kB │ map:      0.94 kB
out/renderer/assets/spline-DF1CxJ6w.js                                   0.25 kB │ gzip:     0.21 kB │ map:      1.03 kB
out/renderer/assets/airplay-Dra3zhMq.js                                  0.25 kB │ gzip:     0.21 kB │ map:      0.95 kB
out/renderer/assets/battery-low-DNNNsHS2.js                              0.25 kB │ gzip:     0.21 kB │ map:      1.05 kB
out/renderer/assets/globe-D65Lm49T.js                                    0.25 kB │ gzip:     0.19 kB │ map:      1.01 kB
out/renderer/assets/square-equal-DgZA0OoJ.js                             0.25 kB │ gzip:     0.21 kB │ map:      1.06 kB
out/renderer/assets/square-terminal-B62YKMg5.js                          0.25 kB │ gzip:     0.21 kB │ map:      1.11 kB
out/renderer/assets/zodiac-pisces-kOe_a__Y.js                            0.25 kB │ gzip:     0.20 kB │ map:      1.01 kB
out/renderer/assets/database-Nl4MPfiF.js                                 0.25 kB │ gzip:     0.21 kB │ map:      1.05 kB
out/renderer/assets/square-round-corner-EeX0WTL9.js                      0.25 kB │ gzip:     0.20 kB │ map:      0.98 kB
out/renderer/assets/tally-4-W6hbmMkd.js                                  0.25 kB │ gzip:     0.18 kB │ map:      1.04 kB
out/renderer/assets/square-check-big-B_11bXNh.js                         0.26 kB │ gzip:     0.21 kB │ map:      0.98 kB
out/renderer/assets/user-round-minus-C8h_rLry.js                         0.26 kB │ gzip:     0.22 kB │ map:      1.05 kB
out/renderer/assets/bookmark-CRMUL3No.js                                 0.26 kB │ gzip:     0.22 kB │ map:      0.90 kB
out/renderer/assets/circle-arrow-out-up-right-DjdBT5Ta.js                0.26 kB │ gzip:     0.21 kB │ map:      1.07 kB
out/renderer/assets/circle-power-CyZEDPLI.js                             0.26 kB │ gzip:     0.21 kB │ map:      1.04 kB
out/renderer/assets/clock-check-DGdgF1nI.js                              0.26 kB │ gzip:     0.21 kB │ map:      1.00 kB
out/renderer/assets/dice-2-BPeSVOR0.js                                   0.26 kB │ gzip:     0.21 kB │ map:      1.04 kB
out/renderer/assets/gallery-vertical-3P_CRmB_.js                         0.26 kB │ gzip:     0.21 kB │ map:      1.08 kB
out/renderer/assets/omega-ByxaMn7f.js                                    0.26 kB │ gzip:     0.21 kB │ map:      0.88 kB
out/renderer/assets/section-jbb_kiyc.js                                  0.26 kB │ gzip:     0.20 kB │ map:      0.92 kB
out/renderer/assets/vote-KuXoByiP.js                                     0.26 kB │ gzip:     0.21 kB │ map:      0.97 kB
out/renderer/assets/wallet-minimal-Bqa3ePP4.js                           0.26 kB │ gzip:     0.21 kB │ map:      0.99 kB
out/renderer/assets/circle-pause-Ct2AR7b8.js                             0.26 kB │ gzip:     0.19 kB │ map:      1.13 kB
out/renderer/assets/divide-DiJnrI60.js                                   0.26 kB │ gzip:     0.20 kB │ map:      1.08 kB
out/renderer/assets/gallery-horizontal-DCMXhJQD.js                       0.26 kB │ gzip:     0.21 kB │ map:      1.09 kB
out/renderer/assets/rainbow-BRAEqdEM.js                                  0.26 kB │ gzip:     0.20 kB │ map:      0.99 kB
out/renderer/assets/square-x-C_PX4CLt.js                                 0.26 kB │ gzip:     0.21 kB │ map:      1.06 kB
out/renderer/assets/text-quote-CKqJbRxJ.js                               0.26 kB │ gzip:     0.19 kB │ map:      1.06 kB
out/renderer/assets/zodiac-leo-CEWBF3hF.js                               0.26 kB │ gzip:     0.23 kB │ map:      0.98 kB
out/renderer/assets/circle-arrow-out-down-left-CqwysMtP.js               0.26 kB │ gzip:     0.21 kB │ map:      1.08 kB
out/renderer/assets/club-BKjPmYsp.js                                     0.26 kB │ gzip:     0.21 kB │ map:      0.94 kB
out/renderer/assets/door-closed-CxH1xh2Q.js                              0.26 kB │ gzip:     0.21 kB │ map:      1.00 kB
out/renderer/assets/hdmi-port-DN-yUxE_.js                                0.26 kB │ gzip:     0.20 kB │ map:      0.96 kB
out/renderer/assets/hexagon-Ds4LwokG.js                                  0.26 kB │ gzip:     0.20 kB │ map:      0.89 kB
out/renderer/assets/panels-left-bottom-DCWliJK6.js                       0.26 kB │ gzip:     0.21 kB │ map:      1.09 kB
out/renderer/assets/philippine-peso-D1ZN3eGE.js                          0.26 kB │ gzip:     0.21 kB │ map:      1.03 kB
out/renderer/assets/wifi-high-DwPU3W6y.js                                0.26 kB │ gzip:     0.21 kB │ map:      1.00 kB
out/renderer/assets/arrow-right-left-CNgdRkez.js                         0.26 kB │ gzip:     0.20 kB │ map:      1.11 kB
out/renderer/assets/circle-question-mark-zA18_QFd.js                     0.26 kB │ gzip:     0.21 kB │ map:      1.09 kB
out/renderer/assets/ear-CwPvLV35.js                                      0.26 kB │ gzip:     0.21 kB │ map:      0.91 kB
out/renderer/assets/equal-approximately-ByLRiizc.js                      0.26 kB │ gzip:     0.19 kB │ map:      0.99 kB
out/renderer/assets/gallery-vertical-end-BXkEupi4.js                     0.26 kB │ gzip:     0.22 kB │ map:      1.10 kB
out/renderer/assets/goal-CxfZzWbA.js                                     0.26 kB │ gzip:     0.21 kB │ map:      0.99 kB
out/renderer/assets/list-minus-C9IU_Nx_.js                               0.26 kB │ gzip:     0.19 kB │ map:      1.06 kB
out/renderer/assets/video-DP6MOdfY.js                                    0.26 kB │ gzip:     0.22 kB │ map:      1.02 kB
out/renderer/assets/zoom-out-ilwqOeNG.js                                 0.26 kB │ gzip:     0.20 kB │ map:      1.11 kB
out/renderer/assets/heading-1-Cn0cDICm.js                                0.26 kB │ gzip:     0.19 kB │ map:      1.06 kB
out/renderer/assets/mountain-snow-DMuuEf0v.js                            0.26 kB │ gzip:     0.22 kB │ map:      0.97 kB
out/renderer/assets/panel-top-close-BKS7WQz9.js                          0.26 kB │ gzip:     0.22 kB │ map:      1.08 kB
out/renderer/assets/panel-top-open-Cf2ejkAJ.js                           0.26 kB │ gzip:     0.22 kB │ map:      1.08 kB
out/renderer/assets/panels-right-bottom-Dc1RLS4g.js                      0.26 kB │ gzip:     0.22 kB │ map:      1.10 kB
out/renderer/assets/user-round-check-By4tBgfJ.js                         0.26 kB │ gzip:     0.22 kB │ map:      1.06 kB
out/renderer/assets/voicemail-j-Vzdmnm.js                                0.26 kB │ gzip:     0.20 kB │ map:      1.09 kB
out/renderer/assets/circle-alert-CPpfGF0b.js                             0.26 kB │ gzip:     0.19 kB │ map:      1.14 kB
out/renderer/assets/ellipsis-vertical-uUmLwYo4.js                        0.26 kB │ gzip:     0.19 kB │ map:      1.12 kB
out/renderer/assets/mic-ButYt9ip.js                                      0.26 kB │ gzip:     0.22 kB │ map:      1.02 kB
out/renderer/assets/mirror-rectangular-BdQ3ygi6.js                       0.26 kB │ gzip:     0.22 kB │ map:      1.10 kB
out/renderer/assets/pen-BvTGBqNo.js                                      0.26 kB │ gzip:     0.22 kB │ map:      0.88 kB
out/renderer/assets/book-minus-NDPUOBWB.js                               0.26 kB │ gzip:     0.22 kB │ map:      0.97 kB
out/renderer/assets/chart-column-BwCXktws.js                             0.26 kB │ gzip:     0.20 kB │ map:      1.09 kB
out/renderer/assets/circle-arrow-out-down-right-h_XD6Z1R.js              0.26 kB │ gzip:     0.21 kB │ map:      1.09 kB
out/renderer/assets/cloud-upload-Cy-LkILE.js                             0.26 kB │ gzip:     0.21 kB │ map:      1.03 kB
out/renderer/assets/external-link-DRyEE9Ms.js                            0.26 kB │ gzip:     0.20 kB │ map:      1.03 kB
out/renderer/assets/gallery-horizontal-end-E_A5Auen.js                   0.26 kB │ gzip:     0.22 kB │ map:      1.12 kB
out/renderer/assets/mouse-pointer-2-DGQkahY_.js                          0.26 kB │ gzip:     0.22 kB │ map:      0.95 kB
out/renderer/assets/pi-DJ2pFENp.js                                       0.26 kB │ gzip:     0.22 kB │ map:      1.01 kB
out/renderer/assets/signal-high-Lwb8KQc9.js                              0.26 kB │ gzip:     0.20 kB │ map:      1.07 kB
out/renderer/assets/square-arrow-down-B-RX9zIJ.js                        0.26 kB │ gzip:     0.22 kB │ map:      1.09 kB
out/renderer/assets/square-arrow-up-CQVBtGbL.js                          0.26 kB │ gzip:     0.22 kB │ map:      1.08 kB
out/renderer/assets/annoyed-CCeJ9d0w.js                                  0.26 kB │ gzip:     0.20 kB │ map:      1.08 kB
out/renderer/assets/circle-gauge-B4HCrgp9.js                             0.26 kB │ gzip:     0.22 kB │ map:      1.04 kB
out/renderer/assets/headphones-DlAVvdYM.js                               0.26 kB │ gzip:     0.20 kB │ map:      0.91 kB
out/renderer/assets/panel-bottom-open-rEDh9s7O.js                        0.26 kB │ gzip:     0.22 kB │ map:      1.10 kB
out/renderer/assets/settings-2-BoMqqCDo.js                               0.26 kB │ gzip:     0.19 kB │ map:      1.13 kB
out/renderer/assets/skip-back-DuBfXUxU.js                                0.26 kB │ gzip:     0.22 kB │ map:      0.97 kB
out/renderer/assets/skip-forward-Dw6H11Vm.js                             0.26 kB │ gzip:     0.22 kB │ map:      0.98 kB
out/renderer/assets/square-arrow-left-BtHI13eb.js                        0.26 kB │ gzip:     0.22 kB │ map:      1.10 kB
out/renderer/assets/square-arrow-up-right-C256U1Dq.js                    0.26 kB │ gzip:     0.22 kB │ map:      1.11 kB
out/renderer/assets/zodiac-libra-BEKri7UL.js                             0.26 kB │ gzip:     0.22 kB │ map:      0.98 kB
out/renderer/assets/archive-DSiNq_wD.js                                  0.26 kB │ gzip:     0.21 kB │ map:      1.06 kB
out/renderer/assets/disc-album-DTVOUyj_.js                               0.26 kB │ gzip:     0.22 kB │ map:      1.09 kB
out/renderer/assets/list-check-DyfBxER7.js                               0.26 kB │ gzip:     0.20 kB │ map:      1.07 kB
out/renderer/assets/panel-bottom-close-DJUZWpbQ.js                       0.26 kB │ gzip:     0.22 kB │ map:      1.10 kB
out/renderer/assets/shell-CnTXqTU9.js                                    0.26 kB │ gzip:     0.21 kB │ map:      0.89 kB
out/renderer/assets/square-arrow-right-DjJoslJL.js                       0.26 kB │ gzip:     0.22 kB │ map:      1.10 kB
out/renderer/assets/square-arrow-up-left-BxKvisLk.js                     0.26 kB │ gzip:     0.22 kB │ map:      1.11 kB
out/renderer/assets/step-back-Bqtj_stO.js                                0.26 kB │ gzip:     0.22 kB │ map:      0.97 kB
out/renderer/assets/step-forward-O9UwjDzZ.js                             0.26 kB │ gzip:     0.22 kB │ map:      0.99 kB
out/renderer/assets/timer-DNxPVUqi.js                                    0.26 kB │ gzip:     0.20 kB │ map:      1.09 kB
out/renderer/assets/ampersand-mtHn7xHB.js                                0.27 kB │ gzip:     0.22 kB │ map:      0.97 kB
out/renderer/assets/bed-Coe1aS5H.js                                      0.27 kB │ gzip:     0.20 kB │ map:      1.03 kB
out/renderer/assets/git-commit-horizontal-BmwmaYxL.js                    0.27 kB │ gzip:     0.19 kB │ map:      1.19 kB
out/renderer/assets/route-BIv_5lww.js                                    0.27 kB │ gzip:     0.20 kB │ map:      1.05 kB
out/renderer/assets/square-arrow-down-right-BvUM4TMm.js                  0.27 kB │ gzip:     0.22 kB │ map:      1.12 kB
out/renderer/assets/align-vertical-space-around-7hupbgZm.js              0.27 kB │ gzip:     0.22 kB │ map:      1.14 kB
out/renderer/assets/cloudy-ClaxRW8P.js                                   0.27 kB │ gzip:     0.22 kB │ map:      0.93 kB
out/renderer/assets/laptop-minimal-check-B56Mxhq1.js                     0.27 kB │ gzip:     0.22 kB │ map:      1.11 kB
out/renderer/assets/lock-keyhole-Cat-e4JG.js                             0.27 kB │ gzip:     0.22 kB │ map:      1.12 kB
out/renderer/assets/redo-dot-CCsxrPlm.js                                 0.27 kB │ gzip:     0.22 kB │ map:      1.02 kB
out/renderer/assets/square-arrow-down-left-Cs3YEisf.js                   0.27 kB │ gzip:     0.22 kB │ map:      1.12 kB
out/renderer/assets/text-wrap-BnIcXKt8.js                                0.27 kB │ gzip:     0.19 kB │ map:      1.08 kB
out/renderer/assets/circle-play-DTKWEIE6.js                              0.27 kB │ gzip:     0.21 kB │ map:      1.03 kB
out/renderer/assets/eye-Lh4hA-RV.js                                      0.27 kB │ gzip:     0.21 kB │ map:      0.99 kB
out/renderer/assets/popsicle-B-facjKY.js                                 0.27 kB │ gzip:     0.22 kB │ map:      0.97 kB
out/renderer/assets/proportions-CR4FA0Nm.js                              0.27 kB │ gzip:     0.22 kB │ map:      1.07 kB
out/renderer/assets/table-DgNuDUMx.js                                    0.27 kB │ gzip:     0.20 kB │ map:      1.12 kB
out/renderer/assets/align-horizontal-space-around-BCJkbqKP.js            0.27 kB │ gzip:     0.22 kB │ map:      1.16 kB
out/renderer/assets/link-2-W-EVxS2R.js                                   0.27 kB │ gzip:     0.22 kB │ map:      1.03 kB
out/renderer/assets/percent-B8ADg3i6.js                                  0.27 kB │ gzip:     0.20 kB │ map:      1.09 kB
out/renderer/assets/app-window-D3hvMG9M.js                               0.27 kB │ gzip:     0.21 kB │ map:      1.14 kB
out/renderer/assets/book-check-DIBAa8fM.js                               0.27 kB │ gzip:     0.22 kB │ map:      0.98 kB
out/renderer/assets/chunk-426QAEUC-CbaqX3dD.js                           0.27 kB │ gzip:     0.22 kB │ map:      1.07 kB
out/renderer/assets/cloud-fog-CvqMMMCD.js                                0.27 kB │ gzip:     0.22 kB │ map:      1.00 kB
out/renderer/assets/move-3d-CBSUBzek.js                                  0.27 kB │ gzip:     0.20 kB │ map:      1.06 kB
out/renderer/assets/user-check-CfxedGO5.js                               0.27 kB │ gzip:     0.22 kB │ map:      1.04 kB
out/renderer/assets/anchor-nDBlp-SD.js                                   0.27 kB │ gzip:     0.22 kB │ map:      1.10 kB
out/renderer/assets/diamond-aIT64QzH.js                                  0.27 kB │ gzip:     0.19 kB │ map:      0.91 kB
out/renderer/assets/italic-B7bzxS9q.js                                   0.27 kB │ gzip:     0.20 kB │ map:      1.12 kB
out/renderer/assets/lasso-CQm_8_Lt.js                                    0.27 kB │ gzip:     0.23 kB │ map:      1.02 kB
out/renderer/assets/monitor-nxr6pn2C.js                                  0.27 kB │ gzip:     0.21 kB │ map:      1.15 kB
out/renderer/assets/arrow-down-up-POAu-T7f.js                            0.27 kB │ gzip:     0.21 kB │ map:      1.09 kB
out/renderer/assets/arrow-up-down-a4u8Ejfm.js                            0.27 kB │ gzip:     0.21 kB │ map:      1.09 kB
out/renderer/assets/banknote-DXJEqYyK.js                                 0.27 kB │ gzip:     0.22 kB │ map:      1.09 kB
out/renderer/assets/bluetooth-searching-MbUlu7fC.js                      0.27 kB │ gzip:     0.22 kB │ map:      1.06 kB
out/renderer/assets/chart-bar-Cn_YwLjI.js                                0.27 kB │ gzip:     0.20 kB │ map:      1.07 kB
out/renderer/assets/vibrate-Be7qvOil.js                                  0.27 kB │ gzip:     0.22 kB │ map:      1.06 kB
out/renderer/assets/cloud-download-ByGZGXXU.js                           0.27 kB │ gzip:     0.22 kB │ map:      1.05 kB
out/renderer/assets/equal-not-DsBy28zg.js                                0.27 kB │ gzip:     0.20 kB │ map:      1.13 kB
out/renderer/assets/square-kanban-BCAcQk46.js                            0.27 kB │ gzip:     0.21 kB │ map:      1.16 kB
out/renderer/assets/square-power-B6jIeP45.js                             0.27 kB │ gzip:     0.23 kB │ map:      1.08 kB
out/renderer/assets/wind-DsBIHJ84.js                                     0.27 kB │ gzip:     0.21 kB │ map:      0.99 kB
out/renderer/assets/book-marked-kK3fzGNL.js                              0.27 kB │ gzip:     0.22 kB │ map:      0.99 kB
out/renderer/assets/clock-alert-Cf5KCyRp.js                              0.27 kB │ gzip:     0.21 kB │ map:      1.10 kB
out/renderer/assets/import-BolMbZ10.js                                   0.27 kB │ gzip:     0.20 kB │ map:      1.04 kB
out/renderer/assets/non-binary-BorhwZl-.js                               0.27 kB │ gzip:     0.22 kB │ map:      1.10 kB
out/renderer/assets/picture-in-picture-2-BFM7-3RQ.js                     0.27 kB │ gzip:     0.23 kB │ map:      1.06 kB
out/renderer/assets/strikethrough-D0zic_YH.js                            0.27 kB │ gzip:     0.23 kB │ map:      1.08 kB
out/renderer/assets/arrow-left-right-BKH6CwQh.js                         0.27 kB │ gzip:     0.21 kB │ map:      1.11 kB
out/renderer/assets/chart-gantt-2xevTWN-.js                              0.27 kB │ gzip:     0.21 kB │ map:      1.08 kB
out/renderer/assets/circle-dollar-sign-CMTKcN3m.js                       0.27 kB │ gzip:     0.22 kB │ map:      1.08 kB
out/renderer/assets/cloud-alert-CE7I7Wm8.js                              0.27 kB │ gzip:     0.22 kB │ map:      1.02 kB
out/renderer/assets/mouse-left-z_rWxtEf.js                               0.27 kB │ gzip:     0.23 kB │ map:      1.04 kB
out/renderer/assets/circle-off-Be8RoaQs.js                               0.28 kB │ gzip:     0.22 kB │ map:      1.02 kB
out/renderer/assets/donut-J04gqDll.js                                    0.28 kB │ gzip:     0.23 kB │ map:      0.99 kB
out/renderer/assets/list-indent-decrease-DPyk4mUL.js                     0.28 kB │ gzip:     0.20 kB │ map:      1.13 kB
out/renderer/assets/list-indent-increase-8x-cIhML.js                     0.28 kB │ gzip:     0.20 kB │ map:      1.13 kB
out/renderer/assets/tent-C8YNIzRa.js                                     0.28 kB │ gzip:     0.20 kB │ map:      1.05 kB
out/renderer/assets/test-tube-BIOb_Xmz.js                                0.28 kB │ gzip:     0.22 kB │ map:      1.01 kB
out/renderer/assets/grid-2x2-check-DrGfdAMq.js                           0.28 kB │ gzip:     0.21 kB │ map:      1.01 kB
out/renderer/assets/pentagon-CSswTnXN.js                                 0.28 kB │ gzip:     0.22 kB │ map:      0.92 kB
out/renderer/assets/trending-up-down-C_My10F_.js                         0.28 kB │ gzip:     0.21 kB │ map:      1.13 kB
out/renderer/assets/triangle-alert-B2Tx2t8G.js                           0.28 kB │ gzip:     0.22 kB │ map:      1.09 kB
out/renderer/assets/workflow-CqJaD2Hy.js                                 0.28 kB │ gzip:     0.21 kB │ map:      1.14 kB
out/renderer/assets/blocks-tdUHw0Nf.js                                   0.28 kB │ gzip:     0.22 kB │ map:      1.04 kB
out/renderer/assets/compass-Cm6LIxdr.js                                  0.28 kB │ gzip:     0.22 kB │ map:      1.00 kB
out/renderer/assets/lens-convex-Cr_R1wlj.js                              0.28 kB │ gzip:     0.22 kB │ map:      0.93 kB
out/renderer/assets/sword-8nw2W_N2.js                                    0.28 kB │ gzip:     0.22 kB │ map:      1.06 kB
out/renderer/assets/circle-percent-CaE7dFUy.js                           0.28 kB │ gzip:     0.21 kB │ map:      1.13 kB
out/renderer/assets/lollipop-BxoC0gAp.js                                 0.28 kB │ gzip:     0.22 kB │ map:      1.04 kB
out/renderer/assets/mouse-right-qHXkd3Po.js                              0.28 kB │ gzip:     0.23 kB │ map:      1.05 kB
out/renderer/assets/trash-CXpXGeK1.js                                    0.28 kB │ gzip:     0.21 kB │ map:      1.00 kB
out/renderer/assets/webcam-M86X9Yw9.js                                   0.28 kB │ gzip:     0.21 kB │ map:      1.12 kB
out/renderer/assets/circle-user-round-COy4j14H.js                        0.28 kB │ gzip:     0.22 kB │ map:      1.11 kB
out/renderer/assets/mars-stroke-Q3Tb2bDr.js                              0.28 kB │ gzip:     0.22 kB │ map:      1.11 kB
out/renderer/assets/search-alert-C9LrmeQI.js                             0.28 kB │ gzip:     0.22 kB │ map:      1.12 kB
out/renderer/assets/squares-unite-DCEzsMtK.js                            0.28 kB │ gzip:     0.21 kB │ map:      0.94 kB
out/renderer/assets/ticket-minus-C94GruV1.js                             0.28 kB │ gzip:     0.22 kB │ map:      1.00 kB
out/renderer/assets/users-round-HY3DNMdp.js                              0.28 kB │ gzip:     0.23 kB │ map:      1.05 kB
out/renderer/assets/flag-PmDtRQDf.js                                     0.28 kB │ gzip:     0.23 kB │ map:      0.90 kB
out/renderer/assets/globe-x-CgyF00AY.js                                  0.28 kB │ gzip:     0.22 kB │ map:      1.02 kB
out/renderer/assets/image-CfEJ-qpH.js                                    0.28 kB │ gzip:     0.22 kB │ map:      1.11 kB
out/renderer/assets/pound-sterling-WmwhAm5x.js                           0.28 kB │ gzip:     0.21 kB │ map:      1.11 kB
out/renderer/assets/circle-ellipsis-Bk6A1dCj.js                          0.28 kB │ gzip:     0.20 kB │ map:      1.14 kB
out/renderer/assets/file-Dwps_ZF3.js                                     0.28 kB │ gzip:     0.22 kB │ map:      0.98 kB
out/renderer/assets/fishing-rod-DOl2q30z.js                              0.28 kB │ gzip:     0.23 kB │ map:      1.05 kB
out/renderer/assets/text-cursor-6RbPyr3U.js                              0.28 kB │ gzip:     0.21 kB │ map:      1.03 kB
out/renderer/assets/chart-bar-decreasing-CtRKQ-4s.js                     0.28 kB │ gzip:     0.21 kB │ map:      1.14 kB
out/renderer/assets/chart-bar-increasing-DSTrnp_6.js                     0.28 kB │ gzip:     0.21 kB │ map:      1.14 kB
out/renderer/assets/clipboard-CDmENFOO.js                                0.28 kB │ gzip:     0.23 kB │ map:      1.06 kB
out/renderer/assets/funnel-CodbZ47P.js                                   0.28 kB │ gzip:     0.23 kB │ map:      0.91 kB
out/renderer/assets/georgian-lari-DAUGs1w-.js                            0.28 kB │ gzip:     0.22 kB │ map:      1.10 kB
out/renderer/assets/link-DpxScAmN.js                                     0.28 kB │ gzip:     0.21 kB │ map:      0.93 kB
out/renderer/assets/square-m-BsC7teBQ.js                                 0.28 kB │ gzip:     0.23 kB │ map:      1.04 kB
out/renderer/assets/square-user-round-DjNQ0fud.js                        0.28 kB │ gzip:     0.24 kB │ map:      1.14 kB
out/renderer/assets/user-minus-BE5cO8jo.js                               0.28 kB │ gzip:     0.23 kB │ map:      1.09 kB
out/renderer/assets/waves-vertical-qkYmBdAT.js                           0.28 kB │ gzip:     0.19 kB │ map:      1.05 kB
out/renderer/assets/calendar-DpFrVM25.js                                 0.28 kB │ gzip:     0.22 kB │ map:      1.13 kB
out/renderer/assets/person-standing-9XOFCWGD.js                          0.28 kB │ gzip:     0.22 kB │ map:      1.14 kB
out/renderer/assets/search-x-XOazpTG2.js                                 0.28 kB │ gzip:     0.22 kB │ map:      1.11 kB
out/renderer/assets/bluetooth-connected-CvmAjWBP.js                      0.28 kB │ gzip:     0.22 kB │ map:      1.16 kB
out/renderer/assets/grid-3x2-y4yKTFwO.js                                 0.28 kB │ gzip:     0.22 kB │ map:      1.13 kB
out/renderer/assets/heart-CN3VdCcO.js                                    0.28 kB │ gzip:     0.23 kB │ map:      0.91 kB
out/renderer/assets/pc-case-f-uBvP1y.js                                  0.28 kB │ gzip:     0.22 kB │ map:      1.13 kB
out/renderer/assets/pyramid-Zl-3jWvg.js                                  0.28 kB │ gzip:     0.23 kB │ map:      0.98 kB
out/renderer/assets/rectangle-goggles-DDiArlvR.js                        0.28 kB │ gzip:     0.22 kB │ map:      0.97 kB
out/renderer/assets/repeat-2-176IG1H3.js                                 0.28 kB │ gzip:     0.21 kB │ map:      1.10 kB
out/renderer/assets/waves-horizontal-Cd47fnS1.js                         0.28 kB │ gzip:     0.19 kB │ map:      1.06 kB
out/renderer/assets/zodiac-capricorn-Cup2Fuek.js                         0.28 kB │ gzip:     0.23 kB │ map:      1.09 kB
out/renderer/assets/heading-2-DIc89rwr.js                                0.29 kB │ gzip:     0.22 kB │ map:      1.08 kB
out/renderer/assets/map-pin-mNWTqQTA.js                                  0.29 kB │ gzip:     0.24 kB │ map:      1.01 kB
out/renderer/assets/martini-BrvKx1ZM.js                                  0.29 kB │ gzip:     0.22 kB │ map:      1.04 kB
out/renderer/assets/music-4-CdT8bpy1.js                                  0.29 kB │ gzip:     0.22 kB │ map:      1.13 kB
out/renderer/assets/refrigerator-BNslwiKB.js                             0.29 kB │ gzip:     0.22 kB │ map:      1.05 kB
out/renderer/assets/split-BU5EJCHO.js                                    0.29 kB │ gzip:     0.22 kB │ map:      1.06 kB
out/renderer/assets/square-arrow-out-up-left-BL8uWJcv.js                 0.29 kB │ gzip:     0.22 kB │ map:      1.09 kB
out/renderer/assets/ticket-check-CY5i6fmv.js                             0.29 kB │ gzip:     0.22 kB │ map:      1.01 kB
out/renderer/assets/ticket-slash-D9pK3BcQ.js                             0.29 kB │ gzip:     0.22 kB │ map:      1.01 kB
out/renderer/assets/align-end-vertical-sw1GVuO7.js                       0.29 kB │ gzip:     0.22 kB │ map:      1.18 kB
out/renderer/assets/circle-user-cy_ecugF.js                              0.29 kB │ gzip:     0.22 kB │ map:      1.09 kB
out/renderer/assets/euro-vt3M4Vsa.js                                     0.29 kB │ gzip:     0.23 kB │ map:      1.03 kB
out/renderer/assets/map-pin-minus-inside-DigAJpTl.js                     0.29 kB │ gzip:     0.24 kB │ map:      1.05 kB
out/renderer/assets/weight-DFsFtg49.js                                   0.29 kB │ gzip:     0.24 kB │ map:      1.01 kB
out/renderer/assets/align-start-vertical-B0N8NrIl.js                     0.29 kB │ gzip:     0.22 kB │ map:      1.19 kB
out/renderer/assets/bed-single-BArtbyax.js                               0.29 kB │ gzip:     0.21 kB │ map:      1.03 kB
out/renderer/assets/handbag-COm8Bt9Z.js                                  0.29 kB │ gzip:     0.23 kB │ map:      0.99 kB
out/renderer/assets/pencil-D2NpgHM3.js                                   0.29 kB │ gzip:     0.23 kB │ map:      0.99 kB
out/renderer/assets/rows-4--F8ZGigd.js                                   0.29 kB │ gzip:     0.22 kB │ map:      1.12 kB
out/renderer/assets/square-arrow-out-up-right-DuUN1eGM.js                0.29 kB │ gzip:     0.22 kB │ map:      1.10 kB
out/renderer/assets/utensils-Jg-MLTEF.js                                 0.29 kB │ gzip:     0.22 kB │ map:      1.02 kB
out/renderer/assets/align-end-horizontal-DtSLr2CW.js                     0.29 kB │ gzip:     0.22 kB │ map:      1.19 kB
out/renderer/assets/chart-column-decreasing-BC_sujgU.js                  0.29 kB │ gzip:     0.22 kB │ map:      1.16 kB
out/renderer/assets/chart-column-increasing-BNlUIyCv.js                  0.29 kB │ gzip:     0.22 kB │ map:      1.16 kB
out/renderer/assets/ghost-DmLGs5ur.js                                    0.29 kB │ gzip:     0.22 kB │ map:      1.04 kB
out/renderer/assets/lock-keyhole-open-BN7fIdaN.js                        0.29 kB │ gzip:     0.24 kB │ map:      1.15 kB
out/renderer/assets/navigation-off-C_VP-juj.js                           0.29 kB │ gzip:     0.23 kB │ map:      1.10 kB
out/renderer/assets/square-menu-Q8oNO1h4.js                              0.29 kB │ gzip:     0.22 kB │ map:      1.15 kB
out/renderer/assets/tree-deciduous-BqO9Jfon.js                           0.29 kB │ gzip:     0.23 kB │ map:      1.02 kB
out/renderer/assets/vegan-Cpj5czTf.js                                    0.29 kB │ gzip:     0.23 kB │ map:      1.01 kB
out/renderer/assets/zap-DlAAUayM.js                                      0.29 kB │ gzip:     0.23 kB │ map:      0.90 kB
out/renderer/assets/align-start-horizontal-D_RSfsL_.js                   0.29 kB │ gzip:     0.22 kB │ map:      1.20 kB
out/renderer/assets/closed-caption-BRiO2boj.js                           0.29 kB │ gzip:     0.23 kB │ map:      1.11 kB
out/renderer/assets/navigation-2-off-BDkIV8mb.js                         0.29 kB │ gzip:     0.23 kB │ map:      1.10 kB
out/renderer/assets/square-arrow-out-down-left-DadGyazR.js               0.29 kB │ gzip:     0.22 kB │ map:      1.11 kB
out/renderer/assets/square-pause-CKPFdm-h.js                             0.29 kB │ gzip:     0.22 kB │ map:      1.18 kB
out/renderer/assets/test-tube-diagonal-nznEpKtq.js                       0.29 kB │ gzip:     0.23 kB │ map:      1.09 kB
out/renderer/assets/book-open-DQv9oK2K.js                                0.29 kB │ gzip:     0.21 kB │ map:      1.01 kB
out/renderer/assets/columns-4-BVTmHDZr.js                                0.29 kB │ gzip:     0.22 kB │ map:      1.14 kB
out/renderer/assets/key-0zO3shov.js                                      0.29 kB │ gzip:     0.23 kB │ map:      1.03 kB
out/renderer/assets/list-checks-CfN5wLxp.js                              0.29 kB │ gzip:     0.19 kB │ map:      1.18 kB
out/renderer/assets/tablets-B5nrJ3H-.js                                  0.29 kB │ gzip:     0.22 kB │ map:      1.14 kB
out/renderer/assets/barcode-DNacYovd.js                                  0.29 kB │ gzip:     0.19 kB │ map:      1.14 kB
out/renderer/assets/case-lower-BZxY7cvQ.js                               0.29 kB │ gzip:     0.21 kB │ map:      1.15 kB
out/renderer/assets/leaf-Ddn8CpLS.js                                     0.29 kB │ gzip:     0.24 kB │ map:      0.98 kB
out/renderer/assets/user-round-plus-C8G7EqzR.js                          0.29 kB │ gzip:     0.23 kB │ map:      1.15 kB
out/renderer/assets/user-round-x-D9LgpDr-.js                             0.29 kB │ gzip:     0.23 kB │ map:      1.13 kB
out/renderer/assets/house-i_VwZq6a.js                                    0.29 kB │ gzip:     0.22 kB │ map:      1.00 kB
out/renderer/assets/map-pin-check-inside-BfLFv6rm.js                     0.29 kB │ gzip:     0.24 kB │ map:      1.05 kB
out/renderer/assets/radio-receiver-B9s1a_GW.js                           0.29 kB │ gzip:     0.23 kB │ map:      1.17 kB
out/renderer/assets/square-arrow-right-enter-BD4aNg8y.js                 0.29 kB │ gzip:     0.22 kB │ map:      1.15 kB
out/renderer/assets/square-dashed-bottom-N8FAMqqb.js                     0.29 kB │ gzip:     0.22 kB │ map:      1.10 kB
out/renderer/assets/tornado-Cy_gOBpA.js                                  0.29 kB │ gzip:     0.21 kB │ map:      1.14 kB
out/renderer/assets/eraser-OvR6NOIK.js                                   0.29 kB │ gzip:     0.22 kB │ map:      1.00 kB
out/renderer/assets/square-arrow-out-down-right-BcP-ACvn.js              0.29 kB │ gzip:     0.22 kB │ map:      1.12 kB
out/renderer/assets/square-chart-gantt-Br3gF9PB.js                       0.29 kB │ gzip:     0.23 kB │ map:      1.19 kB
out/renderer/assets/square-library-B3v2qsrd.js                           0.29 kB │ gzip:     0.22 kB │ map:      1.17 kB
out/renderer/assets/table-properties-Djv04VPF.js                         0.29 kB │ gzip:     0.23 kB │ map:      1.18 kB
out/renderer/assets/tally-5-CA9JTIEd.js                                  0.29 kB │ gzip:     0.20 kB │ map:      1.14 kB
out/renderer/assets/app-window-mac-C9FdQ5_8.js                           0.29 kB │ gzip:     0.22 kB │ map:      1.17 kB
out/renderer/assets/axis-3d-CtcxGp-y.js                                  0.29 kB │ gzip:     0.22 kB │ map:      1.09 kB
out/renderer/assets/badge-CWAhG-HS.js                                    0.29 kB │ gzip:     0.20 kB │ map:      0.92 kB
out/renderer/assets/battery-medium-H2AGVaVr.js                           0.29 kB │ gzip:     0.22 kB │ map:      1.17 kB
out/renderer/assets/between-vertical-end-CNoMN9iv.js                     0.29 kB │ gzip:     0.22 kB │ map:      1.20 kB
out/renderer/assets/list-plus-t1AfE4q1.js                                0.29 kB │ gzip:     0.21 kB │ map:      1.15 kB
out/renderer/assets/signal-CGSmGMuq.js                                   0.29 kB │ gzip:     0.21 kB │ map:      1.14 kB
out/renderer/assets/table-cells-split-1XD1H80O.js                        0.29 kB │ gzip:     0.23 kB │ map:      1.19 kB
out/renderer/assets/align-vertical-justify-end-4eGT6kw8.js               0.30 kB │ gzip:     0.23 kB │ map:      1.22 kB
out/renderer/assets/dice-3-ChSEnrkF.js                                   0.30 kB │ gzip:     0.22 kB │ map:      1.15 kB
out/renderer/assets/ice-cream-cone-CnkQ2D4q.js                           0.30 kB │ gzip:     0.22 kB │ map:      1.06 kB
out/renderer/assets/monitor-check-CMK9XOvD.js                            0.30 kB │ gzip:     0.23 kB │ map:      1.17 kB
out/renderer/assets/scroll-QUvIs57i.js                                   0.30 kB │ gzip:     0.22 kB │ map:      0.99 kB
out/renderer/assets/square-percent-BIw4ZJ-4.js                           0.30 kB │ gzip:     0.23 kB │ map:      1.17 kB
out/renderer/assets/square-user-B58XsL4O.js                              0.30 kB │ gzip:     0.24 kB │ map:      1.12 kB
out/renderer/assets/timer-reset-CcOI7lWQ.js                              0.30 kB │ gzip:     0.22 kB │ map:      1.10 kB
out/renderer/assets/align-vertical-justify-start-Bu-3_Rra.js             0.30 kB │ gzip:     0.22 kB │ map:      1.24 kB
out/renderer/assets/balloon-fG7wc4yT.js                                  0.30 kB │ gzip:     0.22 kB │ map:      1.03 kB
out/renderer/assets/between-vertical-start-D5Cpgq10.js                   0.30 kB │ gzip:     0.22 kB │ map:      1.21 kB
out/renderer/assets/book-text-Dn7AzbxC.js                                0.30 kB │ gzip:     0.23 kB │ map:      1.06 kB
out/renderer/assets/circle-pound-sterling-HGy3x5L3.js                    0.30 kB │ gzip:     0.23 kB │ map:      1.18 kB
out/renderer/assets/folder-minus-CLitCjI5.js                             0.30 kB │ gzip:     0.23 kB │ map:      1.02 kB
out/renderer/assets/rotate-cw-square-ClobIrnH.js                         0.30 kB │ gzip:     0.22 kB │ map:      1.07 kB
out/renderer/assets/signpost-big-1bg4MenC.js                             0.30 kB │ gzip:     0.23 kB │ map:      1.11 kB
out/renderer/assets/align-horizontal-justify-end-D2JKJWrR.js             0.30 kB │ gzip:     0.23 kB │ map:      1.24 kB
out/renderer/assets/between-horizontal-end-DV4G25P2.js                   0.30 kB │ gzip:     0.22 kB │ map:      1.21 kB
out/renderer/assets/between-horizontal-start-DXixwUre.js                 0.30 kB │ gzip:     0.22 kB │ map:      1.22 kB
out/renderer/assets/book-plus-DdPUueVj.js                                0.30 kB │ gzip:     0.23 kB │ map:      1.06 kB
out/renderer/assets/chart-bar-big-CDmNHIY1.js                            0.30 kB │ gzip:     0.23 kB │ map:      1.16 kB
out/renderer/assets/inbox-B4kCfMBh.js                                    0.30 kB │ gzip:     0.23 kB │ map:      1.00 kB
out/renderer/assets/lightbulb-KtDiRQWt.js                                0.30 kB │ gzip:     0.23 kB │ map:      1.08 kB
out/renderer/assets/plug-C6CguvvJ.js                                     0.30 kB │ gzip:     0.20 kB │ map:      1.10 kB
out/renderer/assets/align-horizontal-justify-start-DOdd4uTo.js           0.30 kB │ gzip:     0.23 kB │ map:      1.25 kB
out/renderer/assets/align-vertical-justify-center-CA7uJ0ZW.js            0.30 kB │ gzip:     0.23 kB │ map:      1.24 kB
out/renderer/assets/folder-closed-BZsNpOKY.js                            0.30 kB │ gzip:     0.23 kB │ map:      1.03 kB
out/renderer/assets/list-filter-plus-CroLchtT.js                         0.30 kB │ gzip:     0.21 kB │ map:      1.19 kB
out/renderer/assets/repeat-DBDPrBiP.js                                   0.30 kB │ gzip:     0.22 kB │ map:      1.09 kB
out/renderer/assets/rotate-ccw-square-PvXORPtO.js                        0.30 kB │ gzip:     0.22 kB │ map:      1.08 kB
out/renderer/assets/search-code-CDB2Alfo.js                              0.30 kB │ gzip:     0.23 kB │ map:      1.14 kB
out/renderer/assets/shield-CFggq81v.js                                   0.30 kB │ gzip:     0.24 kB │ map:      0.93 kB
out/renderer/assets/square-asterisk-BeRSXjYM.js                          0.30 kB │ gzip:     0.23 kB │ map:      1.18 kB
out/renderer/assets/square-play-C8DJIa-x.js                              0.30 kB │ gzip:     0.24 kB │ map:      1.07 kB
out/renderer/assets/bookmark-minus-CY3RDDQI.js                           0.30 kB │ gzip:     0.23 kB │ map:      1.03 kB
out/renderer/assets/chart-column-big-DVAJNJxP.js                         0.30 kB │ gzip:     0.23 kB │ map:      1.18 kB
out/renderer/assets/chart-pie-BO6EPX3k.js                                0.30 kB │ gzip:     0.24 kB │ map:      1.01 kB
out/renderer/assets/clock-plus-BnBzu-kR.js                               0.30 kB │ gzip:     0.23 kB │ map:      1.10 kB
out/renderer/assets/git-branch-minus-CIz80SDh.js                         0.30 kB │ gzip:     0.23 kB │ map:      1.19 kB
out/renderer/assets/speaker-CxbpWWFl.js                                  0.30 kB │ gzip:     0.23 kB │ map:      1.17 kB
out/renderer/assets/align-horizontal-justify-center-BVWO5DNW.js          0.30 kB │ gzip:     0.23 kB │ map:      1.26 kB
out/renderer/assets/award-Cs-irt-T.js                                    0.30 kB │ gzip:     0.24 kB │ map:      1.02 kB
out/renderer/assets/message-circle-check-D7BKhf9H.js                     0.30 kB │ gzip:     0.24 kB │ map:      1.08 kB
out/renderer/assets/path-B01D6ptZ.js                                     0.30 kB │ gzip:     0.22 kB │ map:      1.03 kB
out/renderer/assets/square-function-D9rBd6TF.js                          0.30 kB │ gzip:     0.24 kB │ map:      1.14 kB
out/renderer/assets/square-pi-spELowQp.js                                0.30 kB │ gzip:     0.23 kB │ map:      1.15 kB
out/renderer/assets/umbrella-PyMbw_5w.js                                 0.30 kB │ gzip:     0.23 kB │ map:      1.07 kB
out/renderer/assets/book-alert-CiuBQUQG.js                               0.30 kB │ gzip:     0.23 kB │ map:      1.07 kB
out/renderer/assets/book-x-BE5YUYwq.js                                   0.30 kB │ gzip:     0.23 kB │ map:      1.05 kB
out/renderer/assets/list-x-fWj_XTwU.js                                   0.30 kB │ gzip:     0.21 kB │ map:      1.15 kB
out/renderer/assets/message-square-dot-CCXVcKS-.js                       0.30 kB │ gzip:     0.25 kB │ map:      1.08 kB
out/renderer/assets/rectangle-ellipsis-Cu7rdkqT.js                       0.30 kB │ gzip:     0.22 kB │ map:      1.20 kB
out/renderer/assets/send-ctnhTKml.js                                     0.30 kB │ gzip:     0.23 kB │ map:      1.00 kB
out/renderer/assets/book-up-ohyv6gPr.js                                  0.30 kB │ gzip:     0.23 kB │ map:      1.06 kB
out/renderer/assets/folder-check-Bxi_u6Hc.js                             0.30 kB │ gzip:     0.23 kB │ map:      1.03 kB
out/renderer/assets/bolt-CziUVTiD.js                                     0.30 kB │ gzip:     0.23 kB │ map:      1.01 kB
out/renderer/assets/clock-arrow-down-4hUZNHdO.js                         0.30 kB │ gzip:     0.23 kB │ map:      1.14 kB
out/renderer/assets/folder-open-CqHA99Gb.js                              0.30 kB │ gzip:     0.22 kB │ map:      0.97 kB
out/renderer/assets/pen-line-CbjzSA_H.js                                 0.30 kB │ gzip:     0.24 kB │ map:      1.00 kB
out/renderer/assets/a-arrow-up-CoatiNeq.js                               0.30 kB │ gzip:     0.24 kB │ map:      1.11 kB
out/renderer/assets/astroid-D1a74ZOB.js                                  0.30 kB │ gzip:     0.19 kB │ map:      0.95 kB
out/renderer/assets/bomb-DYPMDO_G.js                                     0.30 kB │ gzip:     0.24 kB │ map:      1.08 kB
out/renderer/assets/book-a-DilhLCmo.js                                   0.30 kB │ gzip:     0.23 kB │ map:      1.06 kB
out/renderer/assets/book-down-DBz6TtMQ.js                                0.30 kB │ gzip:     0.23 kB │ map:      1.07 kB
out/renderer/assets/bookmark-check-1c2WmQmQ.js                           0.30 kB │ gzip:     0.24 kB │ map:      1.04 kB
out/renderer/assets/mail-minus-CeMYnQMq.js                               0.30 kB │ gzip:     0.24 kB │ map:      1.05 kB
out/renderer/assets/maximize-CDEc0z2m.js                                 0.30 kB │ gzip:     0.21 kB │ map:      1.12 kB
out/renderer/assets/scale-3d-DOuS4B8J.js                                 0.30 kB │ gzip:     0.23 kB │ map:      1.15 kB
out/renderer/assets/volume-rmEc9gDG.js                                   0.30 kB │ gzip:     0.24 kB │ map:      0.93 kB
out/renderer/assets/zodiac-gemini-CniJS-RR.js                            0.30 kB │ gzip:     0.22 kB │ map:      1.13 kB
out/renderer/assets/braces-Dcu2SUlu.js                                   0.31 kB │ gzip:     0.23 kB │ map:      1.01 kB
out/renderer/assets/decimals-arrow-left-B8d4y1yz.js                      0.31 kB │ gzip:     0.24 kB │ map:      1.21 kB
out/renderer/assets/lamp-floor-DBEvNQkx.js                               0.31 kB │ gzip:     0.23 kB │ map:      1.08 kB
out/renderer/assets/math-BsUAC-Ez.js                                     0.31 kB │ gzip:     0.20 kB │ map:      1.01 kB
out/renderer/assets/message-square-check-CHaa4K9o.js                     0.31 kB │ gzip:     0.24 kB │ map:      1.07 kB
out/renderer/assets/power-off-CPPGtdMh.js                                0.31 kB │ gzip:     0.23 kB │ map:      1.10 kB
out/renderer/assets/user-search-BryeWFoA.js                              0.31 kB │ gzip:     0.24 kB │ map:      1.17 kB
out/renderer/assets/a-arrow-down-CIDSY3M5.js                             0.31 kB │ gzip:     0.24 kB │ map:      1.12 kB
out/renderer/assets/cloud-rain-CG3dj9Aw.js                               0.31 kB │ gzip:     0.23 kB │ map:      1.11 kB
out/renderer/assets/list-music-B4YfADEe.js                               0.31 kB │ gzip:     0.22 kB │ map:      1.20 kB
out/renderer/assets/sticky-note-BaVGCFTC.js                              0.31 kB │ gzip:     0.23 kB │ map:      1.02 kB
out/renderer/assets/wifi-DWamB_U0.js                                     0.31 kB │ gzip:     0.22 kB │ map:      1.08 kB
out/renderer/assets/clock-arrow-up-CU663I68.js                           0.31 kB │ gzip:     0.23 kB │ map:      1.13 kB
out/renderer/assets/grid-2x2-plus-tzY_EY7j.js                            0.31 kB │ gzip:     0.22 kB │ map:      1.09 kB
out/renderer/assets/grid-2x2-x-DliC2ks0.js                               0.31 kB │ gzip:     0.22 kB │ map:      1.08 kB
out/renderer/assets/hash-C6LyZbiC.js                                     0.31 kB │ gzip:     0.19 kB │ map:      1.26 kB
out/renderer/assets/list-tree-UlIiFMY2.js                                0.31 kB │ gzip:     0.20 kB │ map:      1.18 kB
out/renderer/assets/rewind-CGAhP53M.js                                   0.31 kB │ gzip:     0.20 kB │ map:      1.00 kB
out/renderer/assets/wind-arrow-down-CjeFo7-L.js                          0.31 kB │ gzip:     0.23 kB │ map:      1.14 kB
out/renderer/assets/drumstick-Cy5_yXs5.js                                0.31 kB │ gzip:     0.25 kB │ map:      1.03 kB
out/renderer/assets/form-DGZWoI_J.js                                     0.31 kB │ gzip:     0.22 kB │ map:      1.19 kB
out/renderer/assets/plug-2-CaqcAu4I.js                                   0.31 kB │ gzip:     0.22 kB │ map:      1.15 kB
out/renderer/assets/square-split-vertical-DLpOi5-E.js                    0.31 kB │ gzip:     0.25 kB │ map:      1.15 kB
out/renderer/assets/tablet-smartphone-Dlon2a9h.js                        0.31 kB │ gzip:     0.24 kB │ map:      1.14 kB
out/renderer/assets/archive-x-Dv5JILcf.js                                0.31 kB │ gzip:     0.23 kB │ map:      1.18 kB
out/renderer/assets/arrow-big-down-DbPApK2H.js                           0.31 kB │ gzip:     0.23 kB │ map:      0.98 kB
out/renderer/assets/arrow-big-up-CyfAGvno.js                             0.31 kB │ gzip:     0.23 kB │ map:      0.97 kB
out/renderer/assets/folder-bookmark-69P3PWR8.js                          0.31 kB │ gzip:     0.24 kB │ map:      1.05 kB
out/renderer/assets/folder-symlink-DV28X9N4.js                           0.31 kB │ gzip:     0.22 kB │ map:      1.06 kB
out/renderer/assets/heading-4-ZoyqIS_r.js                                0.31 kB │ gzip:     0.22 kB │ map:      1.17 kB
out/renderer/assets/wine-CI8U9eyZ.js                                     0.31 kB │ gzip:     0.23 kB │ map:      1.10 kB
out/renderer/assets/arrow-up-narrow-wide-97n2j3Wr.js                     0.31 kB │ gzip:     0.22 kB │ map:      1.22 kB
out/renderer/assets/arrow-up-wide-narrow-BwNeq-Lp.js                     0.31 kB │ gzip:     0.22 kB │ map:      1.22 kB
out/renderer/assets/folder-dot-C-HxO3no.js                               0.31 kB │ gzip:     0.24 kB │ map:      1.05 kB
out/renderer/assets/mail-check-mes-DTA6.js                               0.31 kB │ gzip:     0.24 kB │ map:      1.05 kB
out/renderer/assets/square-split-horizontal-C8jkF1l8.js                  0.31 kB │ gzip:     0.25 kB │ map:      1.16 kB
out/renderer/assets/arrow-down-narrow-wide-CtIfslWP.js                   0.31 kB │ gzip:     0.22 kB │ map:      1.23 kB
out/renderer/assets/arrow-down-wide-narrow-CJiZnG7D.js                   0.31 kB │ gzip:     0.22 kB │ map:      1.23 kB
out/renderer/assets/coins-D1ZyslzE.js                                    0.31 kB │ gzip:     0.24 kB │ map:      1.12 kB
out/renderer/assets/copy-check-DtCkgpR1.js                               0.31 kB │ gzip:     0.25 kB │ map:      1.12 kB
out/renderer/assets/diamond-minus-D-fY1o53.js                            0.31 kB │ gzip:     0.22 kB │ map:      1.04 kB
out/renderer/assets/fast-forward-eCquA_Zo.js                             0.31 kB │ gzip:     0.21 kB │ map:      1.03 kB
out/renderer/assets/git-compare-CeEpQDUI.js                              0.31 kB │ gzip:     0.23 kB │ map:      1.18 kB
out/renderer/assets/glass-water-CkuoXOoO.js                              0.31 kB │ gzip:     0.24 kB │ map:      1.03 kB
out/renderer/assets/ligature-DevNvP_b.js                                 0.31 kB │ gzip:     0.22 kB │ map:      1.17 kB
out/renderer/assets/list-collapse-BjLWurcy.js                            0.31 kB │ gzip:     0.21 kB │ map:      1.19 kB
out/renderer/assets/list-todo-CHOlCHer.js                                0.31 kB │ gzip:     0.22 kB │ map:      1.24 kB
out/renderer/assets/remove-formatting-BFq3ic_V.js                        0.31 kB │ gzip:     0.23 kB │ map:      1.21 kB
out/renderer/assets/satellite-dish-CDFInE2B.js                           0.31 kB │ gzip:     0.23 kB │ map:      1.14 kB
out/renderer/assets/send-horizontal-DF7a_Xdq.js                          0.31 kB │ gzip:     0.24 kB │ map:      1.05 kB
out/renderer/assets/layout-template-BdkiIRvC.js                          0.31 kB │ gzip:     0.21 kB │ map:      1.25 kB
out/renderer/assets/monitor-pause-3WPeiwWa.js                            0.31 kB │ gzip:     0.22 kB │ map:      1.26 kB
out/renderer/assets/rotate-3d-CVojW3wI.js                                0.31 kB │ gzip:     0.24 kB │ map:      1.05 kB
out/renderer/assets/scaling-CZBifTwq.js                                  0.31 kB │ gzip:     0.22 kB │ map:      1.10 kB
out/renderer/assets/shirt-DFca2GX4.js                                    0.31 kB │ gzip:     0.24 kB │ map:      0.94 kB
out/renderer/assets/user-round-search-BwYuIEtF.js                        0.31 kB │ gzip:     0.24 kB │ map:      1.21 kB
out/renderer/assets/wallet-C7DVLkDr.js                                   0.31 kB │ gzip:     0.22 kB │ map:      1.01 kB
out/renderer/assets/arrows-up-from-line-CuaIAxln.js                      0.31 kB │ gzip:     0.22 kB │ map:      1.22 kB
out/renderer/assets/computer-D7C37zyo.js                                 0.31 kB │ gzip:     0.22 kB │ map:      1.22 kB
out/renderer/assets/fishing-hook-f_dtz1fQ.js                             0.31 kB │ gzip:     0.25 kB │ map:      1.13 kB
out/renderer/assets/flask-conical-BlV9IdT9.js                            0.31 kB │ gzip:     0.23 kB │ map:      1.12 kB
out/renderer/assets/layout-panel-left-CYSXEbK_.js                        0.31 kB │ gzip:     0.21 kB │ map:      1.26 kB
out/renderer/assets/layout-panel-top-C-4GKgYM.js                         0.31 kB │ gzip:     0.21 kB │ map:      1.25 kB
out/renderer/assets/list-BU3GvsEr.js                                     0.31 kB │ gzip:     0.19 kB │ map:      1.22 kB
out/renderer/assets/text-search-Do__HSyh.js                              0.31 kB │ gzip:     0.22 kB │ map:      1.21 kB
out/renderer/assets/thumbs-up-Cxe0Xlil.js                                0.31 kB │ gzip:     0.24 kB │ map:      1.03 kB
out/renderer/assets/towel-rack-B_UTKLXA.js                               0.31 kB │ gzip:     0.24 kB │ map:      1.09 kB
out/renderer/assets/toy-brick-D-t0CFoC.js                                0.31 kB │ gzip:     0.24 kB │ map:      1.11 kB
out/renderer/assets/zoom-in-D_qy9uv5.js                                  0.31 kB │ gzip:     0.21 kB │ map:      1.27 kB
out/renderer/assets/bike-ZiZLG9yM.js                                     0.31 kB │ gzip:     0.22 kB │ map:      1.17 kB
out/renderer/assets/disc-3-Dx4gpA85.js                                   0.31 kB │ gzip:     0.23 kB │ map:      1.15 kB
out/renderer/assets/list-chevrons-down-up-Cir1FLLW.js                    0.31 kB │ gzip:     0.22 kB │ map:      1.23 kB
out/renderer/assets/list-chevrons-up-down-CdP9SXjQ.js                    0.31 kB │ gzip:     0.22 kB │ map:      1.23 kB
out/renderer/assets/monitor-up-CmWFGl4H.js                               0.31 kB │ gzip:     0.23 kB │ map:      1.25 kB
out/renderer/assets/shrub-DTLJ8N5V.js                                    0.31 kB │ gzip:     0.24 kB │ map:      1.04 kB
out/renderer/assets/tangent-DwrEkGbw.js                                  0.31 kB │ gzip:     0.23 kB │ map:      1.16 kB
out/renderer/assets/thumbs-down-Ei7XdydB.js                              0.31 kB │ gzip:     0.24 kB │ map:      1.04 kB
out/renderer/assets/ticket-plus-zGdq5gKw.js                              0.31 kB │ gzip:     0.23 kB │ map:      1.09 kB
out/renderer/assets/wrench-DxNCvBfY.js                                   0.31 kB │ gzip:     0.24 kB │ map:      0.96 kB
out/renderer/assets/clipboard-check-7ZN8UkIB.js                          0.32 kB │ gzip:     0.24 kB │ map:      1.20 kB
out/renderer/assets/git-pull-request-C0nzVIax.js                         0.32 kB │ gzip:     0.24 kB │ map:      1.25 kB
out/renderer/assets/list-end-uk7b7hcv.js                                 0.32 kB │ gzip:     0.22 kB │ map:      1.17 kB
out/renderer/assets/mail-open-BAw35__t.js                                0.32 kB │ gzip:     0.24 kB │ map:      1.02 kB
out/renderer/assets/pill-bottle-Bev8L3fS.js                              0.32 kB │ gzip:     0.24 kB │ map:      1.12 kB
out/renderer/assets/scan-CcSGvRzg.js                                     0.32 kB │ gzip:     0.22 kB │ map:      1.10 kB
out/renderer/assets/square-pilcrow-CLscDWz-.js                           0.32 kB │ gzip:     0.24 kB │ map:      1.20 kB
out/renderer/assets/arrow-big-right-4WratJx1.js                          0.32 kB │ gzip:     0.23 kB │ map:      0.99 kB
out/renderer/assets/bell-IP_WKUMW.js                                     0.32 kB │ gzip:     0.25 kB │ map:      1.00 kB
out/renderer/assets/list-start-Uio21lXu.js                               0.32 kB │ gzip:     0.22 kB │ map:      1.18 kB
out/renderer/assets/monitor-stop--j2mzqxo.js                             0.32 kB │ gzip:     0.23 kB │ map:      1.24 kB
out/renderer/assets/square-arrow-right-exit-DKF3ULUQ.js                  0.32 kB │ gzip:     0.23 kB │ map:      1.15 kB
out/renderer/assets/arrow-big-left-Ci6H1jW7.js                           0.32 kB │ gzip:     0.23 kB │ map:      0.99 kB
out/renderer/assets/egg-off-Beq99ydD.js                                  0.32 kB │ gzip:     0.25 kB │ map:      1.04 kB
out/renderer/assets/folder-plus-BPMr6ehA.js                              0.32 kB │ gzip:     0.23 kB │ map:      1.11 kB
out/renderer/assets/heading-6-BsPcvOW6.js                                0.32 kB │ gzip:     0.23 kB │ map:      1.20 kB
out/renderer/assets/indian-rupee-eWcwJcN1.js                             0.32 kB │ gzip:     0.23 kB │ map:      1.19 kB
out/renderer/assets/radius-CXqZ39X6.js                                   0.32 kB │ gzip:     0.23 kB │ map:      1.16 kB
out/renderer/assets/users-BIZ2J42O.js                                    0.32 kB │ gzip:     0.23 kB │ map:      1.14 kB
out/renderer/assets/case-sensitive-CRPFanAt.js                           0.32 kB │ gzip:     0.25 kB │ map:      1.17 kB
out/renderer/assets/cloud-rain-wind-4KeiY4BP.js                          0.32 kB │ gzip:     0.24 kB │ map:      1.15 kB
out/renderer/assets/shopping-cart-A84urN2z.js                            0.32 kB │ gzip:     0.25 kB │ map:      1.16 kB
out/renderer/assets/variable-Blw1Ld2r.js                                 0.32 kB │ gzip:     0.23 kB │ map:      1.20 kB
out/renderer/assets/venus-and-mars-Bwmpckrr.js                           0.32 kB │ gzip:     0.23 kB │ map:      1.23 kB
out/renderer/assets/minimize-CgOVLkHF.js                                 0.32 kB │ gzip:     0.22 kB │ map:      1.12 kB
out/renderer/assets/pilcrow-left-DERfFmSR.js                             0.32 kB │ gzip:     0.22 kB │ map:      1.20 kB
out/renderer/assets/smile-CWSmMBdy.js                                    0.32 kB │ gzip:     0.23 kB │ map:      1.21 kB
out/renderer/assets/turntable-DimjOnuY.js                                0.32 kB │ gzip:     0.25 kB │ map:      1.20 kB
out/renderer/assets/link-2-off-BZkAZrdl.js                               0.32 kB │ gzip:     0.23 kB │ map:      1.21 kB
out/renderer/assets/meh-3WmO5QAb.js                                      0.32 kB │ gzip:     0.22 kB │ map:      1.24 kB
out/renderer/assets/mirror-round-ak18d_Lo.js                             0.32 kB │ gzip:     0.23 kB │ map:      1.23 kB
out/renderer/assets/moon-star-n0Zi1-82.js                                0.32 kB │ gzip:     0.25 kB │ map:      1.09 kB
out/renderer/assets/pilcrow-right-7RRCdODR.js                            0.32 kB │ gzip:     0.23 kB │ map:      1.20 kB
out/renderer/assets/book-user-B4kXbffN.js                                0.32 kB │ gzip:     0.25 kB │ map:      1.12 kB
out/renderer/assets/frown-JculWEUk.js                                    0.32 kB │ gzip:     0.23 kB │ map:      1.21 kB
out/renderer/assets/grid-3x3-D5D5CRv5.js                                 0.32 kB │ gzip:     0.23 kB │ map:      1.23 kB
out/renderer/assets/map-pin-plus-inside-DUqD7rdB.js                      0.32 kB │ gzip:     0.25 kB │ map:      1.14 kB
out/renderer/assets/frame-Bm8YAJQA.js                                    0.32 kB │ gzip:     0.21 kB │ map:      1.27 kB
out/renderer/assets/ticket-x-BpkQEn2m.js                                 0.32 kB │ gzip:     0.23 kB │ map:      1.09 kB
out/renderer/assets/bed-double-ih4It6hT.js                               0.32 kB │ gzip:     0.22 kB │ map:      1.13 kB
out/renderer/assets/egg-fried-BnVsFbXX.js                                0.32 kB │ gzip:     0.26 kB │ map:      1.06 kB
out/renderer/assets/monitor-cloud-CJ_30LMr.js                            0.32 kB │ gzip:     0.25 kB │ map:      1.20 kB
out/renderer/assets/calendar-1-_39qV-Kt.js                               0.32 kB │ gzip:     0.23 kB │ map:      1.24 kB
out/renderer/assets/clipboard-minus-Cnd-0Ask.js                          0.32 kB │ gzip:     0.24 kB │ map:      1.19 kB
out/renderer/assets/copy-minus-BPk01fR2.js                               0.32 kB │ gzip:     0.26 kB │ map:      1.18 kB
out/renderer/assets/copy-slash-DiT7f4vf.js                               0.32 kB │ gzip:     0.26 kB │ map:      1.18 kB
out/renderer/assets/headset-CA03Tise.js                                  0.32 kB │ gzip:     0.23 kB │ map:      1.02 kB
out/renderer/assets/rocking-chair-BddVu9FA.js                            0.32 kB │ gzip:     0.24 kB │ map:      1.15 kB
out/renderer/assets/feather-DnEzlefV.js                                  0.33 kB │ gzip:     0.25 kB │ map:      1.08 kB
out/renderer/assets/panel-top-dashed-CLNiUujh.js                         0.33 kB │ gzip:     0.23 kB │ map:      1.27 kB
out/renderer/assets/spade-Dcpl114d.js                                    0.33 kB │ gzip:     0.25 kB │ map:      1.01 kB
out/renderer/assets/bone-C36pYF9_.js                                     0.33 kB │ gzip:     0.24 kB │ map:      0.95 kB
out/renderer/assets/cloud-off-Dsh4NzVC.js                                0.33 kB │ gzip:     0.24 kB │ map:      1.06 kB
out/renderer/assets/flame-kindling-CQtLo3ok.js                           0.33 kB │ gzip:     0.25 kB │ map:      1.12 kB
out/renderer/assets/monitor-dot-Diu64Pu_.js                              0.33 kB │ gzip:     0.24 kB │ map:      1.18 kB
out/renderer/assets/panel-left-dashed-Bb2YH7BS.js                        0.33 kB │ gzip:     0.23 kB │ map:      1.28 kB
out/renderer/assets/battery-full-DbsUL5Ot.js                             0.33 kB │ gzip:     0.23 kB │ map:      1.26 kB
out/renderer/assets/bean-BThNKo2a.js                                     0.33 kB │ gzip:     0.26 kB │ map:      1.01 kB
out/renderer/assets/video-off-DAMtdjpf.js                                0.33 kB │ gzip:     0.24 kB │ map:      1.08 kB
out/renderer/assets/calendar-minus-2-CuaK-Eds.js                         0.33 kB │ gzip:     0.24 kB │ map:      1.28 kB
out/renderer/assets/chevrons-left-right-ellipsis-CsGAJA1v.js             0.33 kB │ gzip:     0.22 kB │ map:      1.28 kB
out/renderer/assets/circle-divide-DZGA1tcY.js                            0.33 kB │ gzip:     0.22 kB │ map:      1.30 kB
out/renderer/assets/line-style-B8Rqc0Na.js                               0.33 kB │ gzip:     0.21 kB │ map:      1.25 kB
out/renderer/assets/message-square-share-CRFPiqmc.js                     0.33 kB │ gzip:     0.25 kB │ map:      1.15 kB
out/renderer/assets/subscript-CLb4sb31.js                                0.33 kB │ gzip:     0.25 kB │ map:      1.10 kB
out/renderer/assets/bookmark-off-_anb1pFZ.js                             0.33 kB │ gzip:     0.25 kB │ map:      1.11 kB
out/renderer/assets/bubbles-Dz_RFFPj.js                                  0.33 kB │ gzip:     0.24 kB │ map:      1.20 kB
out/renderer/assets/delete-DihPSPb9.js                                   0.33 kB │ gzip:     0.24 kB │ map:      1.08 kB
out/renderer/assets/git-merge-conflict-BcZtzSq9.js                       0.33 kB │ gzip:     0.24 kB │ map:      1.26 kB
out/renderer/assets/map-pin-x-inside-ssnpLGC9.js                         0.33 kB │ gzip:     0.25 kB │ map:      1.13 kB
out/renderer/assets/message-circle-plus-CtXSvLiD.js                      0.33 kB │ gzip:     0.25 kB │ map:      1.16 kB
out/renderer/assets/parasol-BBjxnCkp.js                                  0.33 kB │ gzip:     0.26 kB │ map:      1.09 kB
out/renderer/assets/coffee-uhUglgBT.js                                   0.33 kB │ gzip:     0.23 kB │ map:      1.15 kB
out/renderer/assets/lamp-ceiling-BUoTI_Pa.js                             0.33 kB │ gzip:     0.25 kB │ map:      1.12 kB
out/renderer/assets/laptop-DATl31Q8.js                                   0.33 kB │ gzip:     0.25 kB │ map:      1.02 kB
out/renderer/assets/mails-BN7ZfTZA.js                                    0.33 kB │ gzip:     0.25 kB │ map:      1.11 kB
out/renderer/assets/paint-roller-BSavtzC6.js                             0.33 kB │ gzip:     0.24 kB │ map:      1.19 kB
out/renderer/assets/shrink-9rBS4Pi9.js                                   0.33 kB │ gzip:     0.24 kB │ map:      1.12 kB
out/renderer/assets/zodiac-cancer-DUAd5RNy.js                            0.33 kB │ gzip:     0.23 kB │ map:      1.21 kB
out/renderer/assets/ampersands-D5fL33nc.js                               0.33 kB │ gzip:     0.22 kB │ map:      1.08 kB
out/renderer/assets/arrow-up-a-z-BU0_ogTR.js                             0.33 kB │ gzip:     0.24 kB │ map:      1.21 kB
out/renderer/assets/audio-lines-CNzpU7lt.js                              0.33 kB │ gzip:     0.22 kB │ map:      1.26 kB
out/renderer/assets/calendar-check-CRAvur2s.js                           0.33 kB │ gzip:     0.24 kB │ map:      1.27 kB
out/renderer/assets/gallery-thumbnails-CYQ5xKdu.js                       0.33 kB │ gzip:     0.23 kB │ map:      1.29 kB
out/renderer/assets/mouse-off-CcC9WgJD.js                                0.33 kB │ gzip:     0.24 kB │ map:      1.13 kB
out/renderer/assets/panel-right-dashed-DYO5rTFp.js                       0.33 kB │ gzip:     0.23 kB │ map:      1.29 kB
out/renderer/assets/shield-check-DEhFDaZd.js                             0.33 kB │ gzip:     0.25 kB │ map:      1.07 kB
out/renderer/assets/table-cells-merge-CXUvZ1SK.js                        0.33 kB │ gzip:     0.24 kB │ map:      1.29 kB
out/renderer/assets/arrow-up-z-a-g4hFb-si.js                             0.33 kB │ gzip:     0.24 kB │ map:      1.21 kB
out/renderer/assets/case-upper-BN1Sl6XN.js                               0.33 kB │ gzip:     0.24 kB │ map:      1.11 kB
out/renderer/assets/dice-4-CgoupEdO.js                                   0.33 kB │ gzip:     0.23 kB │ map:      1.24 kB
out/renderer/assets/joystick-Dq65d9Gz.js                                 0.33 kB │ gzip:     0.24 kB │ map:      1.19 kB
out/renderer/assets/monitor-down-BQUlMQpz.js                             0.33 kB │ gzip:     0.25 kB │ map:      1.26 kB
out/renderer/assets/mouse-pointer-lwx2vSKe.js                            0.33 kB │ gzip:     0.26 kB │ map:      1.06 kB
out/renderer/assets/panel-bottom-dashed-BLuUM9wP.js                      0.33 kB │ gzip:     0.24 kB │ map:      1.30 kB
out/renderer/assets/plane-BPjjOeMK.js                                    0.33 kB │ gzip:     0.26 kB │ map:      0.96 kB
out/renderer/assets/refresh-ccw-C1PvDn7j.js                              0.33 kB │ gzip:     0.23 kB │ map:      1.16 kB
out/renderer/assets/refresh-cw-1HlIfP8o.js                               0.33 kB │ gzip:     0.23 kB │ map:      1.15 kB
out/renderer/assets/user-x-J12adT5f.js                                   0.33 kB │ gzip:     0.24 kB │ map:      1.23 kB
out/renderer/assets/align-vertical-space-between-5NjE1KAi.js             0.33 kB │ gzip:     0.24 kB │ map:      1.33 kB
out/renderer/assets/arrow-up-0-1-CVVSZVMU.js                             0.33 kB │ gzip:     0.25 kB │ map:      1.26 kB
out/renderer/assets/arrow-up-1-0-BKLZQU--.js                             0.33 kB │ gzip:     0.24 kB │ map:      1.26 kB
out/renderer/assets/book-audio-crKOTdcX.js                               0.33 kB │ gzip:     0.24 kB │ map:      1.17 kB
out/renderer/assets/git-pull-request-create-DuZif4rm.js                  0.33 kB │ gzip:     0.24 kB │ map:      1.29 kB
out/renderer/assets/arrow-down-a-z-ByASq7PV.js                           0.33 kB │ gzip:     0.24 kB │ map:      1.22 kB
out/renderer/assets/bookmark-plus-BrQfqly3.js                            0.33 kB │ gzip:     0.25 kB │ map:      1.12 kB
out/renderer/assets/chef-hat-BtaNn_ag.js                                 0.33 kB │ gzip:     0.26 kB │ map:      1.03 kB
out/renderer/assets/cross-C94Aq3Jn.js                                    0.33 kB │ gzip:     0.21 kB │ map:      0.96 kB
out/renderer/assets/laugh--fGv_BGE.js                                    0.33 kB │ gzip:     0.24 kB │ map:      1.23 kB
out/renderer/assets/monitor-x-DsP6WzBZ.js                                0.33 kB │ gzip:     0.24 kB │ map:      1.25 kB
out/renderer/assets/user-lock-7rdMv7F7.js                                0.33 kB │ gzip:     0.26 kB │ map:      1.22 kB
out/renderer/assets/align-horizontal-space-between-Bci8xoaG.js           0.34 kB │ gzip:     0.24 kB │ map:      1.35 kB
out/renderer/assets/align-vertical-distribute-end-DPTk88lI.js            0.34 kB │ gzip:     0.24 kB │ map:      1.34 kB
out/renderer/assets/arrow-down-z-a-LONTBHlu.js                           0.34 kB │ gzip:     0.24 kB │ map:      1.22 kB
out/renderer/assets/brush-D6uowhh3.js                                    0.34 kB │ gzip:     0.26 kB │ map:      1.07 kB
out/renderer/assets/folder-clock-ChBRiQHc.js                             0.34 kB │ gzip:     0.25 kB │ map:      1.15 kB
out/renderer/assets/inspection-panel-Tqb8e2EH.js                         0.34 kB │ gzip:     0.23 kB │ map:      1.29 kB
out/renderer/assets/sprout-DL9FRT6h.js                                   0.34 kB │ gzip:     0.24 kB │ map:      1.09 kB
out/renderer/assets/text-initial-T4EIQS8Q.js                             0.34 kB │ gzip:     0.24 kB │ map:      1.21 kB
out/renderer/assets/tree-pine-5Yc6BW05.js                                0.34 kB │ gzip:     0.24 kB │ map:      1.04 kB
out/renderer/assets/align-vertical-distribute-start-OFdKiWhO.js          0.34 kB │ gzip:     0.24 kB │ map:      1.36 kB
out/renderer/assets/arrow-down-0-1-CxSdM1QO.js                           0.34 kB │ gzip:     0.24 kB │ map:      1.28 kB
out/renderer/assets/arrow-down-1-0-CcPFeqx3.js                           0.34 kB │ gzip:     0.24 kB │ map:      1.27 kB
out/renderer/assets/box-BQ2VVf15.js                                      0.34 kB │ gzip:     0.24 kB │ map:      1.08 kB
out/renderer/assets/briefcase-business-Ah4Q8otm.js                       0.34 kB │ gzip:     0.25 kB │ map:      1.25 kB
out/renderer/assets/concierge-bell-BHOS_Yka.js                           0.34 kB │ gzip:     0.23 kB │ map:      1.18 kB
out/renderer/assets/folder-up-B2wtbM7i.js                                0.34 kB │ gzip:     0.24 kB │ map:      1.11 kB
out/renderer/assets/message-square-plus-D6ordPo0.js                      0.34 kB │ gzip:     0.25 kB │ map:      1.15 kB
out/renderer/assets/regex-CulqsILb.js                                    0.34 kB │ gzip:     0.23 kB │ map:      1.13 kB
out/renderer/assets/user-plus-2Ga7ujM4.js                                0.34 kB │ gzip:     0.25 kB │ map:      1.25 kB
out/renderer/assets/align-horizontal-distribute-end-DHVYnzeO.js          0.34 kB │ gzip:     0.24 kB │ map:      1.36 kB
out/renderer/assets/cloud-backup-Slo5jgcC.js                             0.34 kB │ gzip:     0.25 kB │ map:      1.12 kB
out/renderer/assets/file-exclamation-point-C1scJTvY.js                   0.34 kB │ gzip:     0.25 kB │ map:      1.17 kB
out/renderer/assets/file-minus-corner-3uGf83V4.js                        0.34 kB │ gzip:     0.25 kB │ map:      1.15 kB
out/renderer/assets/message-square-off-kDwFwwhF.js                       0.34 kB │ gzip:     0.26 kB │ map:      1.15 kB
out/renderer/assets/monitor-smartphone-B6xnFAqO.js                       0.34 kB │ gzip:     0.25 kB │ map:      1.26 kB
out/renderer/assets/scissors-BFXfyVkn.js                                 0.34 kB │ gzip:     0.23 kB │ map:      1.25 kB
out/renderer/assets/tag-BWS7MXQm.js                                      0.34 kB │ gzip:     0.25 kB │ map:      1.07 kB
out/renderer/assets/align-horizontal-distribute-start-DqvrnvG6.js        0.34 kB │ gzip:     0.24 kB │ map:      1.37 kB
out/renderer/assets/book-type-BgEqzCtN.js                                0.34 kB │ gzip:     0.24 kB │ map:      1.17 kB
out/renderer/assets/file-minus-0QibhHf3.js                               0.34 kB │ gzip:     0.25 kB │ map:      1.11 kB
out/renderer/assets/hard-drive-upload-CPrj5QaN.js                        0.34 kB │ gzip:     0.25 kB │ map:      1.29 kB
out/renderer/assets/save-CkB3upDO.js                                     0.34 kB │ gzip:     0.23 kB │ map:      1.10 kB
out/renderer/assets/zodiac-scorpio-BEl6qZC0.js                           0.34 kB │ gzip:     0.24 kB │ map:      1.17 kB
out/renderer/assets/bot-BTSFaZ2q.js                                      0.34 kB │ gzip:     0.23 kB │ map:      1.30 kB
out/renderer/assets/folder-down-BckkMACD.js                              0.34 kB │ gzip:     0.24 kB │ map:      1.12 kB
out/renderer/assets/hard-drive-download-BZKrlVho.js                      0.34 kB │ gzip:     0.25 kB │ map:      1.31 kB
out/renderer/assets/heart-minus-D3XefMPl.js                              0.34 kB │ gzip:     0.26 kB │ map:      1.05 kB
out/renderer/assets/repeat-1-CbOaaGVy.js                                 0.34 kB │ gzip:     0.23 kB │ map:      1.20 kB
out/renderer/assets/road-_cX4FjtK.js                                     0.34 kB │ gzip:     0.24 kB │ map:      1.15 kB
out/renderer/assets/trash-2-Dm-CbMjV.js                                  0.34 kB │ gzip:     0.22 kB │ map:      1.21 kB
out/renderer/assets/antenna-BXZLjazB.js                                  0.34 kB │ gzip:     0.22 kB │ map:      1.25 kB
out/renderer/assets/apple-DukJ8mlg.js                                    0.34 kB │ gzip:     0.25 kB │ map:      1.03 kB
out/renderer/assets/flag-off-CaobGhiN.js                                 0.34 kB │ gzip:     0.26 kB │ map:      1.13 kB
out/renderer/assets/folder-input-BecgkAR6.js                             0.34 kB │ gzip:     0.24 kB │ map:      1.13 kB
out/renderer/assets/ice-cream-bowl-Ch0hgbqt.js                           0.34 kB │ gzip:     0.24 kB │ map:      1.14 kB
out/renderer/assets/mail-plus-CvtA7Bsc.js                                0.34 kB │ gzip:     0.25 kB │ map:      1.14 kB
out/renderer/assets/saudi-riyal-BV3lXcRD.js                              0.34 kB │ gzip:     0.25 kB │ map:      1.15 kB
out/renderer/assets/shield-half-CPyC_lyo.js                              0.34 kB │ gzip:     0.26 kB │ map:      1.06 kB
out/renderer/assets/shield-minus-DR1otZFp.js                             0.34 kB │ gzip:     0.26 kB │ map:      1.06 kB
out/renderer/assets/sticky-note-minus-DfbFstkx.js                        0.34 kB │ gzip:     0.25 kB │ map:      1.15 kB
out/renderer/assets/book-image-DStVHKvX.js                               0.34 kB │ gzip:     0.26 kB │ map:      1.14 kB
out/renderer/assets/bookmark-x-BHZrMtxs.js                               0.34 kB │ gzip:     0.25 kB │ map:      1.12 kB
out/renderer/assets/bring-to-front-DUgHBUb5.js                           0.34 kB │ gzip:     0.24 kB │ map:      1.16 kB
out/renderer/assets/chart-area-C3RDUBct.js                               0.34 kB │ gzip:     0.25 kB │ map:      1.05 kB
out/renderer/assets/file-check-corner-C1QzKy2B.js                        0.34 kB │ gzip:     0.25 kB │ map:      1.15 kB
out/renderer/assets/folder-search-C5rAUIjI.js                            0.34 kB │ gzip:     0.25 kB │ map:      1.16 kB
out/renderer/assets/folder-x-Bx9N-lRJ.js                                 0.34 kB │ gzip:     0.24 kB │ map:      1.11 kB
out/renderer/assets/mail-x-Bd92LJI0.js                                   0.34 kB │ gzip:     0.24 kB │ map:      1.13 kB
out/renderer/assets/milestone-C9cBIaUw.js                                0.34 kB │ gzip:     0.24 kB │ map:      1.11 kB
out/renderer/assets/user-round-key-dVrg0qQO.js                           0.34 kB │ gzip:     0.25 kB │ map:      1.28 kB
out/renderer/assets/badge-check-CuCBQyZ4.js                              0.34 kB │ gzip:     0.23 kB │ map:      1.06 kB
out/renderer/assets/folder-output-D277k-Kd.js                            0.34 kB │ gzip:     0.24 kB │ map:      1.13 kB
out/renderer/assets/gavel-CG-hF7vm.js                                    0.34 kB │ gzip:     0.24 kB │ map:      1.19 kB
out/renderer/assets/languages-BI9MbaH4.js                                0.34 kB │ gzip:     0.23 kB │ map:      1.27 kB
out/renderer/assets/message-square-warning-M1TDPolv.js                   0.34 kB │ gzip:     0.26 kB │ map:      1.18 kB
out/renderer/assets/banana-__JN1QOm.js                                   0.34 kB │ gzip:     0.27 kB │ map:      1.04 kB
out/renderer/assets/file-diff-BIFxFdXo.js                                0.34 kB │ gzip:     0.24 kB │ map:      1.19 kB
out/renderer/assets/git-pull-request-draft-DWWPShL2.js                   0.34 kB │ gzip:     0.24 kB │ map:      1.36 kB
out/renderer/assets/graduation-cap-DRPPFGPy.js                           0.34 kB │ gzip:     0.25 kB │ map:      1.16 kB
out/renderer/assets/scale-Cu4VxwoW.js                                    0.34 kB │ gzip:     0.23 kB │ map:      1.20 kB
out/renderer/assets/shapes-CvHIz-Ws.js                                   0.34 kB │ gzip:     0.27 kB │ map:      1.18 kB
out/renderer/assets/signature-hEyB01df.js                                0.34 kB │ gzip:     0.26 kB │ map:      1.05 kB
out/renderer/assets/toilet-BzCoqrL9.js                                   0.34 kB │ gzip:     0.25 kB │ map:      1.04 kB
out/renderer/assets/videotape-CzWEZ6Q-.js                                0.34 kB │ gzip:     0.24 kB │ map:      1.31 kB
out/renderer/assets/cast-CpCldyh6.js                                     0.34 kB │ gzip:     0.24 kB │ map:      1.16 kB
out/renderer/assets/file-check-zAX7xl7K.js                               0.34 kB │ gzip:     0.25 kB │ map:      1.12 kB
out/renderer/assets/message-circle-x-DHd7K13W.js                         0.34 kB │ gzip:     0.26 kB │ map:      1.15 kB
out/renderer/assets/message-square-x-C_CPmVCD.js                         0.34 kB │ gzip:     0.25 kB │ map:      1.15 kB
out/renderer/assets/pencil-line-YZxvHzT5.js                              0.34 kB │ gzip:     0.26 kB │ map:      1.12 kB
out/renderer/assets/sticky-note-check-S92y4L5t.js                        0.34 kB │ gzip:     0.25 kB │ map:      1.16 kB
out/renderer/assets/table-of-contents-B5SR3ITD.js                        0.34 kB │ gzip:     0.22 kB │ map:      1.30 kB
out/renderer/assets/book-search-bthanRZR.js                              0.35 kB │ gzip:     0.26 kB │ map:      1.18 kB
out/renderer/assets/hard-hat-BsXNk7fj.js                                 0.35 kB │ gzip:     0.25 kB │ map:      1.20 kB
out/renderer/assets/list-video-anFqtDur.js                               0.35 kB │ gzip:     0.23 kB │ map:      1.18 kB
out/renderer/assets/printer-JFdh2Vyv.js                                  0.35 kB │ gzip:     0.25 kB │ map:      1.16 kB
out/renderer/assets/star-half-Z5rmLfMk.js                                0.35 kB │ gzip:     0.26 kB │ map:      0.99 kB
out/renderer/assets/chunk-FMBD7UC4-lR3OQnwR.js                           0.35 kB │ gzip:     0.25 kB │ map:      0.74 kB
out/renderer/assets/diamond-plus-c6bjvpDN.js                             0.35 kB │ gzip:     0.23 kB │ map:      1.13 kB
out/renderer/assets/fuel-sXYI6Kgw.js                                     0.35 kB │ gzip:     0.24 kB │ map:      1.14 kB
out/renderer/assets/move-F0uo1UG-.js                                     0.35 kB │ gzip:     0.23 kB │ map:      1.25 kB
out/renderer/assets/square-pen-Bv2BD9OZ.js                               0.35 kB │ gzip:     0.25 kB │ map:      1.06 kB
out/renderer/assets/book-copy-DYmJjSQX.js                                0.35 kB │ gzip:     0.24 kB │ map:      1.12 kB
out/renderer/assets/cloud-moon-BwGQ5mZd.js                               0.35 kB │ gzip:     0.27 kB │ map:      1.06 kB
out/renderer/assets/cup-soda-DsMNGUsg.js                                 0.35 kB │ gzip:     0.24 kB │ map:      1.14 kB
out/renderer/assets/folders-tgsJyoMG.js                                  0.35 kB │ gzip:     0.24 kB │ map:      1.06 kB
out/renderer/assets/git-pull-request-arrow-OqaFebIe.js                   0.35 kB │ gzip:     0.25 kB │ map:      1.33 kB
out/renderer/assets/heart-x-F9f_wjvt.js                                  0.35 kB │ gzip:     0.25 kB │ map:      1.11 kB
out/renderer/assets/send-to-back-iotUKyRa.js                             0.35 kB │ gzip:     0.24 kB │ map:      1.27 kB
out/renderer/assets/square-stack-Dl4ypt-C.js                             0.35 kB │ gzip:     0.25 kB │ map:      1.16 kB
out/renderer/assets/stamp-CccixFI8.js                                    0.35 kB │ gzip:     0.25 kB │ map:      1.10 kB
out/renderer/assets/superscript-BRZW2Kvy.js                              0.35 kB │ gzip:     0.27 kB │ map:      1.13 kB
out/renderer/assets/ticket-DA4LW2Q-.js                                   0.35 kB │ gzip:     0.23 kB │ map:      1.16 kB
out/renderer/assets/calendar-minus-CFpe0PRB.js                           0.35 kB │ gzip:     0.23 kB │ map:      1.24 kB
out/renderer/assets/folder-root-DJqsQMTN.js                              0.35 kB │ gzip:     0.26 kB │ map:      1.15 kB
out/renderer/assets/hand-helping-DnVZQXbW.js                             0.35 kB │ gzip:     0.27 kB │ map:      1.13 kB
out/renderer/assets/microwave-D6c5OTEV.js                                0.35 kB │ gzip:     0.24 kB │ map:      1.32 kB
out/renderer/assets/phone-Di1bq6_7.js                                    0.35 kB │ gzip:     0.25 kB │ map:      0.97 kB
out/renderer/assets/spell-check-2-DlnDZh25.js                            0.35 kB │ gzip:     0.22 kB │ map:      1.14 kB
out/renderer/assets/a-large-small-9cDSOKza.js                            0.35 kB │ gzip:     0.26 kB │ map:      1.17 kB
out/renderer/assets/eye-closed-Bxfe4GEn.js                               0.35 kB │ gzip:     0.24 kB │ map:      1.22 kB
out/renderer/assets/funnel-plus-Ced0NxH_.js                              0.35 kB │ gzip:     0.26 kB │ map:      1.13 kB
out/renderer/assets/id-card-Dtcf1va1.js                                  0.35 kB │ gzip:     0.26 kB │ map:      1.28 kB
out/renderer/assets/message-square-code-CO-pdRwZ.js                      0.35 kB │ gzip:     0.26 kB │ map:      1.17 kB
out/renderer/assets/rotate-ccw-key-D-Vm7qzt.js                           0.35 kB │ gzip:     0.25 kB │ map:      1.26 kB
out/renderer/assets/screen-share-5-fyI1n7.js                             0.35 kB │ gzip:     0.24 kB │ map:      1.22 kB
out/renderer/assets/server-D0RTGtzE.js                                   0.35 kB │ gzip:     0.22 kB │ map:      1.37 kB
out/renderer/assets/whole-word-DHSIjW-o.js                               0.35 kB │ gzip:     0.24 kB │ map:      1.27 kB
out/renderer/assets/mail-warning-Crdad8bj.js                             0.35 kB │ gzip:     0.25 kB │ map:      1.17 kB
out/renderer/assets/message-circle-warning-DxBTyjp2.js                   0.35 kB │ gzip:     0.26 kB │ map:      1.18 kB
out/renderer/assets/square-mouse-pointer-DiqaUiqA.js                     0.35 kB │ gzip:     0.26 kB │ map:      1.13 kB
out/renderer/assets/tv-minimal-play-HO3FXCYt.js                          0.35 kB │ gzip:     0.27 kB │ map:      1.20 kB
out/renderer/assets/alarm-clock-DmT-AhIL.js                              0.35 kB │ gzip:     0.24 kB │ map:      1.33 kB
out/renderer/assets/flip-horizontal-2-CKLTWY-f.js                        0.35 kB │ gzip:     0.23 kB │ map:      1.32 kB
out/renderer/assets/squares-exclude-jdVbbgI4.js                          0.35 kB │ gzip:     0.24 kB │ map:      1.12 kB
out/renderer/assets/user-key-D5WllHFf.js                                 0.35 kB │ gzip:     0.24 kB │ map:      1.26 kB
out/renderer/assets/contact-round-bR-iYrje.js                            0.35 kB │ gzip:     0.26 kB │ map:      1.32 kB
out/renderer/assets/heading-5-CPefk3ZQ.js                                0.35 kB │ gzip:     0.24 kB │ map:      1.23 kB
out/renderer/assets/library-big-De8s35Sd.js                              0.35 kB │ gzip:     0.28 kB │ map:      1.19 kB
out/renderer/assets/sailboat-BWaSgwx_.js                                 0.35 kB │ gzip:     0.25 kB │ map:      1.13 kB
out/renderer/assets/square-divide-BJy4kLm3.js                            0.35 kB │ gzip:     0.24 kB │ map:      1.37 kB
out/renderer/assets/zodiac-virgo-C5FrVsRS.js                             0.35 kB │ gzip:     0.23 kB │ map:      1.17 kB
out/renderer/assets/battery-charging-guNKi1Hk.js                         0.35 kB │ gzip:     0.25 kB │ map:      1.19 kB
out/renderer/assets/book-heart-BFU34R_l.js                               0.35 kB │ gzip:     0.26 kB │ map:      1.10 kB
out/renderer/assets/fan-DeejrOn8.js                                      0.35 kB │ gzip:     0.23 kB │ map:      1.03 kB
out/renderer/assets/message-circle-reply-DF5N_iX7.js                     0.35 kB │ gzip:     0.26 kB │ map:      1.20 kB
out/renderer/assets/screen-share-off-CDzabs1F.js                         0.35 kB │ gzip:     0.24 kB │ map:      1.25 kB
out/renderer/assets/bell-minus-ClgOLsrh.js                               0.35 kB │ gzip:     0.27 kB │ map:      1.13 kB
out/renderer/assets/calendar-check-2-D_nuxmxB.js                         0.35 kB │ gzip:     0.24 kB │ map:      1.25 kB
out/renderer/assets/nfc-CiU3CHF-.js                                      0.35 kB │ gzip:     0.24 kB │ map:      1.13 kB
out/renderer/assets/volume-1-kpxG3lEW.js                                 0.35 kB │ gzip:     0.26 kB │ map:      1.06 kB
out/renderer/assets/wallet-cards-CUqQFRZH.js                             0.35 kB │ gzip:     0.27 kB │ map:      1.20 kB
out/renderer/assets/badge-minus-DBEAwl1I.js                              0.36 kB │ gzip:     0.25 kB │ map:      1.11 kB
out/renderer/assets/map-pin-minus-Bagwkwqy.js                            0.36 kB │ gzip:     0.28 kB │ map:      1.17 kB
out/renderer/assets/notebook-BdypnkxM.js                                 0.36 kB │ gzip:     0.24 kB │ map:      1.33 kB
out/renderer/assets/shield-ban-LcL64zyf.js                               0.36 kB │ gzip:     0.27 kB │ map:      1.07 kB
out/renderer/assets/tickets-CvDBOpmU.js                                  0.36 kB │ gzip:     0.26 kB │ map:      1.26 kB
out/renderer/assets/arrow-big-down-dash-pQ2FlG8f.js                      0.36 kB │ gzip:     0.25 kB │ map:      1.11 kB
out/renderer/assets/arrow-big-left-dash-B05_PNeJ.js                      0.36 kB │ gzip:     0.25 kB │ map:      1.11 kB
out/renderer/assets/arrow-big-right-dash-cvtWEe4P.js                     0.36 kB │ gzip:     0.25 kB │ map:      1.12 kB
out/renderer/assets/flip-vertical-2-DgQB0StL.js                          0.36 kB │ gzip:     0.23 kB │ map:      1.31 kB
out/renderer/assets/folder-code-D78GYWKw.js                              0.36 kB │ gzip:     0.25 kB │ map:      1.14 kB
out/renderer/assets/funnel-x-BnKjnl6h.js                                 0.36 kB │ gzip:     0.26 kB │ map:      1.12 kB
out/renderer/assets/git-fork-DN3_VGMI.js                                 0.36 kB │ gzip:     0.24 kB │ map:      1.29 kB
out/renderer/assets/arrow-big-up-dash-BUEIOZGZ.js                        0.36 kB │ gzip:     0.25 kB │ map:      1.10 kB
out/renderer/assets/bath-pLxv8CwH.js                                     0.36 kB │ gzip:     0.24 kB │ map:      1.23 kB
out/renderer/assets/megaphone-q-ITrrTY.js                                0.36 kB │ gzip:     0.25 kB │ map:      1.14 kB
out/renderer/assets/message-circle-code-DuhJSLrf.js                      0.36 kB │ gzip:     0.26 kB │ map:      1.18 kB
out/renderer/assets/message-square-text-CX46ydjC.js                      0.36 kB │ gzip:     0.25 kB │ map:      1.25 kB
out/renderer/assets/pin-DthsTJay.js                                      0.36 kB │ gzip:     0.24 kB │ map:      1.05 kB
out/renderer/assets/scan-line-CU8Okqab.js                                0.36 kB │ gzip:     0.24 kB │ map:      1.22 kB
out/renderer/assets/creative-commons-Bc-_ofgz.js                         0.36 kB │ gzip:     0.23 kB │ map:      1.19 kB
out/renderer/assets/scooter-BaeNa7Zq.js                                  0.36 kB │ gzip:     0.26 kB │ map:      1.22 kB
out/renderer/assets/file-chart-line-BK3FHW1J.js                          0.36 kB │ gzip:     0.26 kB │ map:      1.16 kB
out/renderer/assets/git-graph-Pr8GsJqX.js                                0.36 kB │ gzip:     0.23 kB │ map:      1.38 kB
out/renderer/assets/heart-pulse-BXijOeEZ.js                              0.36 kB │ gzip:     0.27 kB │ map:      1.08 kB
out/renderer/assets/layers-2-BxBcwyIR.js                                 0.36 kB │ gzip:     0.25 kB │ map:      1.09 kB
out/renderer/assets/ticket-percent-crkOGCII.js                           0.36 kB │ gzip:     0.25 kB │ map:      1.22 kB
out/renderer/assets/gem-Bp0HujHK.js                                      0.36 kB │ gzip:     0.26 kB │ map:      1.10 kB
out/renderer/assets/gift-DSEj9Mae.js                                     0.36 kB │ gzip:     0.25 kB │ map:      1.22 kB
out/renderer/assets/heading-3-Dt1erZcN.js                                0.36 kB │ gzip:     0.24 kB │ map:      1.22 kB
out/renderer/assets/pin-off-BCFGoXt8.js                                  0.36 kB │ gzip:     0.26 kB │ map:      1.18 kB
out/renderer/assets/scroll-text-CpybpmW7.js                              0.36 kB │ gzip:     0.23 kB │ map:      1.22 kB
out/renderer/assets/user-round-pen-CFwqLRgt.js                           0.36 kB │ gzip:     0.27 kB │ map:      1.20 kB
out/renderer/assets/book-open-check-1TT0eRZZ.js                          0.36 kB │ gzip:     0.25 kB │ map:      1.16 kB
out/renderer/assets/clipboard-plus-Bl_VXx9o.js                           0.36 kB │ gzip:     0.26 kB │ map:      1.29 kB
out/renderer/assets/clipboard-x-BJa8kTvf.js                              0.36 kB │ gzip:     0.25 kB │ map:      1.27 kB
out/renderer/assets/contact-Bgpk0Arn.js                                  0.36 kB │ gzip:     0.26 kB │ map:      1.30 kB
out/renderer/assets/file-question-mark-Fzc_Db3A.js                       0.36 kB │ gzip:     0.26 kB │ map:      1.18 kB
out/renderer/assets/message-square-reply-CvqxCBRL.js                     0.36 kB │ gzip:     0.26 kB │ map:      1.19 kB
out/renderer/assets/spool-iWt8u3jr.js                                    0.36 kB │ gzip:     0.26 kB │ map:      1.08 kB
out/renderer/assets/wallpaper-CINzqeAW.js                                0.36 kB │ gzip:     0.27 kB │ map:      1.31 kB
out/renderer/assets/book-lock--Op8OuBP.js                                0.36 kB │ gzip:     0.27 kB │ map:      1.22 kB
out/renderer/assets/bottle-wine-CaTMxVry.js                              0.36 kB │ gzip:     0.25 kB │ map:      1.08 kB
out/renderer/assets/camera-Difqw_7J.js                                   0.36 kB │ gzip:     0.27 kB │ map:      1.08 kB
out/renderer/assets/cooking-pot-DphFdola.js                              0.36 kB │ gzip:     0.25 kB │ map:      1.20 kB
out/renderer/assets/folder-search-2-F1atw7D8.js                          0.36 kB │ gzip:     0.26 kB │ map:      1.19 kB
out/renderer/assets/calendar-x-DoIFg0Q9.js                               0.36 kB │ gzip:     0.25 kB │ map:      1.34 kB
out/renderer/assets/image-down-CMfmxZDA.js                               0.36 kB │ gzip:     0.26 kB │ map:      1.23 kB
out/renderer/assets/image-up-BIdF23tK.js                                 0.36 kB │ gzip:     0.27 kB │ map:      1.22 kB
out/renderer/assets/init-DecnKcPs.js                                     0.36 kB │ gzip:     0.17 kB │ map:      1.23 kB
out/renderer/assets/list-restart-BZFVqDgI.js                             0.36 kB │ gzip:     0.25 kB │ map:      1.27 kB
out/renderer/assets/calendar-plus-2-PDF45KEA.js                          0.36 kB │ gzip:     0.25 kB │ map:      1.37 kB
out/renderer/assets/drafting-compass-BOHc2Zua.js                         0.36 kB │ gzip:     0.27 kB │ map:      1.30 kB
out/renderer/assets/flashlight-C8toDkOt.js                               0.36 kB │ gzip:     0.26 kB │ map:      1.14 kB
out/renderer/assets/focus-D7L_bbOX.js                                    0.36 kB │ gzip:     0.24 kB │ map:      1.24 kB
out/renderer/assets/lectern-DMArQC5d.js                                  0.36 kB │ gzip:     0.27 kB │ map:      1.18 kB
out/renderer/assets/package-2-CGBZCbFk.js                                0.36 kB │ gzip:     0.26 kB │ map:      1.13 kB
out/renderer/assets/shield-alert-dYDGQ4DA.js                             0.36 kB │ gzip:     0.26 kB │ map:      1.16 kB
out/renderer/assets/type-outline-CmNaX7uA.js                             0.36 kB │ gzip:     0.23 kB │ map:      1.02 kB
out/renderer/assets/bitcoin-Hp8tmrV2.js                                  0.37 kB │ gzip:     0.27 kB │ map:      1.00 kB
out/renderer/assets/book-key-DQl8EiDP.js                                 0.37 kB │ gzip:     0.26 kB │ map:      1.25 kB
out/renderer/assets/database-zap-CEml7PKf.js                             0.37 kB │ gzip:     0.26 kB │ map:      1.29 kB
out/renderer/assets/loader-pinwheel-gh2wc7Cd.js                          0.37 kB │ gzip:     0.25 kB │ map:      1.23 kB
out/renderer/assets/angry-Jh-6DV-K.js                                    0.37 kB │ gzip:     0.25 kB │ map:      1.30 kB
out/renderer/assets/archive-restore-D1WnFTx9.js                          0.37 kB │ gzip:     0.26 kB │ map:      1.32 kB
out/renderer/assets/battery-warning-DCsTg4J9.js                          0.37 kB │ gzip:     0.24 kB │ map:      1.26 kB
out/renderer/assets/file-down-B1ijjck1.js                                0.37 kB │ gzip:     0.25 kB │ map:      1.21 kB
out/renderer/assets/files-DNm3qqTo.js                                    0.37 kB │ gzip:     0.23 kB │ map:      1.13 kB
out/renderer/assets/folder-lock-87Ny1kep.js                              0.37 kB │ gzip:     0.27 kB │ map:      1.20 kB
out/renderer/assets/key-round-9LdhnZvQ.js                                0.37 kB │ gzip:     0.26 kB │ map:      1.13 kB
out/renderer/assets/picture-in-picture-BtRt_HO8.js                       0.37 kB │ gzip:     0.26 kB │ map:      1.33 kB
out/renderer/assets/shopping-bag-DnRaG9FD.js                             0.37 kB │ gzip:     0.26 kB │ map:      1.15 kB
out/renderer/assets/weight-tilde-QoghjaTY.js                             0.37 kB │ gzip:     0.27 kB │ map:      1.18 kB
out/renderer/assets/air-vent-DwuIHBGh.js                                 0.37 kB │ gzip:     0.26 kB │ map:      1.20 kB
out/renderer/assets/ethernet-port-g2AffTZ8.js                            0.37 kB │ gzip:     0.23 kB │ map:      1.28 kB
out/renderer/assets/file-symlink-BL_poiV8.js                             0.37 kB │ gzip:     0.26 kB │ map:      1.15 kB
out/renderer/assets/image-minus-joc8kLYK.js                              0.37 kB │ gzip:     0.27 kB │ map:      1.25 kB
out/renderer/assets/timer-off-Dp_ej5SS.js                                0.37 kB │ gzip:     0.24 kB │ map:      1.23 kB
out/renderer/assets/user-pen-BlSsxwVk.js                                 0.37 kB │ gzip:     0.27 kB │ map:      1.16 kB
out/renderer/assets/alarm-clock-minus-BA8zym4Z.js                        0.37 kB │ gzip:     0.25 kB │ map:      1.36 kB
out/renderer/assets/citrus-BOOTqMon.js                                   0.37 kB │ gzip:     0.27 kB │ map:      1.19 kB
out/renderer/assets/folder-key-D9_6eyYj.js                               0.37 kB │ gzip:     0.26 kB │ map:      1.23 kB
out/renderer/assets/monitor-play-CVZuFggI.js                             0.37 kB │ gzip:     0.26 kB │ map:      1.28 kB
out/renderer/assets/mouse-pointer-ban-DRvVEwzO.js                        0.37 kB │ gzip:     0.28 kB │ map:      1.21 kB
out/renderer/assets/stethoscope-8kBo1Ksc.js                              0.37 kB │ gzip:     0.25 kB │ map:      1.27 kB
out/renderer/assets/accessibility-CywD0hti.js                            0.37 kB │ gzip:     0.26 kB │ map:      1.29 kB
out/renderer/assets/globe-lock-BuCV45Bf.js                               0.37 kB │ gzip:     0.27 kB │ map:      1.26 kB
out/renderer/assets/utility-pole-B1SG9sBl.js                             0.37 kB │ gzip:     0.23 kB │ map:      1.37 kB
out/renderer/assets/venetian-mask-DJcwmAZ6.js                            0.37 kB │ gzip:     0.25 kB │ map:      1.16 kB
out/renderer/assets/file-clock-C4U_6uWB.js                               0.37 kB │ gzip:     0.26 kB │ map:      1.25 kB
out/renderer/assets/file-x-corner--bTdwtLS.js                            0.37 kB │ gzip:     0.26 kB │ map:      1.22 kB
out/renderer/assets/git-pull-request-closed-Oq2M95rJ.js                  0.37 kB │ gzip:     0.25 kB │ map:      1.41 kB
out/renderer/assets/message-circle-question-mark-Jb2wvLVr.js             0.37 kB │ gzip:     0.27 kB │ map:      1.25 kB
out/renderer/assets/newspaper-DE5Q1TQq.js                                0.37 kB │ gzip:     0.26 kB │ map:      1.26 kB
out/renderer/assets/bell-dot-TV_nJxNj.js                                 0.37 kB │ gzip:     0.28 kB │ map:      1.16 kB
out/renderer/assets/dice-5-BJfFbjkj.js                                   0.37 kB │ gzip:     0.24 kB │ map:      1.35 kB
out/renderer/assets/file-code-corner-OwMwByVU.js                         0.37 kB │ gzip:     0.25 kB │ map:      1.26 kB
out/renderer/assets/heart-plus-Bfqr6G-X.js                               0.37 kB │ gzip:     0.27 kB │ map:      1.14 kB
out/renderer/assets/hourglass-DDK5leYJ.js                                0.37 kB │ gzip:     0.24 kB │ map:      1.23 kB
out/renderer/assets/house-heart-c7jMijHC.js                              0.37 kB │ gzip:     0.26 kB │ map:      1.12 kB
out/renderer/assets/message-square-quote-5cgON-TV.js                     0.37 kB │ gzip:     0.26 kB │ map:      1.20 kB
out/renderer/assets/octagon-BQlgqA5C.js                                  0.37 kB │ gzip:     0.24 kB │ map:      1.01 kB
out/renderer/assets/pen-off-Cq0VLOKM.js                                  0.37 kB │ gzip:     0.27 kB │ map:      1.13 kB
out/renderer/assets/folder-open-dot-fFXJES0y.js                          0.37 kB │ gzip:     0.27 kB │ map:      1.14 kB
out/renderer/assets/lamp-BBs53vWx.js                                     0.37 kB │ gzip:     0.26 kB │ map:      1.13 kB
out/renderer/assets/layout-grid-DPdWFFLu.js                              0.37 kB │ gzip:     0.21 kB │ map:      1.40 kB
out/renderer/assets/map-pin-check-B1IQjgfF.js                            0.37 kB │ gzip:     0.29 kB │ map:      1.19 kB
out/renderer/assets/message-square-lock-LnA6bddf.js                      0.37 kB │ gzip:     0.28 kB │ map:      1.25 kB
out/renderer/assets/smartphone-nfc-BC9K1vAI.js                           0.37 kB │ gzip:     0.27 kB │ map:      1.26 kB
out/renderer/assets/stone-D3yUqbrx.js                                    0.37 kB │ gzip:     0.26 kB │ map:      1.13 kB
out/renderer/assets/crown-XQVoPuwy.js                                    0.37 kB │ gzip:     0.26 kB │ map:      1.08 kB
out/renderer/assets/currency-hdO2vLN0.js                                 0.37 kB │ gzip:     0.22 kB │ map:      1.42 kB
out/renderer/assets/decimals-arrow-right-CknFCd2u.js                     0.37 kB │ gzip:     0.25 kB │ map:      1.40 kB
out/renderer/assets/droplet-off-Bxiahzxm.js                              0.37 kB │ gzip:     0.28 kB │ map:      1.17 kB
out/renderer/assets/gpu-C2gEMiEU.js                                      0.37 kB │ gzip:     0.25 kB │ map:      1.26 kB
out/renderer/assets/message-square-diff-DPrTi57W.js                      0.37 kB │ gzip:     0.26 kB │ map:      1.25 kB
out/renderer/assets/paw-print-BGgVaXld.js                                0.37 kB │ gzip:     0.26 kB │ map:      1.29 kB
out/renderer/assets/skull-uC92jaUb.js                                    0.37 kB │ gzip:     0.26 kB │ map:      1.24 kB
out/renderer/assets/sticky-note-x-C-gHoRpM.js                            0.37 kB │ gzip:     0.26 kB │ map:      1.22 kB
out/renderer/assets/alarm-clock-check-CfT2GCc_.js                        0.37 kB │ gzip:     0.26 kB │ map:      1.37 kB
out/renderer/assets/blinds-QTg4Mybl.js                                   0.37 kB │ gzip:     0.24 kB │ map:      1.37 kB
out/renderer/assets/chart-bar-stacked-BOCFnw1X.js                        0.37 kB │ gzip:     0.25 kB │ map:      1.39 kB
out/renderer/assets/cuboid-CxlJZGu8.js                                   0.37 kB │ gzip:     0.26 kB │ map:      1.13 kB
out/renderer/assets/image-plus-CY7GX03-.js                               0.37 kB │ gzip:     0.25 kB │ map:      1.28 kB
out/renderer/assets/land-plot-CpqlJuYD.js                                0.37 kB │ gzip:     0.26 kB │ map:      1.21 kB
out/renderer/assets/monitor-speaker-tqr5_btH.js                          0.37 kB │ gzip:     0.27 kB │ map:      1.35 kB
out/renderer/assets/washing-machine-Dn2Ct3G3.js                          0.37 kB │ gzip:     0.27 kB │ map:      1.35 kB
out/renderer/assets/file-plus-B_IDnTPU.js                                0.38 kB │ gzip:     0.26 kB │ map:      1.21 kB
out/renderer/assets/file-plus-corner-BgsV_MUB.js                         0.38 kB │ gzip:     0.26 kB │ map:      1.24 kB
out/renderer/assets/folder-kanban-C7Hvli8y.js                            0.38 kB │ gzip:     0.26 kB │ map:      1.23 kB
out/renderer/assets/locate-DGD4Mv5A.js                                   0.38 kB │ gzip:     0.23 kB │ map:      1.42 kB
out/renderer/assets/podcast-CRmuLzSD.js                                  0.38 kB │ gzip:     0.27 kB │ map:      1.24 kB
out/renderer/assets/shield-plus-CUZXkVqd.js                              0.38 kB │ gzip:     0.27 kB │ map:      1.15 kB
out/renderer/assets/chess-pawn-DI6yfsRI.js                               0.38 kB │ gzip:     0.26 kB │ map:      1.29 kB
out/renderer/assets/copy-x-BIORRhBM.js                                   0.38 kB │ gzip:     0.27 kB │ map:      1.31 kB
out/renderer/assets/messages-square-BRGZYrQn.js                          0.38 kB │ gzip:     0.26 kB │ map:      1.16 kB
out/renderer/assets/battery-plus-BPw4GXPT.js                             0.38 kB │ gzip:     0.25 kB │ map:      1.25 kB
out/renderer/assets/chart-column-stacked-DO4X6BdS.js                     0.38 kB │ gzip:     0.26 kB │ map:      1.40 kB
out/renderer/assets/layout-dashboard-DosZ17zs.js                         0.38 kB │ gzip:     0.22 kB │ map:      1.43 kB
out/renderer/assets/monitor-off-78jMmeP7.js                              0.38 kB │ gzip:     0.25 kB │ map:      1.25 kB
out/renderer/assets/book-up-2-CXV8Lbz6.js                                0.38 kB │ gzip:     0.25 kB │ map:      1.24 kB
out/renderer/assets/webhook-CXJ7Njbe.js                                  0.38 kB │ gzip:     0.29 kB │ map:      1.14 kB
out/renderer/assets/book-headphones-BcNxCs4I.js                          0.38 kB │ gzip:     0.26 kB │ map:      1.30 kB
out/renderer/assets/circuit-board-CIcph-eg.js                            0.38 kB │ gzip:     0.26 kB │ map:      1.37 kB
out/renderer/assets/copy-plus-DIoCJ_SY.js                                0.38 kB │ gzip:     0.27 kB │ map:      1.33 kB
out/renderer/assets/crosshair-Dx7C7_Ht.js                                0.38 kB │ gzip:     0.24 kB │ map:      1.43 kB
out/renderer/assets/file-up-DArTLIyR.js                                  0.38 kB │ gzip:     0.26 kB │ map:      1.20 kB
out/renderer/assets/folder-git-BiwuiieJ.js                               0.38 kB │ gzip:     0.26 kB │ map:      1.24 kB
out/renderer/assets/metronome-Bp6X-Vni.js                                0.38 kB │ gzip:     0.28 kB │ map:      1.24 kB
out/renderer/assets/notepad-text-zyBEa-5J.js                             0.38 kB │ gzip:     0.24 kB │ map:      1.45 kB
out/renderer/assets/plug-zap-Y9ZEpbsW.js                                 0.38 kB │ gzip:     0.25 kB │ map:      1.25 kB
out/renderer/assets/train-track-j4pvNhrA.js                              0.38 kB │ gzip:     0.23 kB │ map:      1.37 kB
out/renderer/assets/diameter-T8WmZHtA.js                                 0.38 kB │ gzip:     0.25 kB │ map:      1.30 kB
out/renderer/assets/file-axis-3d-BsPkkgrR.js                             0.38 kB │ gzip:     0.26 kB │ map:      1.23 kB
out/renderer/assets/message-square-more-D4L5gVLI.js                      0.38 kB │ gzip:     0.26 kB │ map:      1.26 kB
out/renderer/assets/git-pull-request-create-arrow-D5dqMers.js            0.38 kB │ gzip:     0.26 kB │ map:      1.43 kB
out/renderer/assets/house-plus-CTp049Vh.js                               0.38 kB │ gzip:     0.26 kB │ map:      1.22 kB
out/renderer/assets/orbit-CRE_hOHJ.js                                    0.38 kB │ gzip:     0.26 kB │ map:      1.31 kB
out/renderer/assets/sport-shoe-BBrFJL_f.js                               0.38 kB │ gzip:     0.27 kB │ map:      1.16 kB
out/renderer/assets/sticky-note-plus-CdZvMhUe.js                         0.38 kB │ gzip:     0.27 kB │ map:      1.25 kB
out/renderer/assets/LineChart-V0KDXjx8.js                                0.38 kB │ gzip:     0.28 kB │ map:      1.05 kB
out/renderer/assets/cigarette-D1N6Tnbi.js                                0.38 kB │ gzip:     0.24 kB │ map:      1.25 kB
out/renderer/assets/grip-vertical-BQ1FIEga.js                            0.38 kB │ gzip:     0.20 kB │ map:      1.51 kB
out/renderer/assets/dessert-B0cRXzOv.js                                  0.38 kB │ gzip:     0.27 kB │ map:      1.17 kB
out/renderer/assets/door-closed-locked-ZOKprfKF.js                       0.38 kB │ gzip:     0.27 kB │ map:      1.35 kB
out/renderer/assets/file-output-DT9Jf6Rz.js                              0.38 kB │ gzip:     0.26 kB │ map:      1.24 kB
out/renderer/assets/file-x-BmguT9Fm.js                                   0.38 kB │ gzip:     0.26 kB │ map:      1.20 kB
out/renderer/assets/folder-heart-C4vUsVNV.js                             0.38 kB │ gzip:     0.27 kB │ map:      1.14 kB
out/renderer/assets/glasses-DQRgmvML.js                                  0.38 kB │ gzip:     0.25 kB │ map:      1.29 kB
out/renderer/assets/lightbulb-off-aQdM_lvZ.js                            0.38 kB │ gzip:     0.27 kB │ map:      1.27 kB
out/renderer/assets/list-ordered-DZT8BtkV.js                             0.38 kB │ gzip:     0.25 kB │ map:      1.32 kB
out/renderer/assets/package-Crykr8Ob.js                                  0.38 kB │ gzip:     0.26 kB │ map:      1.22 kB
out/renderer/assets/share-2-BNY__WdA.js                                  0.38 kB │ gzip:     0.25 kB │ map:      1.40 kB
out/renderer/assets/shield-x-C0rxIaKe.js                                 0.38 kB │ gzip:     0.27 kB │ map:      1.15 kB
out/renderer/assets/turtle-uhj866ks.js                                   0.38 kB │ gzip:     0.25 kB │ map:      1.21 kB
out/renderer/assets/file-terminal-oz9q0-J-.js                            0.38 kB │ gzip:     0.26 kB │ map:      1.24 kB
out/renderer/assets/grip-horizontal-Bc9jH_Ue.js                          0.38 kB │ gzip:     0.20 kB │ map:      1.52 kB
out/renderer/assets/bell-plus-mkme-0uf.js                                0.39 kB │ gzip:     0.28 kB │ map:      1.22 kB
out/renderer/assets/calendar-x-2-DOhqfYpi.js                             0.39 kB │ gzip:     0.25 kB │ map:      1.32 kB
out/renderer/assets/cookie-BpK3vPas.js                                   0.39 kB │ gzip:     0.24 kB │ map:      1.30 kB
out/renderer/assets/file-input-DyS8t-Zy.js                               0.39 kB │ gzip:     0.26 kB │ map:      1.22 kB
out/renderer/assets/speech-CrivjjS4.js                                   0.39 kB │ gzip:     0.28 kB │ map:      1.14 kB
out/renderer/assets/switch-camera-BsPTJ4KS.js                            0.39 kB │ gzip:     0.26 kB │ map:      1.30 kB
out/renderer/assets/binary-C7l3_cQZ.js                                   0.39 kB │ gzip:     0.24 kB │ map:      1.40 kB
out/renderer/assets/card-sim-D0NqOLvc.js                                 0.39 kB │ gzip:     0.27 kB │ map:      1.27 kB
out/renderer/assets/clapperboard-CSbmBJXZ.js                             0.39 kB │ gzip:     0.28 kB │ map:      1.22 kB
out/renderer/assets/fullscreen-DIbRNO2U.js                               0.39 kB │ gzip:     0.26 kB │ map:      1.31 kB
out/renderer/assets/lamp-wall-down-C0_2A9d9.js                           0.39 kB │ gzip:     0.26 kB │ map:      1.20 kB
out/renderer/assets/lamp-wall-up-CIz3Knu6.js                             0.39 kB │ gzip:     0.26 kB │ map:      1.19 kB
out/renderer/assets/mic-vocal-LIvnYaYe.js                                0.39 kB │ gzip:     0.30 kB │ map:      1.22 kB
out/renderer/assets/badge-cent-BtP60BnG.js                               0.39 kB │ gzip:     0.25 kB │ map:      1.16 kB
out/renderer/assets/badge-euro-fXWTemc-.js                               0.39 kB │ gzip:     0.25 kB │ map:      1.16 kB
out/renderer/assets/file-search-Dp89LBHZ.js                              0.39 kB │ gzip:     0.27 kB │ map:      1.27 kB
out/renderer/assets/layout-list-CJfqUHaW.js                              0.39 kB │ gzip:     0.24 kB │ map:      1.43 kB
out/renderer/assets/syringe-CxD9bWFo.js                                  0.39 kB │ gzip:     0.26 kB │ map:      1.30 kB
out/renderer/assets/calendar-plus-laFCiM33.js                            0.39 kB │ gzip:     0.25 kB │ map:      1.33 kB
out/renderer/assets/mailbox-CwAE7UJ5.js                                  0.39 kB │ gzip:     0.28 kB │ map:      1.26 kB
out/renderer/assets/message-circle-more-BckvRnky.js                      0.39 kB │ gzip:     0.27 kB │ map:      1.27 kB
out/renderer/assets/parking-meter-roH73d3z.js                            0.39 kB │ gzip:     0.26 kB │ map:      1.30 kB
out/renderer/assets/snail-SIq1sA5W.js                                    0.39 kB │ gzip:     0.27 kB │ map:      1.26 kB
out/renderer/assets/utensils-crossed-CrNSbUku.js                         0.39 kB │ gzip:     0.27 kB │ map:      1.24 kB
out/renderer/assets/calendar-clock-CgruOk2A.js                           0.39 kB │ gzip:     0.26 kB │ map:      1.38 kB
out/renderer/assets/captions-off-BqPjjD94.js                             0.39 kB │ gzip:     0.25 kB │ map:      1.33 kB
out/renderer/assets/house-wifi-BhFuzLXC.js                               0.39 kB │ gzip:     0.26 kB │ map:      1.23 kB
out/renderer/assets/armchair-DtF2qrCa.js                                 0.39 kB │ gzip:     0.25 kB │ map:      1.22 kB
out/renderer/assets/watch-DyLfZoUU.js                                    0.39 kB │ gzip:     0.27 kB │ map:      1.22 kB
out/renderer/assets/bell-off-JiQP7hY3.js                                 0.39 kB │ gzip:     0.28 kB │ map:      1.22 kB
out/renderer/assets/file-music-CTUlQLIm.js                               0.39 kB │ gzip:     0.28 kB │ map:      1.26 kB
out/renderer/assets/folder-git-2-BuRvq4Xr.js                             0.39 kB │ gzip:     0.27 kB │ map:      1.29 kB
out/renderer/assets/map-pin-plus-XngBO8VR.js                             0.39 kB │ gzip:     0.29 kB │ map:      1.26 kB
out/renderer/assets/src-AEHDFCS5-DBkczuSK.js                             0.39 kB │ gzip:     0.24 kB
out/renderer/assets/trees-BJOrKaGe.js                                    0.39 kB │ gzip:     0.26 kB │ map:      1.20 kB
out/renderer/assets/birdhouse-DZ1EMZva.js                                0.39 kB │ gzip:     0.27 kB │ map:      1.35 kB
out/renderer/assets/cake-slice-Xn4uZSzS.js                               0.39 kB │ gzip:     0.28 kB │ map:      1.25 kB
out/renderer/assets/clipboard-paste-Byp4Cvux.js                          0.39 kB │ gzip:     0.27 kB │ map:      1.36 kB
out/renderer/assets/square-dashed-bottom-code-DtZcqXyW.js                0.39 kB │ gzip:     0.25 kB │ map:      1.35 kB
out/renderer/assets/folder-archive-Cen0e4rh.js                           0.39 kB │ gzip:     0.28 kB │ map:      1.28 kB
out/renderer/assets/badge-turkish-lira-DZn9SMI0.js                       0.40 kB │ gzip:     0.25 kB │ map:      1.21 kB
out/renderer/assets/clipboard-clock-CyiKnyuh.js                          0.40 kB │ gzip:     0.28 kB │ map:      1.38 kB
out/renderer/assets/file-search-corner-Bjk-xkXZ.js                       0.40 kB │ gzip:     0.28 kB │ map:      1.30 kB
out/renderer/assets/network-BdwkGUCf.js                                  0.40 kB │ gzip:     0.24 kB │ map:      1.43 kB
out/renderer/assets/sheet-CmVCec_j.js                                    0.40 kB │ gzip:     0.25 kB │ map:      1.47 kB
out/renderer/assets/alarm-clock-off-k2EyFlwS.js                          0.40 kB │ gzip:     0.26 kB │ map:      1.35 kB
out/renderer/assets/caravan-BSM4IKo7.js                                  0.40 kB │ gzip:     0.26 kB │ map:      1.22 kB
out/renderer/assets/file-text-CJq6vPfY.js                                0.40 kB │ gzip:     0.25 kB │ map:      1.30 kB
out/renderer/assets/images-CBdpetbi.js                                   0.40 kB │ gzip:     0.29 kB │ map:      1.28 kB
out/renderer/assets/message-circle-off-BQplWkr8.js                       0.40 kB │ gzip:     0.28 kB │ map:      1.21 kB
out/renderer/assets/calendar-arrow-up-CZ0T8IC2.js                        0.40 kB │ gzip:     0.26 kB │ map:      1.36 kB
out/renderer/assets/circle-pile-DmJseh_4.js                              0.40 kB │ gzip:     0.21 kB │ map:      1.49 kB
out/renderer/assets/ev-charger-CgfGgj9T.js                               0.40 kB │ gzip:     0.26 kB │ map:      1.28 kB
out/renderer/assets/map-pin-x-R3ohRyIt.js                                0.40 kB │ gzip:     0.29 kB │ map:      1.26 kB
out/renderer/assets/square-parking-off-CU6IJcAH.js                       0.40 kB │ gzip:     0.27 kB │ map:      1.31 kB
out/renderer/assets/touchpad-off-BqQqc9Yo.js                             0.40 kB │ gzip:     0.25 kB │ map:      1.34 kB
out/renderer/assets/door-open-CIfXo1IC.js                                0.40 kB │ gzip:     0.26 kB │ map:      1.29 kB
out/renderer/assets/file-code-CR9i9zoD.js                                0.40 kB │ gzip:     0.27 kB │ map:      1.23 kB
out/renderer/assets/file-user-5dDxbrmE.js                                0.40 kB │ gzip:     0.28 kB │ map:      1.26 kB
out/renderer/assets/milk-Csn1LBme.js                                     0.40 kB │ gzip:     0.27 kB │ map:      1.14 kB
out/renderer/assets/tent-tree-Wl_dDOWA.js                                0.40 kB │ gzip:     0.26 kB │ map:      1.41 kB
out/renderer/assets/vibrate-off-B7apMuE-.js                              0.40 kB │ gzip:     0.27 kB │ map:      1.32 kB
out/renderer/assets/badge-russian-ruble-CV7ZtTOC.js                      0.40 kB │ gzip:     0.26 kB │ map:      1.22 kB
out/renderer/assets/bird-HJBAd-G-.js                                     0.40 kB │ gzip:     0.26 kB │ map:      1.30 kB
out/renderer/assets/droplets-CQCdZ203.js                                 0.40 kB │ gzip:     0.30 kB │ map:      1.14 kB
out/renderer/assets/file-stack-CNZ7zran.js                               0.40 kB │ gzip:     0.25 kB │ map:      1.18 kB
out/renderer/assets/flask-conical-off-DU3GUgdB.js                        0.40 kB │ gzip:     0.26 kB │ map:      1.36 kB
out/renderer/assets/hard-drive-DAaOlGIP.js                               0.40 kB │ gzip:     0.26 kB │ map:      1.25 kB
out/renderer/assets/mouse-pointer-2-off-DQx-tVxU.js                      0.40 kB │ gzip:     0.29 kB │ map:      1.22 kB
out/renderer/assets/refresh-ccw-dot-ySnDbyn0.js                          0.40 kB │ gzip:     0.27 kB │ map:      1.32 kB
out/renderer/assets/sparkle-BwsPOAXo.js                                  0.40 kB │ gzip:     0.24 kB │ map:      1.03 kB
out/renderer/assets/banknote-x-3KhxGhZI.js                               0.40 kB │ gzip:     0.26 kB │ map:      1.35 kB
out/renderer/assets/gamepad-C2VL0CBC.js                                  0.40 kB │ gzip:     0.26 kB │ map:      1.47 kB
out/renderer/assets/hd-DDAO3ZzW.js                                       0.40 kB │ gzip:     0.27 kB │ map:      1.31 kB
out/renderer/assets/pipette-0neeXeb2.js                                  0.40 kB │ gzip:     0.27 kB │ map:      1.20 kB
out/renderer/assets/quote-BCYxP1ds.js                                    0.40 kB │ gzip:     0.20 kB │ map:      1.14 kB
out/renderer/assets/radio-CZl6W-Cj.js                                    0.40 kB │ gzip:     0.27 kB │ map:      1.28 kB
out/renderer/assets/signpost-57DYKmC3.js                                 0.40 kB │ gzip:     0.26 kB │ map:      1.16 kB
out/renderer/assets/briefcase-medical-BT9EFNFF.js                        0.40 kB │ gzip:     0.26 kB │ map:      1.42 kB
out/renderer/assets/git-branch-plus-Dq66JjvJ.js                          0.40 kB │ gzip:     0.25 kB │ map:      1.36 kB
out/renderer/assets/id-card-lanyard-CHZDnHDi.js                          0.40 kB │ gzip:     0.28 kB │ map:      1.35 kB
out/renderer/assets/printer-check-BtOqVSa9.js                            0.40 kB │ gzip:     0.25 kB │ map:      1.23 kB
out/renderer/assets/smile-plus-DLmMTuyx.js                               0.40 kB │ gzip:     0.26 kB │ map:      1.41 kB
out/renderer/assets/warehouse-BFGI-HZ5.js                                0.40 kB │ gzip:     0.27 kB │ map:      1.23 kB
out/renderer/assets/axe-DJdau6NH.js                                      0.40 kB │ gzip:     0.28 kB │ map:      1.08 kB
out/renderer/assets/calendar-arrow-down-ayNJBpqV.js                      0.40 kB │ gzip:     0.26 kB │ map:      1.39 kB
out/renderer/assets/cassette-tape-BhTFsDiw.js                            0.40 kB │ gzip:     0.28 kB │ map:      1.40 kB
out/renderer/assets/clipboard-type-DEVfbhXK.js                           0.40 kB │ gzip:     0.27 kB │ map:      1.39 kB
out/renderer/assets/folder-pen-9aSpnDva.js                               0.40 kB │ gzip:     0.29 kB │ map:      1.15 kB
out/renderer/assets/git-compare-arrows-BnYKTa-G.js                       0.40 kB │ gzip:     0.27 kB │ map:      1.43 kB
out/renderer/assets/diamond-percent-B3EcRGzV.js                          0.40 kB │ gzip:     0.25 kB │ map:      1.27 kB
out/renderer/assets/alarm-clock-plus-CiB8qz4b.js                         0.40 kB │ gzip:     0.26 kB │ map:      1.45 kB
out/renderer/assets/badge-x-CXHiHgmZ.js                                  0.40 kB │ gzip:     0.25 kB │ map:      1.25 kB
out/renderer/assets/beef-DLKja6ov.js                                     0.40 kB │ gzip:     0.30 kB │ map:      1.21 kB
out/renderer/assets/earth-DgUkbM7v.js                                    0.40 kB │ gzip:     0.27 kB │ map:      1.26 kB
out/renderer/assets/map-pin-pen-CLt0Mppo.js                              0.40 kB │ gzip:     0.30 kB │ map:      1.21 kB
out/renderer/assets/sticky-note-off-BUEJoXlP.js                          0.40 kB │ gzip:     0.27 kB │ map:      1.28 kB
out/renderer/assets/tram-front-D_s1Wh8a.js                               0.40 kB │ gzip:     0.26 kB │ map:      1.45 kB
out/renderer/assets/waves-ladder-B5rACaMT.js                             0.40 kB │ gzip:     0.25 kB │ map:      1.32 kB
out/renderer/assets/clipboard-copy-DpFaGinE.js                           0.41 kB │ gzip:     0.27 kB │ map:      1.37 kB
out/renderer/assets/router-BnwPvtMd.js                                   0.41 kB │ gzip:     0.27 kB │ map:      1.37 kB
out/renderer/assets/life-buoy-CRXm-_05.js                                0.41 kB │ gzip:     0.24 kB │ map:      1.39 kB
out/renderer/assets/luggage-BgxtkVVy.js                                  0.41 kB │ gzip:     0.25 kB │ map:      1.33 kB
out/renderer/assets/drum-DS9fxopF.js                                     0.41 kB │ gzip:     0.26 kB │ map:      1.41 kB
out/renderer/assets/file-lock-COXyRZiM.js                                0.41 kB │ gzip:     0.29 kB │ map:      1.30 kB
out/renderer/assets/hospital-uSiirQ9m.js                                 0.41 kB │ gzip:     0.25 kB │ map:      1.30 kB
out/renderer/assets/image-play-Cg3ytmmQ.js                               0.41 kB │ gzip:     0.28 kB │ map:      1.27 kB
out/renderer/assets/popcorn-5lRyBBqn.js                                  0.41 kB │ gzip:     0.27 kB │ map:      1.26 kB
out/renderer/assets/badge-plus-D0miMvMp.js                               0.41 kB │ gzip:     0.26 kB │ map:      1.27 kB
out/renderer/assets/building-2-cjIBFh69.js                               0.41 kB │ gzip:     0.25 kB │ map:      1.31 kB
out/renderer/assets/dice-6-D_2-tONc.js                                   0.41 kB │ gzip:     0.24 kB │ map:      1.45 kB
out/renderer/assets/message-circle-heart-BBR2QKsv.js                     0.41 kB │ gzip:     0.30 kB │ map:      1.20 kB
out/renderer/assets/paintbrush-vertical-CWfiSxFi.js                      0.41 kB │ gzip:     0.26 kB │ map:      1.29 kB
out/renderer/assets/shuffle-Do2SCR86.js                                  0.41 kB │ gzip:     0.26 kB │ map:      1.27 kB
out/renderer/assets/train-front-CQ1ATOHz.js                              0.41 kB │ gzip:     0.27 kB │ map:      1.34 kB
out/renderer/assets/align-vertical-distribute-center-CbDzeTvP.js         0.41 kB │ gzip:     0.26 kB │ map:      1.56 kB
out/renderer/assets/banknote-arrow-up-D0Xdt3CZ.js                        0.41 kB │ gzip:     0.27 kB │ map:      1.40 kB
out/renderer/assets/cloud-sync-BHTFliNA.js                               0.41 kB │ gzip:     0.28 kB │ map:      1.29 kB
out/renderer/assets/map-pin-search-Dfeb3OOK.js                           0.41 kB │ gzip:     0.29 kB │ map:      1.32 kB
out/renderer/assets/microscope-DyV4C356.js                               0.41 kB │ gzip:     0.26 kB │ map:      1.34 kB
out/renderer/assets/banknote-arrow-down-C_Lf3GTA.js                      0.41 kB │ gzip:     0.27 kB │ map:      1.41 kB
out/renderer/assets/calendar-search-DKhSP0Yq.js                          0.41 kB │ gzip:     0.27 kB │ map:      1.40 kB
out/renderer/assets/calendars-BPpOcty6.js                                0.41 kB │ gzip:     0.27 kB │ map:      1.39 kB
out/renderer/assets/file-key-BPczL3FA.js                                 0.41 kB │ gzip:     0.28 kB │ map:      1.33 kB
out/renderer/assets/heart-off-D0DBZ0hp.js                                0.41 kB │ gzip:     0.30 kB │ map:      1.21 kB
out/renderer/assets/landmark-BQZFIXdX.js                                 0.41 kB │ gzip:     0.26 kB │ map:      1.36 kB
out/renderer/assets/view-Ugbn7Wb8.js                                     0.41 kB │ gzip:     0.27 kB │ map:      1.25 kB
out/renderer/assets/align-horizontal-distribute-center-BsXK4cQZ.js       0.41 kB │ gzip:     0.26 kB │ map:      1.58 kB
out/renderer/assets/badge-dollar-sign-BKnWs7fM.js                        0.41 kB │ gzip:     0.26 kB │ map:      1.22 kB
out/renderer/assets/badge-info-CUVHUjJg.js                               0.41 kB │ gzip:     0.26 kB │ map:      1.27 kB
out/renderer/assets/baggage-claim-XUyaLuRp.js                            0.41 kB │ gzip:     0.28 kB │ map:      1.41 kB
out/renderer/assets/calendar-off-DvyBe5I4.js                             0.41 kB │ gzip:     0.27 kB │ map:      1.35 kB
out/renderer/assets/pencil-off-D2kX4ZWO.js                               0.41 kB │ gzip:     0.28 kB │ map:      1.25 kB
out/renderer/assets/thermometer-sun-DuKpmKJN.js                          0.41 kB │ gzip:     0.26 kB │ map:      1.37 kB
out/renderer/assets/cannabis-CbVVVlzg.js                                 0.41 kB │ gzip:     0.28 kB │ map:      1.12 kB
out/renderer/assets/expand-Dqmai5Um.js                                   0.41 kB │ gzip:     0.24 kB │ map:      1.44 kB
out/renderer/assets/octagon-minus-Bk9Mi5Up.js                            0.41 kB │ gzip:     0.26 kB │ map:      1.14 kB
out/renderer/assets/pocket-knife-C1-EuCaa.js                             0.41 kB │ gzip:     0.27 kB │ map:      1.29 kB
out/renderer/assets/projector-ze3KOZM5.js                                0.41 kB │ gzip:     0.27 kB │ map:      1.40 kB
out/renderer/assets/scan-search-CZlsOMkK.js                              0.41 kB │ gzip:     0.27 kB │ map:      1.38 kB
out/renderer/assets/shield-user-B6frhGEJ.js                              0.41 kB │ gzip:     0.30 kB │ map:      1.22 kB
out/renderer/assets/badge-alert-DdNbIE6T.js                              0.41 kB │ gzip:     0.26 kB │ map:      1.28 kB
out/renderer/assets/file-heart-BGk9453B.js                               0.41 kB │ gzip:     0.28 kB │ map:      1.22 kB
out/renderer/assets/locate-off-CRzRjQzg.js                               0.41 kB │ gzip:     0.25 kB │ map:      1.40 kB
out/renderer/assets/swatch-book-BJA4e-e0.js                              0.41 kB │ gzip:     0.28 kB │ map:      1.26 kB
out/renderer/assets/backpack-CTtjWwYP.js                                 0.42 kB │ gzip:     0.25 kB │ map:      1.29 kB
out/renderer/assets/bandage-DODpCmZp.js                                  0.42 kB │ gzip:     0.25 kB │ map:      1.45 kB
out/renderer/assets/file-headphone-DsNgtKdm.js                           0.42 kB │ gzip:     0.27 kB │ map:      1.25 kB
out/renderer/assets/motorbike-BKv5VjTV.js                                0.42 kB │ gzip:     0.28 kB │ map:      1.35 kB
out/renderer/assets/shield-question-mark-DCDkBP14.js                     0.42 kB │ gzip:     0.30 kB │ map:      1.24 kB
out/renderer/assets/badge-percent-BpSfZS4o.js                            0.42 kB │ gzip:     0.26 kB │ map:      1.27 kB
out/renderer/assets/volume-2-DJRyg5gy.js                                 0.42 kB │ gzip:     0.28 kB │ map:      1.18 kB
out/renderer/assets/volume-x-1XRb-e1B.js                                 0.42 kB │ gzip:     0.29 kB │ map:      1.26 kB
out/renderer/assets/calendar-fold-CpGGNUgM.js                            0.42 kB │ gzip:     0.27 kB │ map:      1.33 kB
out/renderer/assets/cloud-sun-AWXA2RDw.js                                0.42 kB │ gzip:     0.27 kB │ map:      1.34 kB
out/renderer/assets/hand-CYUzNZ9q.js                                     0.42 kB │ gzip:     0.25 kB │ map:      1.24 kB
out/renderer/assets/hat-glasses-fCXWwUMZ.js                              0.42 kB │ gzip:     0.28 kB │ map:      1.38 kB
out/renderer/assets/mic-off-D7ccOlyF.js                                  0.42 kB │ gzip:     0.27 kB │ map:      1.33 kB
out/renderer/assets/sun-moon-BrAHUTeQ.js                                 0.42 kB │ gzip:     0.28 kB │ map:      1.31 kB
out/renderer/assets/badge-swiss-franc-BkVwsaXx.js                        0.42 kB │ gzip:     0.26 kB │ map:      1.29 kB
out/renderer/assets/spline-pointer-Cp5ixoPt.js                           0.42 kB │ gzip:     0.30 kB │ map:      1.33 kB
out/renderer/assets/worm-BPJzHouB.js                                     0.42 kB │ gzip:     0.30 kB │ map:      1.17 kB
out/renderer/assets/cloud-drizzle-DavbPJI_.js                            0.42 kB │ gzip:     0.26 kB │ map:      1.42 kB
out/renderer/assets/jsx-runtime-bU83kieh.js                              0.42 kB │ gzip:     0.29 kB │ map:      1.93 kB
out/renderer/assets/fold-horizontal-Dq4dLi9M.js                          0.42 kB │ gzip:     0.24 kB │ map:      1.50 kB
out/renderer/assets/hand-metal-CklGAds4.js                               0.42 kB │ gzip:     0.28 kB │ map:      1.26 kB
out/renderer/assets/square-centerline-dashed-horizontal-BHG0kt_w.js      0.42 kB │ gzip:     0.26 kB │ map:      1.48 kB
out/renderer/assets/candy-cane-BDV3ghWq.js                               0.42 kB │ gzip:     0.28 kB │ map:      1.33 kB
out/renderer/assets/database-search-DfdM_khX.js                          0.42 kB │ gzip:     0.28 kB │ map:      1.45 kB
out/renderer/assets/hammer-ENBnMx9y.js                                   0.42 kB │ gzip:     0.29 kB │ map:      1.18 kB
out/renderer/assets/mail-question-mark-q0bQin-c.js                       0.42 kB │ gzip:     0.29 kB │ map:      1.30 kB
out/renderer/assets/square-centerline-dashed-vertical-CxQ3IThY.js        0.42 kB │ gzip:     0.26 kB │ map:      1.47 kB
out/renderer/assets/unfold-horizontal-Cqiq5ia-.js                        0.42 kB │ gzip:     0.25 kB │ map:      1.51 kB
out/renderer/assets/cloud-hail-DpG4mmtx.js                               0.42 kB │ gzip:     0.26 kB │ map:      1.41 kB
out/renderer/assets/file-chart-column-BIzgXHwJ.js                        0.42 kB │ gzip:     0.27 kB │ map:      1.36 kB
out/renderer/assets/fold-vertical-DAtEnPuE.js                            0.42 kB │ gzip:     0.25 kB │ map:      1.49 kB
out/renderer/assets/loader-B73srXqQ.js                                   0.42 kB │ gzip:     0.24 kB │ map:      1.48 kB
out/renderer/assets/baby-BpPzw6S4.js                                     0.42 kB │ gzip:     0.28 kB │ map:      1.23 kB
out/renderer/assets/bell-electric-CxrlciLT.js                            0.42 kB │ gzip:     0.29 kB │ map:      1.48 kB
out/renderer/assets/bell-ring-vZbReiC3.js                                0.42 kB │ gzip:     0.29 kB │ map:      1.26 kB
out/renderer/assets/scissors-line-dashed-C5hVQFDl.js                     0.42 kB │ gzip:     0.27 kB │ map:      1.52 kB
out/renderer/assets/shield-ellipsis-Cd0nITXP.js                          0.42 kB │ gzip:     0.29 kB │ map:      1.29 kB
out/renderer/assets/sofa-Dn1yvvP7.js                                     0.42 kB │ gzip:     0.26 kB │ map:      1.29 kB
out/renderer/assets/test-tubes-dsA7zKh4.js                               0.42 kB │ gzip:     0.25 kB │ map:      1.35 kB
out/renderer/assets/chess-bishop-Bkg8xJ6x.js                             0.42 kB │ gzip:     0.29 kB │ map:      1.29 kB
out/renderer/assets/circle-parking-off-BLG-pfgI.js                       0.42 kB │ gzip:     0.28 kB │ map:      1.40 kB
out/renderer/assets/ruler-Cm9uqiZ_.js                                    0.42 kB │ gzip:     0.26 kB │ map:      1.30 kB
out/renderer/assets/umbrella-off-CgxEG82j.js                             0.42 kB │ gzip:     0.28 kB │ map:      1.32 kB
out/renderer/assets/unfold-vertical-B16lpYLq.js                          0.42 kB │ gzip:     0.25 kB │ map:      1.50 kB
out/renderer/assets/chart-no-axes-combined-BFZ8Up15.js                   0.43 kB │ gzip:     0.28 kB │ map:      1.43 kB
out/renderer/assets/map-pinned-BYwlp_kk.js                               0.43 kB │ gzip:     0.31 kB │ map:      1.26 kB
out/renderer/assets/mouse-pointer-click-DZWVDGES.js                      0.43 kB │ gzip:     0.28 kB │ map:      1.39 kB
out/renderer/assets/text-cursor-input-ChZYc3wK.js                        0.43 kB │ gzip:     0.26 kB │ map:      1.33 kB
out/renderer/assets/car-front-Dopte0GC.js                                0.43 kB │ gzip:     0.29 kB │ map:      1.42 kB
out/renderer/assets/file-image-BN1ctHEe.js                               0.43 kB │ gzip:     0.29 kB │ map:      1.29 kB
out/renderer/assets/heart-crack-BKWZCpr1.js                              0.43 kB │ gzip:     0.30 kB │ map:      1.18 kB
out/renderer/assets/piano-Cypd_xsB.js                                    0.43 kB │ gzip:     0.27 kB │ map:      1.36 kB
out/renderer/assets/plane-takeoff-CF5s9P92.js                            0.43 kB │ gzip:     0.30 kB │ map:      1.15 kB
out/renderer/assets/shield-off-CynLDcGB.js                               0.43 kB │ gzip:     0.30 kB │ map:      1.23 kB
out/renderer/assets/waves-arrow-up-iGpotwQ-.js                           0.43 kB │ gzip:     0.25 kB │ map:      1.32 kB
out/renderer/assets/cigarette-off-BLnJrt7o.js                            0.43 kB │ gzip:     0.26 kB │ map:      1.38 kB
out/renderer/assets/cloud-moon-rain-BxWf5424.js                          0.43 kB │ gzip:     0.30 kB │ map:      1.29 kB
out/renderer/assets/magnet-CCaBvOud.js                                   0.43 kB │ gzip:     0.26 kB │ map:      1.18 kB
out/renderer/assets/mail-search-C2ybXicC.js                              0.43 kB │ gzip:     0.29 kB │ map:      1.33 kB
out/renderer/assets/save-all-DyIok1JU.js                                 0.43 kB │ gzip:     0.27 kB │ map:      1.26 kB
out/renderer/assets/usb-BO48K4n4.js                                      0.43 kB │ gzip:     0.27 kB │ map:      1.45 kB
out/renderer/assets/bell-check-ozdevomk.js                               0.43 kB │ gzip:     0.30 kB │ map:      1.28 kB
out/renderer/assets/brush-cleaning-Dkhh9sH6.js                           0.43 kB │ gzip:     0.27 kB │ map:      1.29 kB
out/renderer/assets/cloud-snow-D6OXPrrW.js                               0.43 kB │ gzip:     0.26 kB │ map:      1.42 kB
out/renderer/assets/file-digit-DapdcxfG.js                               0.43 kB │ gzip:     0.29 kB │ map:      1.38 kB
out/renderer/assets/scan-text-B2jNbkd_.js                                0.43 kB │ gzip:     0.26 kB │ map:      1.42 kB
out/renderer/assets/locate-fixed-DaHUhny1.js                             0.43 kB │ gzip:     0.25 kB │ map:      1.59 kB
out/renderer/assets/logs-BcOgtYoE.js                                     0.43 kB │ gzip:     0.23 kB │ map:      1.51 kB
out/renderer/assets/brick-wall-DY9G8tWI.js                               0.43 kB │ gzip:     0.26 kB │ map:      1.53 kB
out/renderer/assets/haze-BsMwuhuz.js                                     0.43 kB │ gzip:     0.26 kB │ map:      1.46 kB
out/renderer/assets/printer-x-DVCcENfS.js                                0.43 kB │ gzip:     0.27 kB │ map:      1.30 kB
out/renderer/assets/map-pin-house-BfDVIcNW.js                            0.43 kB │ gzip:     0.29 kB │ map:      1.34 kB
out/renderer/assets/phone-missed-p9V89nd2.js                             0.43 kB │ gzip:     0.28 kB │ map:      1.21 kB
out/renderer/assets/roller-coaster-CUlE6dhA.js                           0.43 kB │ gzip:     0.27 kB │ map:      1.44 kB
out/renderer/assets/waypoints-CyAHRXbc.js                                0.43 kB │ gzip:     0.24 kB │ map:      1.55 kB
out/renderer/assets/aperture-ByaENbTY.js                                 0.43 kB │ gzip:     0.27 kB │ map:      1.45 kB
out/renderer/assets/badge-question-mark-BX9cifIq.js                      0.43 kB │ gzip:     0.28 kB │ map:      1.29 kB
out/renderer/assets/bot-message-square-CVLsayOt.js                       0.43 kB │ gzip:     0.27 kB │ map:      1.45 kB
out/renderer/assets/dices-L_Wm2Gf7.js                                    0.43 kB │ gzip:     0.28 kB │ map:      1.42 kB
out/renderer/assets/kayak-BVy-Iv6H.js                                    0.43 kB │ gzip:     0.28 kB │ map:      1.25 kB
out/renderer/assets/package-minus-BnRKztYS.js                            0.43 kB │ gzip:     0.29 kB │ map:      1.35 kB
out/renderer/assets/truck-N8zEdKnJ.js                                    0.43 kB │ gzip:     0.28 kB │ map:      1.36 kB
out/renderer/assets/badge-indian-rupee-CMtDr9qW.js                       0.43 kB │ gzip:     0.26 kB │ map:      1.31 kB
out/renderer/assets/car-mWf--C44.js                                      0.43 kB │ gzip:     0.30 kB │ map:      1.29 kB
out/renderer/assets/cherry-yNbcI1yY.js                                   0.43 kB │ gzip:     0.28 kB │ map:      1.22 kB
out/renderer/assets/factory-HCb0ofDV.js                                  0.43 kB │ gzip:     0.27 kB │ map:      1.25 kB
out/renderer/assets/file-chart-column-increasing-vsYRKkWE.js             0.43 kB │ gzip:     0.28 kB │ map:      1.42 kB
out/renderer/assets/film-CHz-dE6w.js                                     0.43 kB │ gzip:     0.26 kB │ map:      1.51 kB
out/renderer/assets/fire-extinguisher-CG0FTXcv.js                        0.43 kB │ gzip:     0.28 kB │ map:      1.40 kB
out/renderer/assets/phone-incoming-BQjVfso-.js                           0.43 kB │ gzip:     0.28 kB │ map:      1.23 kB
out/renderer/assets/scan-barcode-BY-MVSJs.js                             0.43 kB │ gzip:     0.26 kB │ map:      1.44 kB
out/renderer/assets/tower-control-CQLSHC4W.js                            0.43 kB │ gzip:     0.28 kB │ map:      1.45 kB
out/renderer/assets/anvil-WsP0jfOo.js                                    0.43 kB │ gzip:     0.26 kB │ map:      1.31 kB
out/renderer/assets/file-play-TgEpDLC2.js                                0.43 kB │ gzip:     0.29 kB │ map:      1.24 kB
out/renderer/assets/hamburger-BqgOyh5k.js                                0.43 kB │ gzip:     0.28 kB │ map:      1.27 kB
out/renderer/assets/phone-outgoing-FaWkohso.js                           0.43 kB │ gzip:     0.28 kB │ map:      1.23 kB
out/renderer/assets/scan-heart-LkFp5dyT.js                               0.43 kB │ gzip:     0.28 kB │ map:      1.34 kB
out/renderer/assets/squirrel-D8f8Uj5i.js                                 0.43 kB │ gzip:     0.29 kB │ map:      1.26 kB
out/renderer/assets/piggy-bank-CQgyPHIB.js                               0.44 kB │ gzip:     0.27 kB │ map:      1.21 kB
out/renderer/assets/plane-landing-C57X99ak.js                            0.44 kB │ gzip:     0.31 kB │ map:      1.16 kB
out/renderer/assets/sliders-horizontal-Ct8Tf2sZ.js                       0.44 kB │ gzip:     0.24 kB │ map:      1.60 kB
out/renderer/assets/align-center-vertical-DOFZvhmT.js                    0.44 kB │ gzip:     0.27 kB │ map:      1.36 kB
out/renderer/assets/map-uQc6XiUm.js                                      0.44 kB │ gzip:     0.27 kB │ map:      1.19 kB
out/renderer/assets/phone-forwarded-DS42LXzh.js                          0.44 kB │ gzip:     0.28 kB │ map:      1.24 kB
out/renderer/assets/shopping-basket-ChhC-3th.js                          0.44 kB │ gzip:     0.27 kB │ map:      1.45 kB
out/renderer/assets/toolbox-xiR5hxCK.js                                  0.44 kB │ gzip:     0.26 kB │ map:      1.32 kB
out/renderer/assets/clipboard-list-C0Lvf11w.js                           0.44 kB │ gzip:     0.27 kB │ map:      1.49 kB
out/renderer/assets/shelving-unit-DhhxzO1F.js                            0.44 kB │ gzip:     0.25 kB │ map:      1.44 kB
out/renderer/assets/sticker-DFrGyjA4.js                                  0.44 kB │ gzip:     0.27 kB │ map:      1.32 kB
out/renderer/assets/wifi-pen-TV4zPgNe.js                                 0.44 kB │ gzip:     0.29 kB │ map:      1.27 kB
out/renderer/assets/zap-off-BFUgkCk_.js                                  0.44 kB │ gzip:     0.29 kB │ map:      1.26 kB
out/renderer/assets/align-center-horizontal-DDD3FY1c.js                  0.44 kB │ gzip:     0.26 kB │ map:      1.37 kB
out/renderer/assets/badge-pound-sterling-CIAUYn78.js                     0.44 kB │ gzip:     0.27 kB │ map:      1.33 kB
out/renderer/assets/notebook-text-Cobrc6as.js                            0.44 kB │ gzip:     0.27 kB │ map:      1.56 kB
out/renderer/assets/server-crash-CWnihFpB.js                             0.44 kB │ gzip:     0.26 kB │ map:      1.38 kB
out/renderer/assets/book-open-text-LRVb4H86.js                           0.44 kB │ gzip:     0.25 kB │ map:      1.43 kB
out/renderer/assets/cable-car-Dg2abDAp.js                                0.44 kB │ gzip:     0.28 kB │ map:      1.54 kB
out/renderer/assets/calendar-range-BrbuiNPi.js                           0.44 kB │ gzip:     0.27 kB │ map:      1.57 kB
out/renderer/assets/carrot-By9upZIQ.js                                   0.44 kB │ gzip:     0.30 kB │ map:      1.20 kB
out/renderer/assets/eye-off-DZDt0qUo.js                                  0.44 kB │ gzip:     0.28 kB │ map:      1.31 kB
out/renderer/assets/hand-coins-BKL9jIxc.js                               0.44 kB │ gzip:     0.30 kB │ map:      1.40 kB
out/renderer/assets/package-check-BlKEUirw.js                            0.44 kB │ gzip:     0.29 kB │ map:      1.36 kB
out/renderer/assets/flashlight-off-C-Sh4lci.js                           0.44 kB │ gzip:     0.29 kB │ map:      1.38 kB
out/renderer/assets/spotlight-Cyi8Q6nA.js                                0.44 kB │ gzip:     0.29 kB │ map:      1.34 kB
out/renderer/assets/tags-NXLiQh3b.js                                     0.44 kB │ gzip:     0.30 kB │ map:      1.25 kB
out/renderer/assets/transgender-TlxQ2MUk.js                              0.44 kB │ gzip:     0.27 kB │ map:      1.53 kB
out/renderer/assets/briefcase-conveyor-belt-BV0rnm97.js                  0.44 kB │ gzip:     0.28 kB │ map:      1.55 kB
out/renderer/assets/camera-off-CaTKOuGj.js                               0.44 kB │ gzip:     0.29 kB │ map:      1.30 kB
out/renderer/assets/headphone-off-8lH8LNep.js                            0.44 kB │ gzip:     0.28 kB │ map:      1.36 kB
out/renderer/assets/map-minus-BjPsiyrC.js                                0.44 kB │ gzip:     0.29 kB │ map:      1.27 kB
out/renderer/assets/chart-candlestick-CZGMepX0.js                        0.44 kB │ gzip:     0.28 kB │ map:      1.58 kB
out/renderer/assets/construction-DaFtcLAT.js                             0.44 kB │ gzip:     0.27 kB │ map:      1.57 kB
out/renderer/assets/biceps-flexed-53q7eA6-.js                            0.45 kB │ gzip:     0.32 kB │ map:      1.24 kB
out/renderer/assets/boom-box-D1viNR9k.js                                 0.45 kB │ gzip:     0.28 kB │ map:      1.54 kB
out/renderer/assets/castle-D7hXRays.js                                   0.45 kB │ gzip:     0.26 kB │ map:      1.48 kB
out/renderer/assets/clover-DwMoirnm.js                                   0.45 kB │ gzip:     0.25 kB │ map:      1.20 kB
out/renderer/assets/file-type-corner-D9lOAKkB.js                         0.45 kB │ gzip:     0.28 kB │ map:      1.38 kB
out/renderer/assets/ruler-dimension-line-Cn-8zswr.js                     0.45 kB │ gzip:     0.27 kB │ map:      1.60 kB
out/renderer/assets/sunrise-DtBu5CGG.js                                  0.45 kB │ gzip:     0.27 kB │ map:      1.49 kB
out/renderer/assets/sunset-COT7vhBu.js                                   0.45 kB │ gzip:     0.27 kB │ map:      1.48 kB
out/renderer/assets/calendar-heart-CD79vO4z.js                           0.45 kB │ gzip:     0.29 kB │ map:      1.38 kB
out/renderer/assets/file-signal-CgPWXpEo.js                              0.45 kB │ gzip:     0.28 kB │ map:      1.35 kB
out/renderer/assets/ham-BtOVRef4.js                                      0.45 kB │ gzip:     0.28 kB │ map:      1.29 kB
out/renderer/assets/house-plug-BV2XZ2vl.js                               0.45 kB │ gzip:     0.27 kB │ map:      1.30 kB
out/renderer/assets/layers-CwyxD4f3.js                                   0.45 kB │ gzip:     0.26 kB │ map:      1.27 kB
out/renderer/assets/scan-face-BHXjsW45.js                                0.45 kB │ gzip:     0.27 kB │ map:      1.44 kB
out/renderer/assets/bot-off-C8TEyVul.js                                  0.45 kB │ gzip:     0.27 kB │ map:      1.43 kB
out/renderer/assets/chunk-FOC6F5B3-BgeFeQmY.js                           0.45 kB │ gzip:     0.31 kB │ map:      1.94 kB
out/renderer/assets/octagon-x-BGRa_9Jt.js                                0.45 kB │ gzip:     0.27 kB │ map:      1.22 kB
out/renderer/assets/sliders-vertical-BlLmBfeh.js                         0.45 kB │ gzip:     0.25 kB │ map:      1.59 kB
out/renderer/assets/phone-call-Bg5smO29.js                               0.45 kB │ gzip:     0.29 kB │ map:      1.23 kB
out/renderer/assets/wine-off-elCPOgbT.js                                 0.45 kB │ gzip:     0.31 kB │ map:      1.38 kB
out/renderer/assets/alarm-smoke-yPpmIIgQ.js                              0.45 kB │ gzip:     0.26 kB │ map:      1.34 kB
out/renderer/assets/barrel-CiGdX1xB.js                                   0.45 kB │ gzip:     0.26 kB │ map:      1.34 kB
out/renderer/assets/clock-fading-cyvwhTEF.js                             0.45 kB │ gzip:     0.28 kB │ map:      1.40 kB
out/renderer/assets/file-sliders-De1qAOrv.js                             0.45 kB │ gzip:     0.28 kB │ map:      1.42 kB
out/renderer/assets/folder-sync-DbkgrISI.js                              0.45 kB │ gzip:     0.28 kB │ map:      1.36 kB
out/renderer/assets/group-DgKOxOFC.js                                    0.45 kB │ gzip:     0.29 kB │ map:      1.47 kB
out/renderer/assets/file-pen-C2prdFLi.js                                 0.45 kB │ gzip:     0.30 kB │ map:      1.25 kB
out/renderer/assets/file-type-BfuSC6Vf.js                                0.45 kB │ gzip:     0.28 kB │ map:      1.35 kB
out/renderer/assets/octagon-pause-TRmDCgCd.js                            0.45 kB │ gzip:     0.27 kB │ map:      1.24 kB
out/renderer/assets/unplug-Bo2SadaH.js                                   0.45 kB │ gzip:     0.27 kB │ map:      1.41 kB
out/renderer/assets/clipboard-pen-CKCQRQ77.js                            0.45 kB │ gzip:     0.31 kB │ map:      1.36 kB
out/renderer/assets/megaphone-off-Bg-cVDZ6.js                            0.45 kB │ gzip:     0.29 kB │ map:      1.35 kB
out/renderer/assets/chunk-2KRD3SAO-D_e836pt.js                           0.45 kB │ gzip:     0.31 kB │ map:      1.93 kB
out/renderer/assets/file-spreadsheet-CAQVoRvG.js                         0.45 kB │ gzip:     0.28 kB │ map:      1.45 kB
out/renderer/assets/repeat-off-CciAF5iw.js                               0.45 kB │ gzip:     0.28 kB │ map:      1.45 kB
out/renderer/assets/bean-off-BYLiLaMv.js                                 0.46 kB │ gzip:     0.32 kB │ map:      1.36 kB
out/renderer/assets/octagon-alert-BRqCO7C6.js                            0.46 kB │ gzip:     0.27 kB │ map:      1.24 kB
out/renderer/assets/van-8cAnFbbF.js                                      0.46 kB │ gzip:     0.29 kB │ map:      1.39 kB
out/renderer/assets/chunk-67CJDMHE-DxSxRkk1.js                           0.46 kB │ gzip:     0.31 kB │ map:      1.98 kB
out/renderer/assets/chunk-KGLVRYIC-j7V0dc2Z.js                           0.46 kB │ gzip:     0.31 kB │ map:      1.92 kB
out/renderer/assets/badge-japanese-yen-Cm4Y6t7h.js                       0.46 kB │ gzip:     0.27 kB │ map:      1.39 kB
out/renderer/assets/file-archive-BL2rjsPI.js                             0.46 kB │ gzip:     0.30 kB │ map:      1.46 kB
out/renderer/assets/wand-CZdHbLbe.js                                     0.46 kB │ gzip:     0.26 kB │ map:      1.55 kB
out/renderer/assets/shredder-BsHWVTmH.js                                 0.46 kB │ gzip:     0.28 kB │ map:      1.47 kB
out/renderer/assets/atom-D-a5_EDo.js                                     0.46 kB │ gzip:     0.29 kB │ map:      1.27 kB
out/renderer/assets/database-backup-DZRrnp-h.js                          0.46 kB │ gzip:     0.31 kB │ map:      1.49 kB
out/renderer/assets/milk-off-B8I8D9w6.js                                 0.46 kB │ gzip:     0.31 kB │ map:      1.33 kB
out/renderer/assets/replace-CZopV8W3.js                                  0.46 kB │ gzip:     0.28 kB │ map:      1.50 kB
out/renderer/assets/route-off-DY30NICY.js                                0.46 kB │ gzip:     0.29 kB │ map:      1.50 kB
out/renderer/assets/chart-network-DVJqLEXa.js                            0.46 kB │ gzip:     0.29 kB │ map:      1.56 kB
out/renderer/assets/chess-rook-DaXDJaWv.js                               0.46 kB │ gzip:     0.27 kB │ map:      1.47 kB
out/renderer/assets/combine-CEfzRw0N.js                                  0.46 kB │ gzip:     0.27 kB │ map:      1.49 kB
out/renderer/assets/medal-C8HjgA3e.js                                    0.46 kB │ gzip:     0.30 kB │ map:      1.43 kB
out/renderer/assets/rocket-DtYfMDDW.js                                   0.46 kB │ gzip:     0.31 kB │ map:      1.33 kB
out/renderer/assets/church-CBzKEH7a.js                                   0.46 kB │ gzip:     0.29 kB │ map:      1.38 kB
out/renderer/assets/keyboard-BtdNaM_m.js                                 0.46 kB │ gzip:     0.26 kB │ map:      1.64 kB
out/renderer/assets/traffic-cone-B6RVUOm8.js                             0.46 kB │ gzip:     0.31 kB │ map:      1.32 kB
out/renderer/assets/ear-off-Luiobyqu.js                                  0.47 kB │ gzip:     0.32 kB │ map:      1.36 kB
out/renderer/assets/sandwich-CRxeVvJs.js                                 0.47 kB │ gzip:     0.31 kB │ map:      1.38 kB
out/renderer/assets/car-taxi-front-BzUiJDY4.js                           0.47 kB │ gzip:     0.30 kB │ map:      1.55 kB
out/renderer/assets/leafy-green-CapHZf0I.js                              0.47 kB │ gzip:     0.31 kB │ map:      1.18 kB
out/renderer/assets/rabbit-YBYHN5Sb.js                                   0.47 kB │ gzip:     0.31 kB │ map:      1.35 kB
out/renderer/assets/radio-off-LhvxKTP5.js                                0.47 kB │ gzip:     0.29 kB │ map:      1.40 kB
out/renderer/assets/rat-CY0ljXzt.js                                      0.47 kB │ gzip:     0.30 kB │ map:      1.34 kB
out/renderer/assets/fence-CmTj3VJo.js                                    0.47 kB │ gzip:     0.25 kB │ map:      1.44 kB
out/renderer/assets/file-video-camera-C1JMw7yy.js                        0.47 kB │ gzip:     0.32 kB │ map:      1.43 kB
out/renderer/assets/flower-2-Dlxmd0Xb.js                                 0.47 kB │ gzip:     0.30 kB │ map:      1.39 kB
out/renderer/assets/pizza-D8Yy4xwJ.js                                    0.47 kB │ gzip:     0.30 kB │ map:      1.35 kB
out/renderer/assets/squares-subtract-Z7W6HCxG.js                         0.47 kB │ gzip:     0.27 kB │ map:      1.47 kB
out/renderer/assets/chess-king-8NSAwxIG.js                               0.47 kB │ gzip:     0.32 kB │ map:      1.32 kB
out/renderer/assets/notebook-tabs-CqdvpsWH.js                            0.47 kB │ gzip:     0.27 kB │ map:      1.65 kB
out/renderer/assets/rose-BTFG1_kr.js                                     0.47 kB │ gzip:     0.32 kB │ map:      1.39 kB
out/renderer/assets/shrimp-IEf3saGj.js                                   0.47 kB │ gzip:     0.31 kB │ map:      1.36 kB
out/renderer/assets/handshake-DACoRMuu.js                                0.47 kB │ gzip:     0.30 kB │ map:      1.37 kB
out/renderer/assets/package-plus-XxQM-LIH.js                             0.47 kB │ gzip:     0.30 kB │ map:      1.45 kB
out/renderer/assets/container-aruigs33.js                                0.47 kB │ gzip:     0.31 kB │ map:      1.37 kB
out/renderer/assets/server-off-BZzDrtkl.js                               0.47 kB │ gzip:     0.29 kB │ map:      1.41 kB
out/renderer/assets/hand-grab-32WZFbdq.js                                0.47 kB │ gzip:     0.26 kB │ map:      1.36 kB
out/renderer/assets/phone-off-Br7ORGwK.js                                0.47 kB │ gzip:     0.30 kB │ map:      1.28 kB
out/renderer/assets/amphora-C30NAXiR.js                                  0.48 kB │ gzip:     0.29 kB │ map:      1.41 kB
out/renderer/assets/bus-front-BnE9keD2.js                                0.48 kB │ gzip:     0.29 kB │ map:      1.64 kB
out/renderer/assets/footprints-D71CzhPV.js                               0.48 kB │ gzip:     0.31 kB │ map:      1.35 kB
out/renderer/assets/forklift-wIMgQ7FB.js                                 0.48 kB │ gzip:     0.29 kB │ map:      1.55 kB
out/renderer/assets/train-front-tunnel-BEuLpkzZ.js                       0.48 kB │ gzip:     0.29 kB │ map:      1.51 kB
out/renderer/assets/file-pen-line-CXQH4pcZ.js                            0.48 kB │ gzip:     0.31 kB │ map:      1.38 kB
out/renderer/assets/keyboard-music-CXuZJfi0.js                           0.48 kB │ gzip:     0.27 kB │ map:      1.67 kB
out/renderer/assets/shovel-Dow_qbj_.js                                   0.48 kB │ gzip:     0.30 kB │ map:      1.27 kB
out/renderer/assets/package-x-CoZ1sP46.js                                0.48 kB │ gzip:     0.30 kB │ map:      1.44 kB
out/renderer/assets/panel-top-bottom-dashed-Dj-6uoTW.js                  0.48 kB │ gzip:     0.27 kB │ map:      1.71 kB
out/renderer/assets/sticky-notes-W8v87Rmj.js                             0.48 kB │ gzip:     0.27 kB │ map:      1.36 kB
out/renderer/assets/tickets-plane-jYKqNO8c.js                            0.48 kB │ gzip:     0.31 kB │ map:      1.54 kB
out/renderer/assets/volleyball-eCn31u2M.js                               0.48 kB │ gzip:     0.30 kB │ map:      1.44 kB
out/renderer/assets/bus-D7-wTnEh.js                                      0.48 kB │ gzip:     0.30 kB │ map:      1.52 kB
out/renderer/assets/helicopter-Cx0GBEI0.js                               0.48 kB │ gzip:     0.28 kB │ map:      1.55 kB
out/renderer/assets/map-plus-DXjgdF2l.js                                 0.48 kB │ gzip:     0.30 kB │ map:      1.37 kB
out/renderer/assets/radio-tower-LBKI-qeH.js                              0.48 kB │ gzip:     0.31 kB │ map:      1.51 kB
out/renderer/assets/key-square-Bb4nHUVH.js                               0.48 kB │ gzip:     0.29 kB │ map:      1.29 kB
out/renderer/assets/school-BaP7lZnP.js                                   0.48 kB │ gzip:     0.31 kB │ map:      1.45 kB
out/renderer/assets/square-scissors-CRUFSUky.js                          0.48 kB │ gzip:     0.29 kB │ map:      1.67 kB
out/renderer/assets/image-off-D84SlbRk.js                                0.48 kB │ gzip:     0.30 kB │ map:      1.58 kB
out/renderer/assets/pen-tool-DgM1qsdp.js                                 0.48 kB │ gzip:     0.30 kB │ map:      1.39 kB
out/renderer/assets/file-badge-BEEH25zV.js                               0.48 kB │ gzip:     0.32 kB │ map:      1.38 kB
out/renderer/assets/panel-left-right-dashed-7T8LGqpC.js                  0.48 kB │ gzip:     0.27 kB │ map:      1.71 kB
out/renderer/assets/sun-D0R0KjXa.js                                      0.48 kB │ gzip:     0.26 kB │ map:      1.61 kB
out/renderer/assets/heart-handshake-ip_so03D.js                          0.48 kB │ gzip:     0.31 kB │ map:      1.16 kB
out/renderer/assets/cat-DOyU5aXM.js                                      0.49 kB │ gzip:     0.33 kB │ map:      1.29 kB
out/renderer/assets/earth-lock-BKu_WEBw.js                               0.49 kB │ gzip:     0.31 kB │ map:      1.48 kB
out/renderer/assets/origami-GtCa3Y3d.js                                  0.49 kB │ gzip:     0.32 kB │ map:      1.28 kB
out/renderer/assets/waves-arrow-down-Bb9Dcayk.js                         0.49 kB │ gzip:     0.30 kB │ map:      1.39 kB
out/renderer/assets/pointer-DkT9BiOZ.js                                  0.49 kB │ gzip:     0.29 kB │ map:      1.38 kB
out/renderer/assets/wifi-off-B2fa5CtH.js                                 0.49 kB │ gzip:     0.29 kB │ map:      1.47 kB
out/renderer/assets/scan-eye-D901JzSK.js                                 0.49 kB │ gzip:     0.29 kB │ map:      1.47 kB
out/renderer/assets/chess-knight-BqIB8bFc.js                             0.49 kB │ gzip:     0.31 kB │ map:      1.42 kB
out/renderer/assets/circle-fading-plus-DIwiepE3.js                       0.49 kB │ gzip:     0.29 kB │ map:      1.53 kB
out/renderer/assets/file-braces-corner-CmmNkoj_.js                       0.49 kB │ gzip:     0.29 kB │ map:      1.40 kB
out/renderer/assets/message-square-heart-xn7vPgbN.js                     0.49 kB │ gzip:     0.32 kB │ map:      1.28 kB
out/renderer/assets/tree-palm-CKYL_B6O.js                                0.49 kB │ gzip:     0.33 kB │ map:      1.34 kB
out/renderer/assets/file-scan-BeWd3U2e.js                                0.49 kB │ gzip:     0.28 kB │ map:      1.45 kB
out/renderer/assets/beer-DoBEubSe.js                                     0.49 kB │ gzip:     0.31 kB │ map:      1.37 kB
out/renderer/assets/cloud-sun-rain-CdefxW5o.js                           0.49 kB │ gzip:     0.29 kB │ map:      1.57 kB
out/renderer/assets/file-chart-pie-BL9oy5mq.js                           0.49 kB │ gzip:     0.32 kB │ map:      1.39 kB
out/renderer/assets/sun-dim-DHUzppd2.js                                  0.49 kB │ gzip:     0.26 kB │ map:      1.63 kB
out/renderer/assets/tooltipContext-sIXdQ1z2.js                           0.49 kB │ gzip:     0.27 kB │ map:      2.95 kB
out/renderer/assets/chunk-CIAEETIT-8Igdo5Sh.js                           0.50 kB │ gzip:     0.35 kB │ map:      2.06 kB
out/renderer/assets/ferris-wheel-Rpr3HcpH.js                             0.50 kB │ gzip:     0.30 kB │ map:      1.66 kB
out/renderer/assets/file-braces-B-gtNsDS.js                              0.50 kB │ gzip:     0.28 kB │ map:      1.37 kB
out/renderer/assets/hand-platter-BxNMfHnq.js                             0.50 kB │ gzip:     0.32 kB │ map:      1.47 kB
out/renderer/assets/save-off-cZhUxDEk.js                                 0.50 kB │ gzip:     0.30 kB │ map:      1.50 kB
out/renderer/assets/siren-DTPQh_mf.js                                    0.50 kB │ gzip:     0.29 kB │ map:      1.55 kB
out/renderer/assets/soap-dispenser-droplet-Ce5wlGiO.js                   0.50 kB │ gzip:     0.33 kB │ map:      1.43 kB
out/renderer/assets/package-search-B4VLwEAo.js                           0.50 kB │ gzip:     0.32 kB │ map:      1.51 kB
out/renderer/assets/settings-C8udPNOa.js                                 0.50 kB │ gzip:     0.26 kB │ map:      1.24 kB
out/renderer/assets/star-Bwe9xUHY.js                                     0.50 kB │ gzip:     0.31 kB │ map:      1.12 kB
out/renderer/assets/wifi-sync-DzSESqJa.js                                0.50 kB │ gzip:     0.30 kB │ map:      1.49 kB
out/renderer/assets/circle-fading-arrow-up-P4lUv9y_.js                   0.50 kB │ gzip:     0.30 kB │ map:      1.56 kB
out/renderer/assets/clipboard-pen-line-SuEgwpRb.js                       0.50 kB │ gzip:     0.31 kB │ map:      1.51 kB
out/renderer/assets/thermometer-snowflake-DaG7kr0F.js                    0.50 kB │ gzip:     0.32 kB │ map:      1.62 kB
out/renderer/assets/map-pin-off-DnXNyOwm.js                              0.50 kB │ gzip:     0.32 kB │ map:      1.41 kB
out/renderer/assets/microchip-D2V3FKUH.js                                0.50 kB │ gzip:     0.27 kB │ map:      1.73 kB
out/renderer/assets/notebook-pen-hKUx38ZY.js                             0.50 kB │ gzip:     0.30 kB │ map:      1.47 kB
out/renderer/assets/salad-C669c1pk.js                                    0.50 kB │ gzip:     0.30 kB │ map:      1.38 kB
out/renderer/assets/square-dashed-top-solid-DZxklmMq.js                  0.50 kB │ gzip:     0.27 kB │ map:      1.68 kB
out/renderer/assets/trophy-B4-qPUGT.js                                   0.50 kB │ gzip:     0.29 kB │ map:      1.42 kB
out/renderer/assets/volume-off-Bu3KMhPU.js                               0.50 kB │ gzip:     0.32 kB │ map:      1.40 kB
out/renderer/assets/lamp-desk-CgByuaGJ.js                                0.50 kB │ gzip:     0.31 kB │ map:      1.35 kB
out/renderer/assets/image-upscale-B-Usrnpr.js                            0.50 kB │ gzip:     0.31 kB │ map:      1.63 kB
out/renderer/assets/cable-vz2j0bbk.js                                    0.51 kB │ gzip:     0.27 kB │ map:      1.52 kB
out/renderer/assets/calendar-days-Qu5e9UPP.js                            0.51 kB │ gzip:     0.27 kB │ map:      1.77 kB
out/renderer/assets/folder-tree-B--IfbbB.js                              0.51 kB │ gzip:     0.28 kB │ map:      1.38 kB
out/renderer/assets/ship-DjdhAXKS.js                                     0.51 kB │ gzip:     0.30 kB │ map:      1.41 kB
out/renderer/assets/sparkles-DYvBOaf7.js                                 0.51 kB │ gzip:     0.29 kB │ map:      1.37 kB
out/renderer/assets/webhook-off-DetHyNSP.js                              0.51 kB │ gzip:     0.32 kB │ map:      1.51 kB
out/renderer/assets/circle-star-CCrXpAjq.js                              0.51 kB │ gzip:     0.32 kB │ map:      1.25 kB
out/renderer/assets/solar-panel-DLyYBRsl.js                              0.51 kB │ gzip:     0.31 kB │ map:      1.54 kB
out/renderer/assets/sun-medium-mPtk7g7-.js                               0.51 kB │ gzip:     0.28 kB │ map:      1.65 kB
out/renderer/assets/layers-plus-RDTAGP4N.js                              0.51 kB │ gzip:     0.29 kB │ map:      1.41 kB
out/renderer/assets/store-CfwOCvcV.js                                    0.51 kB │ gzip:     0.29 kB │ map:      1.28 kB
out/renderer/assets/blender-DtCkhNpZ.js                                  0.51 kB │ gzip:     0.31 kB │ map:      1.46 kB
out/renderer/assets/cake-CWQb7-1i.js                                     0.51 kB │ gzip:     0.28 kB │ map:      1.60 kB
out/renderer/assets/drill-BXvZ2I09.js                                    0.51 kB │ gzip:     0.29 kB │ map:      1.47 kB
out/renderer/assets/pointer-off-qMDgTiZB.js                              0.52 kB │ gzip:     0.32 kB │ map:      1.50 kB
out/renderer/assets/scan-qr-code-DOFhGbKx.js                             0.52 kB │ gzip:     0.31 kB │ map:      1.64 kB
out/renderer/assets/calendar-sync-p1r0eM12.js                            0.52 kB │ gzip:     0.30 kB │ map:      1.59 kB
out/renderer/assets/cctv-D2diTSel.js                                     0.52 kB │ gzip:     0.32 kB │ map:      1.42 kB
out/renderer/assets/palette-DzeG12RU.js                                  0.52 kB │ gzip:     0.28 kB │ map:      1.59 kB
out/renderer/assets/square-star-Dr3AUXhW.js                              0.52 kB │ gzip:     0.34 kB │ map:      1.29 kB
out/renderer/assets/hand-heart-DPDATPZ5.js                               0.52 kB │ gzip:     0.35 kB │ map:      1.39 kB
out/renderer/assets/shower-head-CElLej-5.js                              0.52 kB │ gzip:     0.28 kB │ map:      1.70 kB
out/renderer/assets/wand-sparkles-r8HujM2y.js                            0.52 kB │ gzip:     0.29 kB │ map:      1.64 kB
out/renderer/assets/broccoli-qVGe4P56.js                                 0.53 kB │ gzip:     0.34 kB │ map:      1.39 kB
out/renderer/assets/zodiac-aquarius-C-sze001.js                          0.53 kB │ gzip:     0.26 kB │ map:      1.30 kB
out/renderer/assets/chunk-EDXVE4YY-DIbh6Rqx.js                           0.53 kB │ gzip:     0.37 kB │ map:      2.00 kB
out/renderer/assets/chart-scatter-RWftmBT8.js                            0.53 kB │ gzip:     0.27 kB │ map:      1.69 kB
out/renderer/assets/radar-CIcIgYyy.js                                    0.53 kB │ gzip:     0.32 kB │ map:      1.59 kB
out/renderer/assets/refresh-cw-off-BKErEpfq.js                           0.53 kB │ gzip:     0.32 kB │ map:      1.54 kB
out/renderer/assets/grip-BVWvDDIX.js                                     0.53 kB │ gzip:     0.24 kB │ map:      1.87 kB
out/renderer/assets/hotel-B4MHjXz5.js                                    0.53 kB │ gzip:     0.29 kB │ map:      1.74 kB
out/renderer/assets/brick-wall-fire-DBstEZvf.js                          0.53 kB │ gzip:     0.33 kB │ map:      1.60 kB
out/renderer/assets/codeowners-BsWvCytN.js                               0.54 kB │ gzip:     0.31 kB │ map:      1.04 kB
out/renderer/assets/codeowners-DijRQTrO.js                               0.54 kB │ gzip:     0.31 kB │ map:      1.06 kB
out/renderer/assets/dam-Bfx2fe5q.js                                      0.54 kB │ gzip:     0.29 kB │ map:      1.53 kB
out/renderer/assets/panda-Bx8PSzxy.js                                    0.54 kB │ gzip:     0.33 kB │ map:      1.48 kB
out/renderer/assets/file-volume-BJkZJEWC.js                              0.54 kB │ gzip:     0.33 kB │ map:      1.42 kB
out/renderer/assets/ambulance-DzUvSlbO.js                                0.54 kB │ gzip:     0.32 kB │ map:      1.62 kB
out/renderer/assets/ship-wheel-C5kYcBGp.js                               0.55 kB │ gzip:     0.30 kB │ map:      1.78 kB
out/renderer/assets/star-off-DXr2jdMM.js                                 0.55 kB │ gzip:     0.34 kB │ map:      1.34 kB
out/renderer/assets/university-DEoeYaOd.js                               0.55 kB │ gzip:     0.32 kB │ map:      1.60 kB
out/renderer/assets/tool-case-CIQmiC6p.js                                0.55 kB │ gzip:     0.35 kB │ map:      1.45 kB
out/renderer/assets/spray-can-B1W5BJnR.js                                0.55 kB │ gzip:     0.31 kB │ map:      1.76 kB
out/renderer/assets/hand-fist-DfiuT522.js                                0.55 kB │ gzip:     0.34 kB │ map:      1.39 kB
out/renderer/assets/keyboard-off-2XqnLEta.js                             0.55 kB │ gzip:     0.30 kB │ map:      1.75 kB
out/renderer/assets/soup-n75QRTAw.js                                     0.55 kB │ gzip:     0.30 kB │ map:      1.54 kB
out/renderer/assets/theater-DzLLVSmx.js                                  0.55 kB │ gzip:     0.28 kB │ map:      1.67 kB
out/renderer/assets/unlink-DrY8G1uN.js                                   0.55 kB │ gzip:     0.31 kB │ map:      1.70 kB
out/renderer/assets/truck-electric-Dha1tnV8.js                           0.56 kB │ gzip:     0.33 kB │ map:      1.68 kB
out/renderer/assets/user-star-C98ROLu8.js                                0.56 kB │ gzip:     0.35 kB │ map:      1.35 kB
out/renderer/assets/calculator-DBoll2vk.js                               0.56 kB │ gzip:     0.30 kB │ map:      1.87 kB
out/renderer/assets/guitar-DKaRmvfu.js                                   0.56 kB │ gzip:     0.33 kB │ map:      1.41 kB
out/renderer/assets/radiation-DTZ-RiKN.js                                0.56 kB │ gzip:     0.32 kB │ map:      1.46 kB
out/renderer/assets/memory-stick-Bj5AWCIC.js                             0.56 kB │ gzip:     0.29 kB │ map:      1.86 kB
out/renderer/assets/bow-arrow-ai8hr_FM.js                                0.56 kB │ gzip:     0.34 kB │ map:      1.47 kB
out/renderer/assets/heater-D0hM3D-1.js                                   0.56 kB │ gzip:     0.29 kB │ map:      1.74 kB
out/renderer/assets/file-box-DxhWrAw-.js                                 0.57 kB │ gzip:     0.34 kB │ map:      1.49 kB
out/renderer/assets/paintbrush-UlF7Noo6.js                               0.57 kB │ gzip:     0.35 kB │ map:      1.38 kB
out/renderer/assets/tractor-CumsA0yu.js                                  0.57 kB │ gzip:     0.33 kB │ map:      1.72 kB
out/renderer/assets/flatten-DZAcGCfX.js                                  0.57 kB │ gzip:     0.34 kB │ map:      5.97 kB
out/renderer/assets/lasso-select-DBbowcZ3.js                             0.57 kB │ gzip:     0.36 kB │ map:      1.51 kB
out/renderer/assets/message-square-dashed-DnCEPFZZ.js                    0.57 kB │ gzip:     0.31 kB │ map:      1.80 kB
out/renderer/assets/cctv-off-tgvn6vqe.js                                 0.57 kB │ gzip:     0.34 kB │ map:      1.55 kB
out/renderer/assets/pencil-ruler-wy4Mhjf1.js                             0.57 kB │ gzip:     0.33 kB │ map:      1.60 kB
out/renderer/assets/grape-MvT0WF4w.js                                    0.57 kB │ gzip:     0.29 kB │ map:      1.88 kB
out/renderer/assets/triangle-dashed-CLnu-ycI.js                          0.57 kB │ gzip:     0.32 kB │ map:      1.73 kB
out/renderer/assets/drone-BLDBBSKR.js                                    0.58 kB │ gzip:     0.32 kB │ map:      1.73 kB
out/renderer/assets/swords-Dxi4RfwH.js                                   0.58 kB │ gzip:     0.30 kB │ map:      1.86 kB
out/renderer/assets/globe-off-DXPgGppQ.js                                0.58 kB │ gzip:     0.31 kB │ map:      1.57 kB
out/renderer/assets/paint-bucket-CiHXGGaz.js                             0.58 kB │ gzip:     0.35 kB │ map:      1.46 kB
out/renderer/assets/layers-minus-C1jC5sAp.js                             0.58 kB │ gzip:     0.31 kB │ map:      1.53 kB
out/renderer/assets/drama-B0bNVdmo.js                                    0.58 kB │ gzip:     0.34 kB │ map:      1.65 kB
out/renderer/assets/vector-square-YEA5kUNM.js                            0.58 kB │ gzip:     0.28 kB │ map:      1.88 kB
out/renderer/assets/binoculars-CgpASg7K.js                               0.59 kB │ gzip:     0.31 kB │ map:      1.59 kB
out/renderer/assets/circle-dashed-BdA5TYLe.js                            0.59 kB │ gzip:     0.29 kB │ map:      1.68 kB
out/renderer/assets/dumbbell-C1J9vMR2.js                                 0.59 kB │ gzip:     0.31 kB │ map:      1.51 kB
out/renderer/assets/table-columns-split-BN4mJ6bK.js                      0.59 kB │ gzip:     0.30 kB │ map:      1.87 kB
out/renderer/assets/beef-off-VaJ_zumv.js                                 0.59 kB │ gzip:     0.37 kB │ map:      1.58 kB
out/renderer/assets/brain-BKluFztZ.js                                    0.59 kB │ gzip:     0.31 kB │ map:      1.64 kB
out/renderer/assets/building-B8S1-npz.js                                 0.59 kB │ gzip:     0.30 kB │ map:      1.87 kB
out/renderer/assets/table-rows-split-DzVV6l9v.js                         0.59 kB │ gzip:     0.30 kB │ map:      1.86 kB
out/renderer/assets/package-open-hfFwYxDo.js                             0.59 kB │ gzip:     0.34 kB │ map:      1.52 kB
out/renderer/assets/highlighted-body-OFNGDK62-BghOvWOn.js                0.59 kB │ gzip:     0.38 kB │ map:      1.24 kB
out/renderer/assets/replace-all-Dh9Wm1t6.js                              0.59 kB │ gzip:     0.31 kB │ map:      1.78 kB
out/renderer/assets/chess-queen-BHkp2zjq.js                              0.59 kB │ gzip:     0.34 kB │ map:      1.75 kB
out/renderer/assets/square-dashed-xqQ0N7pI.js                            0.59 kB │ gzip:     0.28 kB │ map:      1.92 kB
out/renderer/assets/sun-snow-CnuHLauX.js                                 0.59 kB │ gzip:     0.32 kB │ map:      1.83 kB
out/renderer/assets/candy-DzhV8cPq.js                                    0.60 kB │ gzip:     0.32 kB │ map:      1.54 kB
out/renderer/assets/puzzle-CMGdERjG.js                                   0.60 kB │ gzip:     0.29 kB │ map:      1.23 kB
out/renderer/assets/chunk-AA7GKIK3-BsXC7LU0.js                           0.60 kB │ gzip:     0.39 kB │ map:      2.40 kB
out/renderer/assets/book-dashed-D3xuZK_X.js                              0.61 kB │ gzip:     0.31 kB │ map:      1.86 kB
out/renderer/assets/recycle-CspWbQ0f.js                                  0.61 kB │ gzip:     0.36 kB │ map:      1.63 kB
out/renderer/assets/ribbon-D0cS1s8z.js                                   0.61 kB │ gzip:     0.38 kB │ map:      1.51 kB
out/renderer/assets/infoDiagram-42DDH7IO-BRhsKeTl.js                     0.61 kB │ gzip:     0.40 kB │ map:      1.99 kB
out/renderer/assets/flower-1O2L_ZpA.js                                   0.61 kB │ gzip:     0.32 kB │ map:      1.84 kB
out/renderer/assets/pickaxe-Boc9xeI8.js                                  0.62 kB │ gzip:     0.36 kB │ map:      1.51 kB
out/renderer/assets/croissant-DyXZNImv.js                                0.62 kB │ gzip:     0.34 kB │ map:      1.52 kB
out/renderer/assets/nut-7FAc2nLH.js                                      0.62 kB │ gzip:     0.40 kB │ map:      1.39 kB
out/renderer/assets/dna-off-Crrk28qE.js                                  0.62 kB │ gzip:     0.35 kB │ map:      1.80 kB
out/renderer/assets/message-circle-dashed-BFc7gr-C.js                    0.63 kB │ gzip:     0.33 kB │ map:      1.75 kB
out/renderer/assets/satellite-C2uGe6DI.js                                0.63 kB │ gzip:     0.31 kB │ map:      1.60 kB
out/renderer/assets/fingerprint-pattern-BIk2XWLq.js                      0.64 kB │ gzip:     0.37 kB │ map:      1.81 kB
out/renderer/assets/bug-aamagiTp.js                                      0.64 kB │ gzip:     0.33 kB │ map:      1.87 kB
out/renderer/assets/fish-CfUrKnkq.js                                     0.64 kB │ gzip:     0.39 kB │ map:      1.64 kB
out/renderer/assets/telescope-BrspC2xe.js                                0.64 kB │ gzip:     0.39 kB │ map:      1.73 kB
out/renderer/assets/square-dashed-mouse-pointer-JY5ZGWWe.js              0.64 kB │ gzip:     0.35 kB │ map:      1.94 kB
out/renderer/assets/beer-off-qClR40dU.js                                 0.65 kB │ gzip:     0.38 kB │ map:      1.74 kB
out/renderer/assets/gamepad-2-DNC1gydX.js                                0.65 kB │ gzip:     0.40 kB │ map:      1.71 kB
out/renderer/assets/squares-intersect-DlXWpoTM.js                        0.65 kB │ gzip:     0.31 kB │ map:      1.95 kB
out/renderer/assets/chunk-ORNJ4GCN-paw1MAmo.js                           0.65 kB │ gzip:     0.40 kB │ map:      2.62 kB
out/renderer/assets/cpu-DuXOvreJ.js                                      0.65 kB │ gzip:     0.29 kB │ map:      2.17 kB
out/renderer/assets/dna-CzYkKxP8.js                                      0.65 kB │ gzip:     0.35 kB │ map:      1.88 kB
out/renderer/assets/snowflake-9qi29bx9.js                                0.65 kB │ gzip:     0.34 kB │ map:      1.97 kB
out/renderer/assets/squircle-dashed-Be5UUrjp.js                          0.66 kB │ gzip:     0.36 kB │ map:      1.75 kB
out/renderer/assets/notepad-text-dashed-DEf4W8n-.js                      0.66 kB │ gzip:     0.32 kB │ map:      2.07 kB
out/renderer/assets/bug-play-DA9dhzEL.js                                 0.66 kB │ gzip:     0.35 kB │ map:      1.81 kB
out/renderer/assets/cannabis-off-0wTNApZ0.js                             0.66 kB │ gzip:     0.41 kB │ map:      1.70 kB
out/renderer/assets/brick-wall-shield-P6T_onF2.js                        0.67 kB │ gzip:     0.38 kB │ map:      1.79 kB
out/renderer/assets/stateDiagram-v2-QKLJ7IA2-CoNe34Iz.js                 0.67 kB │ gzip:     0.40 kB │ map:      1.39 kB
out/renderer/assets/circle-dot-dashed-DujYkg8g.js                        0.67 kB │ gzip:     0.34 kB │ map:      1.86 kB
out/renderer/assets/user-cog-Bwl8smw1.js                                 0.67 kB │ gzip:     0.35 kB │ map:      1.97 kB
out/renderer/assets/dog-D6AyUPB_.js                                      0.67 kB │ gzip:     0.42 kB │ map:      1.57 kB
out/renderer/assets/cloud-cog-DhfB6ru5.js                                0.67 kB │ gzip:     0.36 kB │ map:      1.83 kB
out/renderer/assets/qr-code-BTPXvka_.js                                  0.68 kB │ gzip:     0.32 kB │ map:      2.13 kB
out/renderer/assets/receipt-turkish-lira-C7maRtCY.js                     0.68 kB │ gzip:     0.31 kB │ map:      1.50 kB
out/renderer/assets/columns-3-cog-BlYvHt9y.js                            0.68 kB │ gzip:     0.36 kB │ map:      2.04 kB
out/renderer/assets/candy-off-DU5fRPUj.js                                0.68 kB │ gzip:     0.35 kB │ map:      1.75 kB
out/renderer/assets/receipt--gDiKmXg.js                                  0.68 kB │ gzip:     0.30 kB │ map:      1.44 kB
out/renderer/assets/receipt-russian-ruble-zeAYS3Ua.js                    0.68 kB │ gzip:     0.30 kB │ map:      1.51 kB
out/renderer/assets/timeline-CdyWkvsS.js                                 0.68 kB │ gzip:     0.30 kB │ map:      1.82 kB
out/renderer/assets/user-round-cog-CkuG1OE6.js                           0.68 kB │ gzip:     0.36 kB │ map:      2.01 kB
out/renderer/assets/fish-off-CM9nwWj0.js                                 0.69 kB │ gzip:     0.43 kB │ map:      1.52 kB
out/renderer/assets/receipt-text-Lve31HKg.js                             0.69 kB │ gzip:     0.30 kB │ map:      1.53 kB
out/renderer/assets/modulepreload-polyfill-BxR_cmXS.js                   0.69 kB │ gzip:     0.39 kB
out/renderer/assets/vault-DfG_R30R.js                                    0.69 kB │ gzip:     0.33 kB │ map:      2.11 kB
out/renderer/assets/receipt-swiss-franc-Dj0YJ0LT.js                      0.70 kB │ gzip:     0.31 kB │ map:      1.58 kB
out/renderer/assets/cog-C3IaFZPL.js                                      0.70 kB │ gzip:     0.34 kB │ map:      2.16 kB
out/renderer/assets/biohazard-DyUrwyFq.js                                0.71 kB │ gzip:     0.40 kB │ map:      1.92 kB
out/renderer/assets/square-dashed-text-CqLx0e4B.js                       0.71 kB │ gzip:     0.32 kB │ map:      2.24 kB
out/renderer/assets/shellsession-C-YfPnLw.js                             0.71 kB │ gzip:     0.43 kB │ map:      1.28 kB
out/renderer/assets/shellsession-ClsP4h-m.js                             0.71 kB │ gzip:     0.42 kB │ map:      1.30 kB
out/renderer/assets/square-dashed-kanban-DIuGmJ4h.js                     0.71 kB │ gzip:     0.32 kB │ map:      2.25 kB
out/renderer/assets/folder-cog-0zDtF3rn.js                               0.71 kB │ gzip:     0.38 kB │ map:      1.96 kB
out/renderer/assets/monitor-cog-BAGuC6J5.js                              0.71 kB │ gzip:     0.36 kB │ map:      2.07 kB
out/renderer/assets/receipt-indian-rupee-CLxsft1x.js                     0.71 kB │ gzip:     0.31 kB │ map:      1.60 kB
out/renderer/assets/bug-off-BrWxvjDw.js                                  0.71 kB │ gzip:     0.37 kB │ map:      2.01 kB
out/renderer/assets/receipt-euro-CYWq5Rq-.js                             0.71 kB │ gzip:     0.31 kB │ map:      1.51 kB
out/renderer/assets/receipt-cent-DseeLurJ.js                             0.71 kB │ gzip:     0.31 kB │ map:      1.51 kB
out/renderer/assets/receipt-pound-sterling-BlZxBHxB.js                   0.71 kB │ gzip:     0.31 kB │ map:      1.61 kB
out/renderer/assets/component-DW7FqvAa.js                                0.72 kB │ gzip:     0.28 kB │ map:      1.65 kB
out/renderer/assets/tsv-Bn5BdOUi.js                                      0.73 kB │ gzip:     0.33 kB │ map:      1.33 kB
out/renderer/assets/tsv-DjOl2bBL.js                                      0.73 kB │ gzip:     0.33 kB │ map:      1.35 kB
out/renderer/assets/nut-off-9AD2BNnD.js                                  0.73 kB │ gzip:     0.45 kB │ map:      1.69 kB
out/renderer/assets/receipt-japanese-yen-CX9WdVCI.js                     0.74 kB │ gzip:     0.32 kB │ map:      1.68 kB
out/renderer/assets/classDiagram-6PBFFD2Q-oL5h8FMu.js                    0.74 kB │ gzip:     0.43 kB │ map:      1.44 kB
out/renderer/assets/classDiagram-v2-HSJHXN6E-Bv7BO8T6.js                 0.74 kB │ gzip:     0.43 kB │ map:      1.45 kB
out/renderer/assets/wifi-cog-VtcTak4_.js                                 0.75 kB │ gzip:     0.39 kB │ map:      2.08 kB
out/renderer/assets/shield-cog-corner-P77aTRsK.js                        0.75 kB │ gzip:     0.41 kB │ map:      2.04 kB
out/renderer/assets/gamepad-directional-CsPTbD0U.js                      0.76 kB │ gzip:     0.36 kB │ map:      1.74 kB
out/renderer/assets/party-popper-BpUpA-zZ.js                             0.76 kB │ gzip:     0.43 kB │ map:      1.97 kB
out/renderer/assets/shield-cog-BsY93l9y.js                               0.77 kB │ gzip:     0.42 kB │ map:      2.02 kB
out/renderer/assets/calendar-cog-DyF57tyl.js                             0.77 kB │ gzip:     0.40 kB │ map:      2.19 kB
out/renderer/assets/file-cog-BYNJbN-h.js                                 0.78 kB │ gzip:     0.41 kB │ map:      2.15 kB
out/renderer/assets/brain-circuit-GcBjmulK.js                            0.83 kB │ gzip:     0.41 kB │ map:      2.36 kB
out/renderer/assets/linearClosed-B-mJbMax.js                             0.84 kB │ gzip:     0.31 kB │ map:      2.58 kB
out/renderer/assets/html-derivative-6f4-xBKR.js                          0.84 kB │ gzip:     0.45 kB │ map:      1.40 kB
out/renderer/assets/html-derivative-B9FWh2AO.js                          0.84 kB │ gzip:     0.45 kB │ map:      1.38 kB
out/renderer/assets/shim-CXd6bb9_.js                                     0.84 kB │ gzip:     0.45 kB │ map:      3.57 kB
out/renderer/assets/server-cog-DTyGL3KT.js                               0.86 kB │ gzip:     0.39 kB │ map:      2.24 kB
out/renderer/assets/boxes-C0Czb0oI.js                                    0.88 kB │ gzip:     0.41 kB │ map:      2.26 kB
out/renderer/assets/chunk-7N4EOEYR-DcfLYuod.js                           0.90 kB │ gzip:     0.48 kB │ map:      3.36 kB
out/renderer/assets/square-bottom-dashed-scissors-BHsvKox7.js            0.91 kB │ gzip:     0.42 kB │ map:      2.82 kB
out/renderer/assets/wheat-C0bJzvlt.js                                    0.91 kB │ gzip:     0.35 kB │ map:      2.14 kB
out/renderer/assets/line-Bh89wThd.js                                     0.94 kB │ gzip:     0.46 kB │ map:      3.39 kB
out/renderer/assets/chunk-ZZ45TVLE-DYAvBg2Z.js                           0.95 kB │ gzip:     0.58 kB │ map:      3.25 kB
out/renderer/assets/wheat-off-Bx-3_ipC.js                                0.96 kB │ gzip:     0.47 kB │ map:      2.34 kB
out/renderer/assets/git-rebase-CKLs7WQw.js                               0.98 kB │ gzip:     0.43 kB │ map:      1.66 kB
out/renderer/assets/git-rebase-D-WNLPb8.js                               0.98 kB │ gzip:     0.44 kB │ map:      1.64 kB
out/renderer/assets/hop-off-CeKFEfmj.js                                  0.99 kB │ gzip:     0.54 kB │ map:      2.26 kB
out/renderer/assets/qmldir-3FNEED_u.js                                   0.99 kB │ gzip:     0.44 kB │ map:      1.71 kB
out/renderer/assets/qmldir-lsODOgJm.js                                   0.99 kB │ gzip:     0.44 kB │ map:      1.69 kB
out/renderer/assets/keyboardShortcuts-BFgpcLhY.js                        1.04 kB │ gzip:     0.51 kB │ map:      5.39 kB
out/renderer/assets/brain-cog-DJ8jELUs.js                                1.04 kB │ gzip:     0.49 kB │ map:      2.64 kB
out/renderer/assets/hop-BjtzsVS-.js                                      1.05 kB │ gzip:     0.55 kB │ map:      2.30 kB
out/renderer/assets/dist-BRC4aA6b.js                                     1.06 kB │ gzip:     0.49 kB │ map:      3.77 kB
out/renderer/assets/csv-Bi2CHrxH.js                                      1.13 kB │ gzip:     0.36 kB │ map:      1.95 kB
out/renderer/assets/csv-BqER6Zt7.js                                      1.13 kB │ gzip:     0.36 kB │ map:      1.97 kB
out/renderer/assets/previewPanePdfContent-BunPC73B.js                    1.13 kB │ gzip:     0.65 kB │ map:      1.23 kB
out/renderer/assets/resource-manager-Dh5n7z8f.js                         1.14 kB │ gzip:     0.56 kB │ map:      3.43 kB
out/renderer/assets/isEmpty-B8ixtfb1.js                                  1.16 kB │ gzip:     0.63 kB │ map:      7.89 kB
out/renderer/assets/ordinal-BJf1-gm0.js                                  1.18 kB │ gzip:     0.56 kB │ map:      4.66 kB
out/renderer/assets/preload-helper-6sFvuSG7.js                           1.20 kB │ gzip:     0.68 kB
out/renderer/assets/logger-CCbjxlnd.js                                   1.21 kB │ gzip:     0.60 kB │ map:      5.71 kB
out/renderer/assets/git-commit-BML3Vw2f.js                               1.22 kB │ gzip:     0.52 kB │ map:      1.99 kB
out/renderer/assets/git-commit-q21_Vlps.js                               1.22 kB │ gzip:     0.52 kB │ map:      2.01 kB
out/renderer/assets/pie-CZRipB4p.js                                      1.25 kB │ gzip:     0.57 kB │ map:      4.62 kB
out/renderer/assets/chunk-DpHwWhuW.js                                    1.26 kB │ gzip:     0.69 kB
out/renderer/assets/xsl-C47U201H.js                                      1.36 kB │ gzip:     0.50 kB │ map:      2.15 kB
out/renderer/assets/xsl-CjKDxs76.js                                      1.36 kB │ gzip:     0.49 kB │ map:      2.17 kB
out/renderer/assets/dotenv-P3HLBauQ.js                                   1.41 kB │ gzip:     0.52 kB │ map:      2.29 kB
out/renderer/assets/dotenv-y61JQHDN.js                                   1.41 kB │ gzip:     0.52 kB │ map:      2.31 kB
out/renderer/assets/chunk-LIHQZDEY-DpNK6Y_L.js                           1.46 kB │ gzip:     0.78 kB │ map:      5.64 kB
out/renderer/assets/sparql-Ba_FH1SK.js                                   1.47 kB │ gzip:     0.81 kB │ map:      2.07 kB
out/renderer/assets/sparql-De3Xj-lt.js                                   1.47 kB │ gzip:     0.81 kB │ map:      2.08 kB
out/renderer/assets/ini-B-rn6Lm8.js                                      1.51 kB │ gzip:     0.49 kB │ map:      2.43 kB
out/renderer/assets/ini-n-r5aaaL.js                                      1.51 kB │ gzip:     0.49 kB │ map:      2.45 kB
out/renderer/assets/band-Bea8xcZl.js                                     1.53 kB │ gzip:     0.65 kB │ map:      5.43 kB
out/renderer/assets/createLucideIcon-9z32wF-x.js                         1.66 kB │ gzip:     0.86 kB │ map:      8.91 kB
out/renderer/assets/fortran-fixed-form-9V2wcasK.js                       1.66 kB │ gzip:     0.68 kB │ map:      2.69 kB
out/renderer/assets/fortran-fixed-form-Bb2ub6fO.js                       1.66 kB │ gzip:     0.68 kB │ map:      2.67 kB
out/renderer/assets/previewPanePptxContent--usaPl8Y.js                   1.67 kB │ gzip:     0.90 kB │ map:      1.94 kB
out/renderer/assets/docker-BbXbl35v.js                                   1.73 kB │ gzip:     0.59 kB │ map:      2.62 kB
out/renderer/assets/docker-DqgoQI5X.js                                   1.73 kB │ gzip:     0.59 kB │ map:      2.60 kB
out/renderer/assets/hxml-BQsefcXg.js                                     1.74 kB │ gzip:     0.87 kB │ map:      2.43 kB
out/renderer/assets/hxml-Dj8pRdWC.js                                     1.74 kB │ gzip:     0.87 kB │ map:      2.45 kB
out/renderer/assets/cua-permission-panel-DG-EFT5O.js                     1.79 kB │ gzip:     0.92 kB │ map:      6.66 kB
out/renderer/assets/desktop-GzVGcix2.js                                  1.82 kB │ gzip:     0.75 kB │ map:      2.72 kB
out/renderer/assets/desktop-v_Ai9xCL.js                                  1.82 kB │ gzip:     0.75 kB │ map:      2.74 kB
out/renderer/assets/chunk-X2U36JSP-DQg5nYT6.js                           1.83 kB │ gzip:     0.89 kB │ map:      6.04 kB
out/renderer/assets/dist-BZC_-Vj2.js                                     1.86 kB │ gzip:     0.82 kB │ map:      5.74 kB
out/renderer/assets/chunk-YZCP3GAM-CZ--RZnU.js                           1.92 kB │ gzip:     0.86 kB │ map:      6.41 kB
out/renderer/assets/presentationElementModel-B8QEiW3k.js                 1.96 kB │ gzip:     0.85 kB │ map:      9.36 kB
out/renderer/assets/chunk-XBI2PYTU-Dr4SIv40.js                           2.00 kB │ gzip:     0.76 kB │ map:      3.94 kB
out/renderer/assets/path-RbHnenue.js                                     2.07 kB │ gzip:     0.91 kB │ map:      8.00 kB
out/renderer/assets/chunk-BSJP7CBP--d6uGMTt.js                           2.09 kB │ gzip:     0.81 kB │ map:     10.29 kB
out/renderer/assets/officeFilePreview-CQarxyDM.js                        2.12 kB │ gzip:     1.02 kB │ map:      8.89 kB
out/renderer/assets/erb-B0zqG6xP.js                                      2.13 kB │ gzip:     0.62 kB │ map:      3.26 kB
out/renderer/assets/erb-DM2Km1Wv.js                                      2.13 kB │ gzip:     0.62 kB │ map:      3.27 kB
out/renderer/assets/wenyan-Bxr6THaz.js                                   2.15 kB │ gzip:     1.08 kB │ map:      3.16 kB
out/renderer/assets/wenyan-Dm8wRrkq.js                                   2.15 kB │ gzip:     1.08 kB │ map:      3.14 kB
out/renderer/assets/jssm-BTtH_oAG.js                                     2.23 kB │ gzip:     0.61 kB │ map:      3.37 kB
out/renderer/assets/jssm-DCOcLEpM.js                                     2.23 kB │ gzip:     0.61 kB │ map:      3.35 kB
out/renderer/assets/usageStatsUiParts-BlXaw0ti.js                        2.24 kB │ gzip:     0.94 kB │ map:      6.62 kB
out/renderer/assets/edge-CrSYOZqy.js                                     2.30 kB │ gzip:     0.67 kB │ map:      3.51 kB
out/renderer/assets/edge-fBpUgMnT.js                                     2.30 kB │ gzip:     0.67 kB │ map:      3.53 kB
out/renderer/assets/reg-C45itiAz.js                                      2.33 kB │ gzip:     0.69 kB │ map:      3.49 kB
out/renderer/assets/reg-CM6JBCs_.js                                      2.33 kB │ gzip:     0.69 kB │ map:      3.47 kB
out/renderer/assets/diff-BHM7h_33.js                                     2.56 kB │ gzip:     0.68 kB │ map:      3.84 kB
out/renderer/assets/diff-DSaAh35D.js                                     2.56 kB │ gzip:     0.68 kB │ map:      3.82 kB
out/renderer/assets/gleam-D0-RFd7x.js                                    2.57 kB │ gzip:     0.81 kB │ map:      3.95 kB
out/renderer/assets/gleam-waQ0EOC3.js                                    2.57 kB │ gzip:     0.81 kB │ map:      3.97 kB
out/renderer/assets/hy-7UgCM6K8.js                                       2.64 kB │ gzip:     1.17 kB │ map:      3.65 kB
out/renderer/assets/hy-BUEbz54S.js                                       2.64 kB │ gzip:     1.17 kB │ map:      3.67 kB
out/renderer/assets/catmullRom-Cy6ST1do.js                               2.72 kB │ gzip:     0.79 kB │ map:      7.95 kB
out/renderer/assets/diagram-5BDNPKRD-CsNrGGZq.js                         2.78 kB │ gzip:     1.35 kB │ map:      8.98 kB
out/renderer/assets/openscad-CXPQIMIN.js                                 2.81 kB │ gzip:     1.00 kB │ map:      4.20 kB
out/renderer/assets/openscad-CxDW9pHY.js                                 2.81 kB │ gzip:     1.00 kB │ map:      4.18 kB
out/renderer/assets/log-B4x_IHoE.js                                      2.84 kB │ gzip:     0.89 kB │ map:      4.31 kB
out/renderer/assets/log-cPEbAS7L.js                                      2.84 kB │ gzip:     0.89 kB │ map:      4.33 kB
out/renderer/assets/json-CHYIp-a1.js                                     2.87 kB │ gzip:     0.81 kB │ map:      4.27 kB
out/renderer/assets/json-DNFqWAXr.js                                     2.87 kB │ gzip:     0.81 kB │ map:      4.29 kB
out/renderer/assets/cairo-BOj1ffHR.js                                    2.93 kB │ gzip:     0.80 kB │ map:      4.51 kB
out/renderer/assets/cairo-BfmBJF_8.js                                    2.93 kB │ gzip:     0.80 kB │ map:      4.49 kB
out/renderer/assets/berry-CysYSOCz.js                                    2.99 kB │ gzip:     0.80 kB │ map:      4.82 kB
out/renderer/assets/berry-D0uZQlkJ.js                                    2.99 kB │ gzip:     0.80 kB │ map:      4.80 kB
out/renderer/assets/jsonl-C0w9ebTH.js                                    3.00 kB │ gzip:     0.78 kB │ map:      4.47 kB
out/renderer/assets/jsonl-CxyWP4Zn.js                                    3.00 kB │ gzip:     0.78 kB │ map:      4.49 kB
out/renderer/assets/jsonc-Bda78oAO.js                                    3.10 kB │ gzip:     0.78 kB │ map:      4.58 kB
out/renderer/assets/jsonc-CvmtCPxV.js                                    3.10 kB │ gzip:     0.78 kB │ map:      4.57 kB
out/renderer/assets/logo-Cl6x4U6m.js                                     3.12 kB │ gzip:     1.46 kB │ map:      3.79 kB
out/renderer/assets/logo-Dc8aKCo2.js                                     3.12 kB │ gzip:     1.46 kB │ map:      3.77 kB
out/renderer/assets/po-BAJ-Fw5l.js                                       3.23 kB │ gzip:     0.90 kB │ map:      5.04 kB
out/renderer/assets/po-DbgTKjJD.js                                       3.23 kB │ gzip:     0.90 kB │ map:      5.06 kB
out/renderer/assets/json5-BG7S5hvh.js                                    3.24 kB │ gzip:     0.82 kB │ map:      4.93 kB
out/renderer/assets/json5-DLMTPYY5.js                                    3.24 kB │ gzip:     0.82 kB │ map:      4.91 kB
out/renderer/assets/mipsasm-Dmp33OJ3.js                                  3.25 kB │ gzip:     1.17 kB │ map:      4.65 kB
out/renderer/assets/mipsasm-eRiMeRhY.js                                  3.25 kB │ gzip:     1.17 kB │ map:      4.64 kB
out/renderer/assets/tasl-B__yCbvT.js                                     3.28 kB │ gzip:     0.84 kB │ map:      5.09 kB
out/renderer/assets/tasl-DK4AzFFc.js                                     3.28 kB │ gzip:     0.84 kB │ map:      5.11 kB
out/renderer/assets/genie-CWjw5ExI.js                                    3.34 kB │ gzip:     1.20 kB │ map:      4.83 kB
out/renderer/assets/genie-DR_eTN-R.js                                    3.34 kB │ gzip:     1.20 kB │ map:      4.85 kB
out/renderer/assets/rel-BlOzixUJ.js                                      3.36 kB │ gzip:     1.10 kB │ map:      4.85 kB
out/renderer/assets/rel-D1mvXy6Y.js                                      3.36 kB │ gzip:     1.10 kB │ map:      4.83 kB
out/renderer/assets/vala-BP0Fo2hl.js                                     3.36 kB │ gzip:     1.18 kB │ map:      4.85 kB
out/renderer/assets/vala-FNl9o8oQ.js                                     3.36 kB │ gzip:     1.18 kB │ map:      4.87 kB
out/renderer/assets/previewPaneOfficeContent-Bad_vpQ8.js                 3.40 kB │ gzip:     1.56 kB │ map:      5.50 kB
out/renderer/assets/symbol-DiiYi5-b.js                                   3.42 kB │ gzip:     1.29 kB │ map:     14.26 kB
out/renderer/assets/splunk-sIx02p_Z.js                                   3.42 kB │ gzip:     1.51 kB │ map:      4.40 kB
out/renderer/assets/splunk-tsSIsm81.js                                   3.42 kB │ gzip:     1.51 kB │ map:      4.42 kB
out/renderer/assets/CodingPlanUsageLineChart-DzhljUcP.js                 3.44 kB │ gzip:     1.56 kB │ map:     10.76 kB
out/renderer/assets/arc-DkodgbbK.js                                      3.47 kB │ gzip:     1.46 kB │ map:     15.14 kB
out/renderer/assets/chunk-336JU56O-Bsv70nwd.js                           3.50 kB │ gzip:     1.58 kB │ map:      6.11 kB
out/renderer/assets/hurl-CFvDOfyX.js                                     3.51 kB │ gzip:     1.09 kB │ map:      5.38 kB
out/renderer/assets/hurl-rm3OaHdA.js                                     3.51 kB │ gzip:     1.09 kB │ map:      5.40 kB
out/renderer/assets/react-dom-DcTXFeTi.js                                3.56 kB │ gzip:     1.35 kB │ map:     12.08 kB
out/renderer/assets/fluent-DlyS44LK.js                                   3.60 kB │ gzip:     0.89 kB │ map:      5.18 kB
out/renderer/assets/fluent-DrwtCi6T.js                                   3.60 kB │ gzip:     0.89 kB │ map:      5.16 kB
out/renderer/assets/ssh-config-BOCVdMmW.js                               3.61 kB │ gzip:     1.59 kB │ map:      4.47 kB
out/renderer/assets/ssh-config-BlxWitha.js                               3.61 kB │ gzip:     1.59 kB │ map:      4.45 kB
out/renderer/assets/jsonnet-C4OBxbY6.js                                  3.61 kB │ gzip:     1.03 kB │ map:      5.40 kB
out/renderer/assets/jsonnet-DFTMDSpz.js                                  3.61 kB │ gzip:     1.03 kB │ map:      5.38 kB
out/renderer/assets/kdl-BjxkLLjI.js                                      3.62 kB │ gzip:     1.03 kB │ map:      5.49 kB
out/renderer/assets/kdl-UZzJ_FkL.js                                      3.62 kB │ gzip:     1.03 kB │ map:      5.47 kB
out/renderer/assets/narrat-6L5Rj82K.js                                   3.66 kB │ gzip:     1.09 kB │ map:      5.38 kB
out/renderer/assets/narrat-hfCJFt-u.js                                   3.66 kB │ gzip:     1.09 kB │ map:      5.40 kB
out/renderer/assets/glsl-Cqg3w5LQ.js                                     3.68 kB │ gzip:     1.45 kB │ map:      4.36 kB
out/renderer/assets/glsl-DmHdvVQY.js                                     3.68 kB │ gzip:     1.45 kB │ map:      4.34 kB
out/renderer/assets/turtle-Bxvu5-7D.js                                   3.69 kB │ gzip:     0.96 kB │ map:      5.45 kB
out/renderer/assets/turtle-DFn6FQTs.js                                   3.69 kB │ gzip:     0.96 kB │ map:      5.47 kB
out/renderer/assets/zenscript-BTQYNw5g.js                                3.90 kB │ gzip:     1.28 kB │ map:      5.73 kB
out/renderer/assets/zenscript-DDdxJsSk.js                                3.90 kB │ gzip:     1.28 kB │ map:      5.71 kB
out/renderer/assets/ron-BGXwt4A7.js                                      3.90 kB │ gzip:     0.97 kB │ map:      6.00 kB
out/renderer/assets/ron-CuMFXs_4.js                                      3.90 kB │ gzip:     0.97 kB │ map:      5.98 kB
out/renderer/assets/gn-C8kXQoT7.js                                       3.99 kB │ gzip:     1.47 kB │ map:      5.26 kB
out/renderer/assets/gn-CidNZRSj.js                                       3.99 kB │ gzip:     1.47 kB │ map:      5.24 kB
out/renderer/assets/pieDiagram-DEJITSTG-HZiR4pA_.js                      4.03 kB │ gzip:     1.81 kB │ map:     12.29 kB
out/renderer/assets/pascal-BOd0r-KJ.js                                   4.14 kB │ gzip:     1.67 kB │ map:      5.49 kB
out/renderer/assets/pascal-DAJsKwyX.js                                   4.14 kB │ gzip:     1.67 kB │ map:      5.51 kB
out/renderer/assets/diagram-TYMM5635-Can61BV9.js                         4.24 kB │ gzip:     1.83 kB │ map:     12.07 kB
out/renderer/assets/http-RS64v33m.js                                     4.41 kB │ gzip:     1.06 kB │ map:      6.65 kB
out/renderer/assets/http-q57fMSG7.js                                     4.41 kB │ gzip:     1.06 kB │ map:      6.67 kB
out/renderer/assets/tcl--jT5Ec1y.js                                      4.42 kB │ gzip:     1.50 kB │ map:      6.44 kB
out/renderer/assets/tcl-C1UUniKe.js                                      4.42 kB │ gzip:     1.50 kB │ map:      6.46 kB
out/renderer/assets/nextflow-C1IRwxXd.js                                 4.50 kB │ gzip:     1.16 kB │ map:      6.80 kB
out/renderer/assets/nextflow-CygeTVK8.js                                 4.50 kB │ gzip:     1.16 kB │ map:      6.78 kB
out/renderer/assets/AppUsageDailyModelTrendChart-Bwm8wrRU.js             4.51 kB │ gzip:     1.92 kB │ map:     15.34 kB
out/renderer/assets/rosmsg-DgP8DBBf.js                                   4.51 kB │ gzip:     1.05 kB │ map:      6.73 kB
out/renderer/assets/rosmsg-gDo2sISc.js                                   4.51 kB │ gzip:     1.05 kB │ map:      6.71 kB
out/renderer/assets/mermaid-parser.core-CID5D0Fa.js                      4.55 kB │ gzip:     1.44 kB │ map:      9.89 kB
out/renderer/assets/defaultLocale-BlquSc6-.js                            4.64 kB │ gzip:     2.12 kB │ map:     20.68 kB
out/renderer/assets/polar-4kCaIPmD.js                                    4.66 kB │ gzip:     1.12 kB │ map:      7.23 kB
out/renderer/assets/polar-CWcV6T-Z.js                                    4.66 kB │ gzip:     1.12 kB │ map:      7.21 kB
out/renderer/assets/sdbl-QBzzjjB_.js                                     4.69 kB │ gzip:     2.00 kB │ map:      5.85 kB
out/renderer/assets/sdbl-mgP-6ZXQ.js                                     4.69 kB │ gzip:     2.00 kB │ map:      5.87 kB
out/renderer/assets/treemap-BG6jys-3.js                                  4.74 kB │ gzip:     1.84 kB │ map:     20.83 kB
out/renderer/assets/fennel-C0GjBpjT.js                                   4.76 kB │ gzip:     1.53 kB │ map:      6.38 kB
out/renderer/assets/fennel-CUpjbK4D.js                                   4.76 kB │ gzip:     1.53 kB │ map:      6.40 kB
out/renderer/assets/bibtex-Bmd6RC4f.js                                   4.78 kB │ gzip:     0.83 kB │ map:      6.98 kB
out/renderer/assets/bibtex-C1UAYRyT.js                                   4.78 kB │ gzip:     0.83 kB │ map:      7.00 kB
out/renderer/assets/llvm-B5si7HOT.js                                     5.04 kB │ gzip:     2.01 kB │ map:      6.65 kB
out/renderer/assets/llvm-CMDxGKhj.js                                     5.04 kB │ gzip:     2.01 kB │ map:      6.63 kB
out/renderer/assets/wgsl-DN4oKRpo.js                                     5.13 kB │ gzip:     1.38 kB │ map:      7.46 kB
out/renderer/assets/wgsl-Dw-933-f.js                                     5.13 kB │ gzip:     1.38 kB │ map:      7.48 kB
out/renderer/assets/gdresource-CjW4lLgb.js                               5.28 kB │ gzip:     1.33 kB │ map:      7.71 kB
out/renderer/assets/gdresource-NYd_q6oo.js                               5.28 kB │ gzip:     1.33 kB │ map:      7.73 kB
out/renderer/assets/button-CWdtP7pA.js                                   5.31 kB │ gzip:     1.94 kB │ map:     16.29 kB
out/renderer/assets/presentationPdfPrintExport-Dj6seYNq.js               5.32 kB │ gzip:     2.54 kB │ map:     20.14 kB
out/renderer/assets/zig-BMM9WJxB.js                                      5.33 kB │ gzip:     1.55 kB │ map:      7.83 kB
out/renderer/assets/zig-ZNOwtjxN.js                                      5.33 kB │ gzip:     1.55 kB │ map:      7.85 kB
out/renderer/assets/qml-CRZJTJZw.js                                      5.33 kB │ gzip:     1.38 kB │ map:      8.09 kB
out/renderer/assets/qml-CtQXp16Y.js                                      5.33 kB │ gzip:     1.38 kB │ map:      8.11 kB
out/renderer/assets/dax-15FulUuD.js                                      5.35 kB │ gzip:     2.21 kB │ map:      6.73 kB
out/renderer/assets/dax-BHaER_HD.js                                      5.35 kB │ gzip:     2.21 kB │ map:      6.75 kB
out/renderer/assets/bicep-BczSOx56.js                                    5.37 kB │ gzip:     1.14 kB │ map:      7.89 kB
out/renderer/assets/bicep-DIwusR3Z.js                                    5.37 kB │ gzip:     1.14 kB │ map:      7.87 kB
out/renderer/assets/xml-B4sK0Zrj.js                                      5.43 kB │ gzip:     1.24 kB │ map:      7.82 kB
out/renderer/assets/xml-mC-TuFlw.js                                      5.43 kB │ gzip:     1.24 kB │ map:      7.80 kB
out/renderer/assets/awk-B_sHjnIg.js                                      5.45 kB │ gzip:     1.37 kB │ map:      7.96 kB
out/renderer/assets/awk-FJVvA6Ls.js                                      5.45 kB │ gzip:     1.37 kB │ map:      7.97 kB
out/renderer/assets/coq-CT9pdhOG.js                                      5.54 kB │ gzip:     1.91 kB │ map:      7.47 kB
out/renderer/assets/coq-CnyNb6yc.js                                      5.54 kB │ gzip:     1.91 kB │ map:      7.49 kB
out/renderer/assets/parts-Z7fvngh2.js                                    5.61 kB │ gzip:     2.16 kB │ map:     34.02 kB
out/renderer/assets/jinja-DpynKZ3z.js                                    5.62 kB │ gzip:     1.36 kB │ map:      8.47 kB
out/renderer/assets/jinja-lvHA32HS.js                                    5.62 kB │ gzip:     1.36 kB │ map:      8.43 kB
out/renderer/assets/linear-BgYoZ9WS.js                                   5.75 kB │ gzip:     2.36 kB │ map:     25.07 kB
out/renderer/assets/diagram-MMDJMWI5-C9NEEIpj.js                         5.77 kB │ gzip:     2.39 kB │ map:     18.16 kB
out/renderer/assets/lean-DaBY7vWB.js                                     5.77 kB │ gzip:     1.91 kB │ map:      7.85 kB
out/renderer/assets/lean-VGQSnOky.js                                     5.77 kB │ gzip:     1.91 kB │ map:      7.83 kB
out/renderer/assets/moonbit-BlhT5vUU.js                                  5.89 kB │ gzip:     1.67 kB │ map:      8.65 kB
out/renderer/assets/moonbit-eXpfwjnH.js                                  5.89 kB │ gzip:     1.67 kB │ map:      8.63 kB
out/renderer/assets/powerquery-DRCZ3nxo.js                               5.89 kB │ gzip:     1.51 kB │ map:      8.47 kB
out/renderer/assets/powerquery-znvdZoF_.js                               5.89 kB │ gzip:     1.51 kB │ map:      8.49 kB
out/renderer/assets/shaderlab-3MS1qCPE.js                                5.91 kB │ gzip:     2.08 kB │ map:      7.68 kB
out/renderer/assets/shaderlab-XHau33Mc.js                                5.91 kB │ gzip:     2.08 kB │ map:      7.66 kB
out/renderer/assets/verilog-CokcWpQz.js                                  5.92 kB │ gzip:     1.89 kB │ map:      8.00 kB
out/renderer/assets/verilog-y2PG7eyp.js                                  5.92 kB │ gzip:     1.89 kB │ map:      7.98 kB
out/renderer/assets/CodingPlanUsageBarChart-Bw1y2wdF.js                  5.94 kB │ gzip:     2.27 kB │ map:     20.08 kB
out/renderer/assets/cypher-BDirhZS_.js                                   5.94 kB │ gzip:     1.71 kB │ map:      8.42 kB
out/renderer/assets/cypher-CR3hRVoC.js                                   5.94 kB │ gzip:     1.71 kB │ map:      8.40 kB
out/renderer/assets/vb-CL49w0ea.js                                       6.08 kB │ gzip:     2.33 kB │ map:      8.00 kB
out/renderer/assets/vb-DiF-FFHN.js                                       6.08 kB │ gzip:     2.33 kB │ map:      8.02 kB
out/renderer/assets/red-Bg404N8A.js                                      6.25 kB │ gzip:     1.59 kB │ map:      8.86 kB
out/renderer/assets/red-C3lu4ufq.js                                      6.25 kB │ gzip:     1.59 kB │ map:      8.85 kB
out/renderer/assets/min-dark-BFeZM-Hr.js                                 6.28 kB │ gzip:     1.70 kB │ map:      8.60 kB
out/renderer/assets/min-dark-Zrb9Ga0r.js                                 6.28 kB │ gzip:     1.70 kB │ map:      8.58 kB
out/renderer/assets/gdshader-B90yfs_g.js                                 6.31 kB │ gzip:     1.72 kB │ map:      9.17 kB
out/renderer/assets/gdshader-CdoRMdmy.js                                 6.31 kB │ gzip:     1.72 kB │ map:      9.15 kB
out/renderer/assets/prisma-C6Y-3D38.js                                   6.32 kB │ gzip:     1.38 kB │ map:      9.23 kB
out/renderer/assets/prisma-DHhZIxCC.js                                   6.32 kB │ gzip:     1.38 kB │ map:      9.25 kB
out/renderer/assets/ara-BiPKrNKP.js                                      6.35 kB │ gzip:     1.80 kB │ map:      9.21 kB
out/renderer/assets/ara-CtxrYBZ4.js                                      6.35 kB │ gzip:     1.80 kB │ map:      9.23 kB
out/renderer/assets/clojure-BO4IdqHJ.js                                  6.40 kB │ gzip:     1.41 kB │ map:      9.26 kB
out/renderer/assets/clojure-D48xoNwq.js                                  6.40 kB │ gzip:     1.41 kB │ map:      9.25 kB
out/renderer/assets/postcss-BF-RYkmU.js                                  6.41 kB │ gzip:     1.90 kB │ map:      9.07 kB
out/renderer/assets/postcss-CnHXyCCl.js                                  6.41 kB │ gzip:     1.90 kB │ map:      9.09 kB
out/renderer/assets/toml-B5dwgjYK.js                                     6.41 kB │ gzip:     1.28 kB │ map:      9.45 kB
out/renderer/assets/toml-DaOTjx2M.js                                     6.41 kB │ gzip:     1.28 kB │ map:      9.43 kB
out/renderer/assets/solarized-light-D3UUPyFY.js                          6.47 kB │ gzip:     1.71 kB │ map:      9.21 kB
out/renderer/assets/solarized-light-R6To06v_.js                          6.47 kB │ gzip:     1.71 kB │ map:      9.20 kB
out/renderer/assets/proto-CIC9SMlJ.js                                    6.54 kB │ gzip:     1.41 kB │ map:      9.86 kB
out/renderer/assets/proto-L7CVxaAG.js                                    6.54 kB │ gzip:     1.41 kB │ map:      9.88 kB
out/renderer/assets/smalltalk-CDPZj_Rp.js                                6.58 kB │ gzip:     1.61 kB │ map:      9.23 kB
out/renderer/assets/smalltalk-Df0aqfUk.js                                6.58 kB │ gzip:     1.61 kB │ map:      9.21 kB
out/renderer/assets/r-CmtcQLuc.js                                        6.59 kB │ gzip:     1.83 kB │ map:     10.11 kB
out/renderer/assets/r-DeB6A6nc.js                                        6.59 kB │ gzip:     1.83 kB │ map:     10.09 kB
out/renderer/assets/talonscript-BhX2I620.js                              6.75 kB │ gzip:     1.48 kB │ map:     10.03 kB
out/renderer/assets/talonscript-CVoNMbdg.js                              6.75 kB │ gzip:     1.48 kB │ map:     10.05 kB
out/renderer/assets/solarized-dark-Bw1r4P7K.js                           6.84 kB │ gzip:     1.78 kB │ map:      9.67 kB
out/renderer/assets/solarized-dark-DVtK5UMO.js                           6.84 kB │ gzip:     1.78 kB │ map:      9.65 kB
out/renderer/assets/riscv-BOYTFOcU.js                                    6.90 kB │ gzip:     1.97 kB │ map:      9.58 kB
out/renderer/assets/riscv-DRgL0dMQ.js                                    6.90 kB │ gzip:     1.97 kB │ map:      9.56 kB
out/renderer/assets/soy-BSXD6jsm.js                                      6.92 kB │ gzip:     1.62 kB │ map:     10.69 kB
out/renderer/assets/soy-DD1pGvSR.js                                      6.92 kB │ gzip:     1.62 kB │ map:     10.67 kB
out/renderer/assets/min-light-CbOS5YwE.js                                6.96 kB │ gzip:     1.88 kB │ map:      9.50 kB
out/renderer/assets/min-light-DdfInSNY.js                                6.96 kB │ gzip:     1.88 kB │ map:      9.52 kB
out/renderer/assets/step-CjfEk5rY.js                                     6.99 kB │ gzip:     1.63 kB │ map:     21.94 kB
out/renderer/assets/scheme-BZbw01g5.js                                   7.16 kB │ gzip:     2.04 kB │ map:      9.77 kB
out/renderer/assets/scheme-DAdhYUpy.js                                   7.16 kB │ gzip:     2.04 kB │ map:      9.75 kB
out/renderer/assets/hlsl-D3OUMKHH.js                                     7.25 kB │ gzip:     2.18 kB │ map:      9.20 kB
out/renderer/assets/hlsl-YmiPGzK7.js                                     7.25 kB │ gzip:     2.18 kB │ map:      9.22 kB
out/renderer/assets/qss-BWrCiEWm.js                                      7.46 kB │ gzip:     2.57 kB │ map:      9.38 kB
out/renderer/assets/qss-DgG_kTuN.js                                      7.46 kB │ gzip:     2.57 kB │ map:      9.36 kB
out/renderer/assets/identity-BSw9X0jL.js                                 7.51 kB │ gzip:     2.82 kB │ map:     55.72 kB
out/renderer/assets/react-C6F-kSZc.js                                    7.52 kB │ gzip:     2.87 kB │ map:     26.77 kB
out/renderer/assets/dart-BZjuo1Qi.js                                     7.80 kB │ gzip:     1.91 kB │ map:     11.50 kB
out/renderer/assets/systemd-B0hdLX9P.js                                  7.86 kB │ gzip:     2.54 kB │ map:     10.60 kB
out/renderer/assets/systemd-ByysxhCg.js                                  7.86 kB │ gzip:     2.54 kB │ map:     10.62 kB
out/renderer/assets/monokai--9Cs8NSh.js                                  7.88 kB │ gzip:     1.90 kB │ map:     11.07 kB
out/renderer/assets/monokai-CPpDqgyj.js                                  7.88 kB │ gzip:     1.90 kB │ map:     11.09 kB
out/renderer/assets/regexp-B2KzkUFS.js                                   8.04 kB │ gzip:     1.46 kB │ map:     11.15 kB
out/renderer/assets/regexp-BLnkP_z7.js                                   8.04 kB │ gzip:     1.46 kB │ map:     11.16 kB
out/renderer/assets/haml-D-d1rYQd.js                                     8.32 kB │ gzip:     1.84 kB │ map:     12.35 kB
out/renderer/assets/haml-q1A2afET.js                                     8.32 kB │ gzip:     1.85 kB │ map:     12.33 kB
out/renderer/assets/typst-Bml_0N8m.js                                    8.38 kB │ gzip:     1.66 kB │ map:     12.26 kB
out/renderer/assets/typst-CroeDwZD.js                                    8.38 kB │ gzip:     1.66 kB │ map:     12.28 kB
out/renderer/assets/string-BtcyaWqi.js                                   8.40 kB │ gzip:     3.60 kB │ map:     27.76 kB
out/renderer/assets/vue-html-BUhYq3e1.js                                 8.47 kB │ gzip:     1.68 kB │ map:     11.94 kB
out/renderer/assets/vue-html-DRSpA5wB.js                                 8.47 kB │ gzip:     1.68 kB │ map:     11.96 kB
out/renderer/assets/plsql--F1JLK_W.js                                    8.50 kB │ gzip:     2.99 kB │ map:     10.85 kB
out/renderer/assets/plsql-D_7n1K5s.js                                    8.50 kB │ gzip:     2.99 kB │ map:     10.87 kB
out/renderer/assets/reduce-CabwXb3R.js                                   8.59 kB │ gzip:     3.57 kB │ map:     75.41 kB
out/renderer/assets/dart-UrN7-Q8p.js                                     8.61 kB │ gzip:     1.99 kB │ map:     12.61 kB
out/renderer/assets/horizon-50BtSsXa.js                                  8.77 kB │ gzip:     1.94 kB │ map:     12.06 kB
out/renderer/assets/horizon-DESOgr-b.js                                  8.77 kB │ gzip:     1.94 kB │ map:     12.04 kB
out/renderer/assets/kotlin-DkSLZWq0.js                                   8.77 kB │ gzip:     2.12 kB │ map:     12.76 kB
out/renderer/assets/kotlin-GhXgcVMv.js                                   8.77 kB │ gzip:     2.12 kB │ map:     12.74 kB
out/renderer/assets/horizon-bright-DFHrwEz_.js                           8.78 kB │ gzip:     1.96 kB │ map:     12.11 kB
out/renderer/assets/horizon-bright-BZ_DG41e.js                           8.78 kB │ gzip:     1.96 kB │ map:     12.09 kB
out/renderer/assets/ts-tags-B2b-QD4c.js                                  8.92 kB │ gzip:     1.21 kB │ map:     14.47 kB
out/renderer/assets/make-BkrzQ-hi.js                                     8.95 kB │ gzip:     1.76 kB │ map:     12.82 kB
out/renderer/assets/make-lKJtUHei.js                                     8.95 kB │ gzip:     1.76 kB │ map:     12.84 kB
out/renderer/assets/andromeeda-C8rLfWOI.js                               9.01 kB │ gzip:     2.35 kB │ map:     11.92 kB
out/renderer/assets/andromeeda-vPcL4KMJ.js                               9.01 kB │ gzip:     2.35 kB │ map:     11.94 kB
out/renderer/assets/sas-B3pSmJYH.js                                      9.06 kB │ gzip:     3.82 kB │ map:     11.09 kB
out/renderer/assets/sas-D2lyNVAt.js                                      9.06 kB │ gzip:     3.82 kB │ map:     11.07 kB
out/renderer/assets/dark-plus-CsTV9-4G.js                                9.09 kB │ gzip:     2.10 kB │ map:     12.41 kB
out/renderer/assets/dark-plus-Dit6D_Yq.js                                9.09 kB │ gzip:     2.10 kB │ map:     12.39 kB
out/renderer/assets/slack-dark-C5T7Vt0k.js                               9.11 kB │ gzip:     1.96 kB │ map:     12.48 kB
out/renderer/assets/slack-dark-hMebXvEQ.js                               9.11 kB │ gzip:     1.96 kB │ map:     12.50 kB
out/renderer/assets/chunk-YE7GQOST-BgMMdBA0.js                           9.27 kB │ gzip:     2.58 kB │ map:     28.56 kB
out/renderer/assets/sass-BpjtIpF0.js                                     9.28 kB │ gzip:     2.48 kB │ map:     13.38 kB
out/renderer/assets/sass-pZfVGdns.js                                     9.28 kB │ gzip:     2.48 kB │ map:     13.40 kB
out/renderer/assets/plastic-C2Pi2eWs.js                                  9.29 kB │ gzip:     1.96 kB │ map:     12.45 kB
out/renderer/assets/plastic-IELiAkRw.js                                  9.29 kB │ gzip:     1.96 kB │ map:     12.47 kB
out/renderer/assets/chunk-WKBPLHUA-CD9OBEiV.js                           9.36 kB │ gzip:     3.55 kB │ map:     31.21 kB
out/renderer/assets/graphlib-Bu-G24-v.js                                 9.36 kB │ gzip:     3.18 kB │ map:     66.84 kB
out/renderer/assets/slack-ochin-B8-KfBdx.js                              9.42 kB │ gzip:     2.08 kB │ map:     13.10 kB
out/renderer/assets/slack-ochin-DFcTDMOB.js                              9.42 kB │ gzip:     2.08 kB │ map:     13.08 kB
out/renderer/assets/tex-BU3k8ab8.js                                      9.67 kB │ gzip:     3.06 kB │ map:     12.38 kB
out/renderer/assets/tex-DJhFSA_M.js                                      9.67 kB │ gzip:     3.06 kB │ map:     12.40 kB
out/renderer/assets/jison-Be-ppevr.js                                    9.69 kB │ gzip:     1.87 kB │ map:     14.06 kB
out/renderer/assets/jison-DrL9sBs_.js                                    9.69 kB │ gzip:     1.86 kB │ map:     14.08 kB
out/renderer/assets/cmake-C-4641AJ.js                                    9.84 kB │ gzip:     3.37 kB │ map:     11.25 kB
out/renderer/assets/cmake-DFM5jvPX.js                                    9.84 kB │ gzip:     3.37 kB │ map:     11.23 kB
out/renderer/assets/light-plus-B3UnmupA.js                               9.93 kB │ gzip:     2.27 kB │ map:     13.40 kB
out/renderer/assets/light-plus-BQX21jyQ.js                               9.93 kB │ gzip:     2.27 kB │ map:     13.39 kB
out/renderer/assets/hcl-BGv7Galk.js                                     10.04 kB │ gzip:     1.93 kB │ map:     14.77 kB
out/renderer/assets/hcl-yCu13_7I.js                                     10.04 kB │ gzip:     1.93 kB │ map:     14.75 kB
out/renderer/assets/rst-B6qIzAki.js                                     10.31 kB │ gzip:     2.25 kB │ map:     15.53 kB
out/renderer/assets/rst-LACwpCSk.js                                     10.31 kB │ gzip:     2.24 kB │ map:     15.55 kB
out/renderer/assets/pkl-BGhi0rSw.js                                     10.36 kB │ gzip:     1.37 kB │ map:     15.44 kB
out/renderer/assets/pkl-aWvWQVH_.js                                     10.36 kB │ gzip:     1.37 kB │ map:     15.46 kB
out/renderer/assets/beancount-RjN1QTGV.js                               10.36 kB │ gzip:     1.43 kB │ map:     15.00 kB
out/renderer/assets/beancount-swWlteO5.js                               10.36 kB │ gzip:     1.43 kB │ map:     15.02 kB
out/renderer/assets/nextflow-groovy-ZYJuvMGG.js                         10.39 kB │ gzip:     2.12 kB │ map:     15.18 kB
out/renderer/assets/nextflow-groovy-KbNUgtix.js                         10.43 kB │ gzip:     2.13 kB │ map:     15.21 kB
out/renderer/assets/dream-maker-CSwSl-8W.js                             10.46 kB │ gzip:     2.25 kB │ map:     15.07 kB
out/renderer/assets/dream-maker-DJGiyqUl.js                             10.46 kB │ gzip:     2.25 kB │ map:     15.09 kB
out/renderer/assets/raku-C8efCDHA.js                                    10.46 kB │ gzip:     2.94 kB │ map:     12.89 kB
out/renderer/assets/raku-VThqKITO.js                                    10.46 kB │ gzip:     2.94 kB │ map:     12.87 kB
out/renderer/assets/stateDiagram-FHFEXIEX-C9HBmFDD.js                   10.55 kB │ gzip:     3.69 kB │ map:     33.16 kB
out/renderer/assets/yaml-C_8gTjRi.js                                    10.56 kB │ gzip:     2.31 kB │ map:     14.87 kB
out/renderer/assets/yaml-aI3TRdKL.js                                    10.56 kB │ gzip:     2.31 kB │ map:     14.85 kB
out/renderer/assets/just-C8tp5byg.js                                    10.76 kB │ gzip:     2.60 kB │ map:     15.21 kB
out/renderer/assets/just-CBx8Ld_2.js                                    10.76 kB │ gzip:     2.60 kB │ map:     15.23 kB
out/renderer/assets/diagram-G4DWMVQ6-BSNA1unH.js                        10.83 kB │ gzip:     3.73 kB │ map:     34.70 kB
out/renderer/assets/elm-UFcwSYRD.js                                     10.94 kB │ gzip:     2.09 kB │ map:     16.00 kB
out/renderer/assets/elm-qoW7Bt62.js                                     10.94 kB │ gzip:     2.09 kB │ map:     16.02 kB
out/renderer/assets/dagre-KV5264BT-DbXrbrsh.js                          11.07 kB │ gzip:     4.14 kB │ map:     41.90 kB
out/renderer/assets/github-light-BiJX1a6t.js                            11.18 kB │ gzip:     2.49 kB │ map:     15.38 kB
out/renderer/assets/github-light-CsNIJWzL.js                            11.18 kB │ gzip:     2.49 kB │ map:     15.40 kB
out/renderer/assets/prolog-BiyTPCET.js                                  11.34 kB │ gzip:     3.84 kB │ map:     13.26 kB
out/renderer/assets/prolog-CnJexZvC.js                                  11.34 kB │ gzip:     3.84 kB │ map:     13.28 kB
out/renderer/assets/terraform-D6LEmGVO.js                               11.38 kB │ gzip:     2.51 kB │ map:     16.18 kB
out/renderer/assets/terraform-Du8OcsGp.js                               11.38 kB │ gzip:     2.51 kB │ map:     16.20 kB
out/renderer/assets/github-dark-Dj6LjcTK.js                             11.40 kB │ gzip:     2.53 kB │ map:     15.65 kB
out/renderer/assets/github-dark-XLiJOPTX.js                             11.40 kB │ gzip:     2.53 kB │ map:     15.67 kB
out/renderer/assets/puppet-BMVuBOZ8.js                                  11.43 kB │ gzip:     2.10 kB │ map:     16.30 kB
out/renderer/assets/puppet-DF6XDOZ7.js                                  11.43 kB │ gzip:     2.10 kB │ map:     16.28 kB
out/renderer/assets/laserwave-3CrdJBwM.js                               11.49 kB │ gzip:     2.57 kB │ map:     14.67 kB
out/renderer/assets/laserwave-CttVjDhX.js                               11.49 kB │ gzip:     2.57 kB │ map:     14.69 kB
out/renderer/assets/gherkin-CsgKdt8h.js                                 11.93 kB │ gzip:     5.04 kB │ map:     13.08 kB
out/renderer/assets/gherkin-WMUQGPMV.js                                 11.93 kB │ gzip:     5.04 kB │ map:     13.10 kB
out/renderer/assets/wasm-C7FDkbnE.js                                    12.00 kB │ gzip:     2.17 kB │ map:     16.82 kB
out/renderer/assets/wasm-CYqz6WWY.js                                    12.00 kB │ gzip:     2.17 kB │ map:     16.80 kB
out/renderer/assets/hjson-BNsxUNCN.js                                   12.04 kB │ gzip:     1.64 kB │ map:     17.25 kB
out/renderer/assets/hjson-CtdspZmS.js                                   12.04 kB │ gzip:     1.64 kB │ map:     17.27 kB
out/renderer/assets/handlebars-CUhKwdBy.js                              12.16 kB │ gzip:     2.37 kB │ map:     17.36 kB
out/renderer/assets/handlebars-DSvAkCSy.js                              12.16 kB │ gzip:     2.38 kB │ map:     17.34 kB
out/renderer/assets/apache-CCQn50dk.js                                  12.44 kB │ gzip:     3.71 kB │ map:     15.91 kB
out/renderer/assets/apache-GPqTZzTm.js                                  12.44 kB │ gzip:     3.71 kB │ map:     15.93 kB
out/renderer/assets/vesper-BA4jQY6t.js                                  12.68 kB │ gzip:     1.98 kB │ map:     16.16 kB
out/renderer/assets/vesper-DeNLCW78.js                                  12.68 kB │ gzip:     1.98 kB │ map:     16.14 kB
out/renderer/assets/bat-CJV7MhDo.js                                     12.88 kB │ gzip:     3.22 kB │ map:     17.36 kB
out/renderer/assets/bat-Cj-T52-p.js                                     12.88 kB │ gzip:     3.22 kB │ map:     17.38 kB
out/renderer/assets/browser-BLSM0FjN.js                                 12.96 kB │ gzip:     6.36 kB │ map:    117.13 kB
out/renderer/assets/fish-DdOlfNFm.js                                    13.03 kB │ gzip:     1.73 kB │ map:     16.84 kB
out/renderer/assets/fish-KUCzmLsc.js                                    13.03 kB │ gzip:     1.73 kB │ map:     16.82 kB
out/renderer/assets/v-CxNzcw0U.js                                       13.20 kB │ gzip:     2.73 kB │ map:     19.25 kB
out/renderer/assets/v-lxZx07Ph.js                                       13.20 kB │ gzip:     2.73 kB │ map:     19.23 kB
out/renderer/assets/vitesse-light-BMjKJeg0.js                           13.61 kB │ gzip:     3.03 kB │ map:     18.52 kB
out/renderer/assets/vitesse-light-k_hG59XK.js                           13.61 kB │ gzip:     3.03 kB │ map:     18.53 kB
out/renderer/assets/aurora-x-CckbQwWa.js                                13.65 kB │ gzip:     2.28 kB │ map:     17.54 kB
out/renderer/assets/aurora-x-CzVKGNe3.js                                13.65 kB │ gzip:     2.28 kB │ map:     17.56 kB
out/renderer/assets/vitesse-black-C-dKORP8.js                           13.67 kB │ gzip:     3.05 kB │ map:     18.62 kB
out/renderer/assets/vitesse-black-DsOH9rIk.js                           13.67 kB │ gzip:     3.05 kB │ map:     18.60 kB
out/renderer/assets/vitesse-dark-Bfwov3E3.js                            13.75 kB │ gzip:     3.06 kB │ map:     18.68 kB
out/renderer/assets/vitesse-dark-Di0nt6fy.js                            13.75 kB │ gzip:     3.06 kB │ map:     18.70 kB
out/renderer/assets/pug-BlE5HnPk.js                                     13.84 kB │ gzip:     2.58 kB │ map:     20.49 kB
out/renderer/assets/pug-dkJWncSP.js                                     13.84 kB │ gzip:     2.58 kB │ map:     20.47 kB
out/renderer/assets/luau-BT8bqAk9.js                                    13.95 kB │ gzip:     3.16 kB │ map:     19.59 kB
out/renderer/assets/luau-Dlsk5g1N.js                                    13.95 kB │ gzip:     3.16 kB │ map:     19.61 kB
out/renderer/assets/synthwave-84-7jmQyeQ1.js                            14.03 kB │ gzip:     2.85 kB │ map:     19.06 kB
out/renderer/assets/synthwave-84-BgjqfGWt.js                            14.03 kB │ gzip:     2.85 kB │ map:     19.08 kB
out/renderer/assets/github-light-default-CCOmsriR.js                    14.15 kB │ gzip:     3.02 kB │ map:     19.26 kB
out/renderer/assets/github-light-default-Drx6FVVB.js                    14.15 kB │ gzip:     3.02 kB │ map:     19.24 kB
out/renderer/assets/clarity-D3LCSxD9.js                                 14.26 kB │ gzip:     2.46 kB │ map:     19.92 kB
out/renderer/assets/clarity-Vilrx0xq.js                                 14.26 kB │ gzip:     2.46 kB │ map:     19.90 kB
out/renderer/assets/github-light-high-contrast-Bq9iBtcn.js              14.27 kB │ gzip:     3.00 kB │ map:     19.43 kB
out/renderer/assets/github-light-high-contrast-DBJ9TCi8.js              14.27 kB │ gzip:     3.00 kB │ map:     19.41 kB
out/renderer/assets/github-dark-dimmed-BL99PWf1.js                      14.43 kB │ gzip:     3.11 kB │ map:     19.61 kB
out/renderer/assets/github-dark-dimmed-DmFfpbiz.js                      14.43 kB │ gzip:     3.11 kB │ map:     19.63 kB
out/renderer/assets/github-dark-default-DdHd8qGI.js                     14.43 kB │ gzip:     3.12 kB │ map:     19.64 kB
out/renderer/assets/github-dark-default-wgkkwiC3.js                     14.43 kB │ gzip:     3.12 kB │ map:     19.62 kB
out/renderer/assets/Line-4dD91Fin.js                                    14.46 kB │ gzip:     4.66 kB │ map:     58.97 kB
out/renderer/assets/github-dark-high-contrast-BsdTiqfD.js               14.59 kB │ gzip:     3.07 kB │ map:     19.84 kB
out/renderer/assets/github-dark-high-contrast-Dll5q5Qa.js               14.59 kB │ gzip:     3.07 kB │ map:     19.86 kB
out/renderer/assets/gnuplot-By58i1-A.js                                 14.77 kB │ gzip:     3.27 kB │ map:     20.78 kB
out/renderer/assets/gnuplot-l9vDKtSD.js                                 14.77 kB │ gzip:     3.27 kB │ map:     20.80 kB
out/renderer/assets/time-BzytlJ0b.js                                    14.92 kB │ gzip:     4.81 kB │ map:     62.47 kB
out/renderer/assets/rust-BrWm_pjn.js                                    15.06 kB │ gzip:     2.71 kB │ map:     21.44 kB
out/renderer/assets/rust-DB039YYR.js                                    15.06 kB │ gzip:     2.71 kB │ map:     21.42 kB
out/renderer/assets/kusto-CpuwJQNJ.js                                   15.16 kB │ gzip:     3.93 kB │ map:     19.60 kB
out/renderer/assets/kusto-LlcswlwM.js                                   15.16 kB │ gzip:     3.92 kB │ map:     19.58 kB
out/renderer/assets/actionscript-3-DbNxC6Yr.js                          15.19 kB │ gzip:     2.67 kB │ map:     21.41 kB
out/renderer/assets/actionscript-3-DvGAzUim.js                          15.19 kB │ gzip:     2.67 kB │ map:     21.43 kB
out/renderer/assets/nix-BhBOwM7o.js                                     15.50 kB │ gzip:     2.47 kB │ map:     22.81 kB
out/renderer/assets/nix-D0TMuER5.js                                     15.50 kB │ gzip:     2.47 kB │ map:     22.85 kB
out/renderer/assets/lua-ByiuU-Bc.js                                     15.58 kB │ gzip:     3.18 kB │ map:     22.10 kB
out/renderer/assets/lua-DPsvPaE7.js                                     15.58 kB │ gzip:     3.18 kB │ map:     22.08 kB
out/renderer/assets/abap-BIVrs6Ri.js                                    15.84 kB │ gzip:     5.93 kB │ map:     18.82 kB
out/renderer/assets/abap-CymVqF-c.js                                    15.84 kB │ gzip:     5.93 kB │ map:     18.80 kB
out/renderer/assets/solidity-Csav1-DI.js                                16.06 kB │ gzip:     3.09 kB │ map:     23.41 kB
out/renderer/assets/solidity-GP4dTUFV.js                                16.06 kB │ gzip:     3.09 kB │ map:     23.43 kB
out/renderer/assets/matlab-BK46Q0zZ.js                                  16.07 kB │ gzip:     3.06 kB │ map:     23.35 kB
out/renderer/assets/matlab-D0n6dmcU.js                                  16.07 kB │ gzip:     3.06 kB │ map:     23.33 kB
out/renderer/assets/cue-9mKViY1q.js                                     16.19 kB │ gzip:     2.04 kB │ map:     23.75 kB
out/renderer/assets/cue-BL5PtDfv.js                                     16.19 kB │ gzip:     2.04 kB │ map:     23.77 kB
out/renderer/assets/elixir-C7qJt6VD.js                                  16.26 kB │ gzip:     2.76 kB │ map:     23.12 kB
out/renderer/assets/elixir-h7oap5D3.js                                  16.26 kB │ gzip:     2.76 kB │ map:     23.10 kB
out/renderer/assets/Bar-DrIeSyVA.js                                     16.39 kB │ gzip:     5.69 kB │ map:     71.33 kB
out/renderer/assets/odin-BknzLslu.js                                    16.50 kB │ gzip:     2.92 kB │ map:     23.76 kB
out/renderer/assets/odin-DNAYj5-j.js                                    16.50 kB │ gzip:     2.92 kB │ map:     23.78 kB
out/renderer/assets/ts-tags-CpJl06F0.js                                 16.54 kB │ gzip:     2.05 kB │ map:     24.42 kB
out/renderer/assets/pptx-preview-viewer-cs-orZTr.js                     16.89 kB │ gzip:     6.18 kB │ map:     59.26 kB
out/renderer/assets/esm-cLzw53YR.js                                     16.95 kB │ gzip:     5.13 kB │ map:     53.29 kB
out/renderer/assets/bird2-spJ1ivQ7.js                                   16.96 kB │ gzip:     3.84 kB │ map:     23.21 kB
out/renderer/assets/kanagawa-wave-CUeWOQOG.js                           17.12 kB │ gzip:     2.90 kB │ map:     22.26 kB
out/renderer/assets/kanagawa-wave-DQi7DYIu.js                           17.12 kB │ gzip:     2.90 kB │ map:     22.24 kB
out/renderer/assets/kanagawa-lotus-BQC2c6js.js                          17.12 kB │ gzip:     2.90 kB │ map:     22.27 kB
out/renderer/assets/kanagawa-lotus-Dn4iL1bo.js                          17.12 kB │ gzip:     2.90 kB │ map:     22.25 kB
out/renderer/assets/kanagawa-dragon-BCQ5jtnW.js                         17.12 kB │ gzip:     2.92 kB │ map:     22.27 kB
out/renderer/assets/kanagawa-dragon-D0W83ECj.js                         17.12 kB │ gzip:     2.92 kB │ map:     22.25 kB
out/renderer/assets/ishikawaDiagram-UXIWVN3A-KgIbN8m4.js                17.30 kB │ gzip:     6.51 kB │ map:     57.98 kB
out/renderer/assets/move-BA8i_GfM.js                                    17.49 kB │ gzip:     3.06 kB │ map:     26.23 kB
out/renderer/assets/move-KmED4iWi.js                                    17.49 kB │ gzip:     3.06 kB │ map:     26.25 kB
out/renderer/assets/chunk-5PVQY5BW-DVjM9XTr.js                          17.92 kB │ gzip:     6.60 kB │ map:     78.99 kB
out/renderer/assets/graphql-MJQ3zv8L.js                                 18.07 kB │ gzip:     2.53 kB │ map:     25.42 kB
out/renderer/assets/graphql-OyN4Dgs3.js                                 18.07 kB │ gzip:     2.53 kB │ map:     25.44 kB
out/renderer/assets/liquid-DCmZtzSl.js                                  18.10 kB │ gzip:     3.14 kB │ map:     25.21 kB
out/renderer/assets/liquid-gdciGUJV.js                                  18.10 kB │ gzip:     3.14 kB │ map:     25.19 kB
out/renderer/assets/svelte-DtnI_C8t.js                                  18.24 kB │ gzip:     3.14 kB │ map:     25.71 kB
out/renderer/assets/svelte-RywVXruq.js                                  18.24 kB │ gzip:     3.14 kB │ map:     25.69 kB
out/renderer/assets/material-theme-BBU198Vm.js                          18.61 kB │ gzip:     3.10 kB │ map:     24.10 kB
out/renderer/assets/material-theme-DmuLJ1k4.js                          18.61 kB │ gzip:     3.10 kB │ map:     24.08 kB
out/renderer/assets/material-theme-darker-BlSPrK9a.js                   18.62 kB │ gzip:     3.10 kB │ map:     24.12 kB
out/renderer/assets/material-theme-darker-CqHh6Wve.js                   18.62 kB │ gzip:     3.10 kB │ map:     24.14 kB
out/renderer/assets/material-theme-ocean-CPIhHskt.js                    18.62 kB │ gzip:     3.12 kB │ map:     24.13 kB
out/renderer/assets/material-theme-ocean-CcC4NuID.js                    18.62 kB │ gzip:     3.12 kB │ map:     24.12 kB
out/renderer/assets/material-theme-lighter-rHMZhF9j.js                  18.63 kB │ gzip:     3.10 kB │ map:     24.13 kB
out/renderer/assets/material-theme-lighter-sHkIfjkj.js                  18.63 kB │ gzip:     3.10 kB │ map:     24.15 kB
out/renderer/assets/material-theme-palenight-N15Qe9Zs.js                18.63 kB │ gzip:     3.11 kB │ map:     24.13 kB
out/renderer/assets/material-theme-palenight-sq-Uyj50.js                18.63 kB │ gzip:     3.11 kB │ map:     24.15 kB
out/renderer/assets/gdscript-DF23mjSk.js                                18.98 kB │ gzip:     3.75 kB │ map:     26.23 kB
out/renderer/assets/gdscript-k33dVUuT.js                                18.98 kB │ gzip:     3.75 kB │ map:     26.22 kB
out/renderer/assets/groovy-BPTevG8x.js                                  19.17 kB │ gzip:     3.59 kB │ map:     27.50 kB
out/renderer/assets/groovy-_G3pydCA.js                                  19.17 kB │ gzip:     3.59 kB │ map:     27.48 kB
out/renderer/assets/mdc-CFWpZ8z_.js                                     19.54 kB │ gzip:     6.66 kB │ map:     23.07 kB
out/renderer/assets/mdc-Id1elhwc.js                                     19.54 kB │ gzip:     6.66 kB │ map:     23.05 kB
out/renderer/assets/sankeyDiagram-XADWPNL6-Ce2t0u6h.js                  19.89 kB │ gzip:     7.15 kB │ map:     71.15 kB
out/renderer/assets/ArtifactChartView-B20PSytZ.js                       20.00 kB │ gzip:     6.74 kB │ map:     79.65 kB
out/renderer/assets/ayu-dark-CzO6iiqS.js                                20.07 kB │ gzip:     3.93 kB │ map:     27.03 kB
out/renderer/assets/ayu-dark-z90Ww0eu.js                                20.07 kB │ gzip:     3.93 kB │ map:     27.01 kB
out/renderer/assets/ayu-mirage-ByhPqiI1.js                              20.08 kB │ gzip:     3.91 kB │ map:     27.04 kB
out/renderer/assets/ayu-mirage-wCEUI_uG.js                              20.08 kB │ gzip:     3.91 kB │ map:     27.02 kB
out/renderer/assets/glimmer-js-CKpVr47T.js                              20.08 kB │ gzip:     2.94 kB │ map:     28.56 kB
out/renderer/assets/glimmer-js-CNRJb6R2.js                              20.08 kB │ gzip:     2.94 kB │ map:     28.58 kB
out/renderer/assets/glimmer-ts-Bdl21D8F.js                              20.08 kB │ gzip:     2.93 kB │ map:     28.58 kB
out/renderer/assets/glimmer-ts-D3wAfcNc.js                              20.08 kB │ gzip:     2.93 kB │ map:     28.56 kB
out/renderer/assets/powershell-BE9Hk_V_.js                              20.14 kB │ gzip:     4.05 kB │ map:     26.57 kB
out/renderer/assets/powershell-BsVslhq1.js                              20.14 kB │ gzip:     4.05 kB │ map:     26.55 kB
out/renderer/assets/ayu-light-CNVvnSYT.js                               20.14 kB │ gzip:     3.89 kB │ map:     27.09 kB
out/renderer/assets/ayu-light-D-nWCL8y.js                               20.14 kB │ gzip:     3.89 kB │ map:     27.11 kB
out/renderer/assets/kanban-definition-6JOO6SKY-8CEBHTXO.js              20.22 kB │ gzip:     7.13 kB │ map:     63.72 kB
out/renderer/assets/viml-BzNpGdTA.js                                    20.35 kB │ gzip:     6.73 kB │ map:     23.46 kB
out/renderer/assets/viml-CcmHRIpP.js                                    20.35 kB │ gzip:     6.73 kB │ map:     23.48 kB
out/renderer/assets/nushell-B2ByHBTr.js                                 20.40 kB │ gzip:     5.21 kB │ map:     27.62 kB
out/renderer/assets/nushell-CmdGdcHQ.js                                 20.40 kB │ gzip:     5.21 kB │ map:     27.64 kB
out/renderer/assets/AppUsageModelUsagePieChart-Ca4DNJh3.js              20.70 kB │ gzip:     6.62 kB │ map:     75.70 kB
out/renderer/assets/snazzy-light-BjMEsts1.js                            20.77 kB │ gzip:     3.80 kB │ map:     27.98 kB
out/renderer/assets/snazzy-light-CIyGlxeM.js                            20.77 kB │ gzip:     3.80 kB │ map:     27.99 kB
out/renderer/assets/twig-8aKI1AUR.js                                    20.90 kB │ gzip:     3.66 kB │ map:     29.20 kB
out/renderer/assets/twig-CNRerX8X.js                                    20.90 kB │ gzip:     3.66 kB │ map:     29.18 kB
out/renderer/assets/dracula-DsUPlQ-H.js                                 21.06 kB │ gzip:     3.99 kB │ map:     27.48 kB
out/renderer/assets/dracula-g3ODxRh4.js                                 21.06 kB │ gzip:     3.99 kB │ map:     27.46 kB
out/renderer/assets/dracula-soft-BiVV8C4X.js                            21.07 kB │ gzip:     4.02 kB │ map:     27.49 kB
out/renderer/assets/dracula-soft-Dx_szmeu.js                            21.07 kB │ gzip:     4.02 kB │ map:     27.51 kB
out/renderer/assets/wit-DMTRzKbY.js                                     21.46 kB │ gzip:     2.87 kB │ map:     30.08 kB
out/renderer/assets/wit-vWbZaWZb.js                                     21.46 kB │ gzip:     2.87 kB │ map:     30.06 kB
out/renderer/assets/rose-pine-BluAmwAa.js                               21.74 kB │ gzip:     3.86 kB │ map:     28.75 kB
out/renderer/assets/rose-pine-DlA9VNFA.js                               21.74 kB │ gzip:     3.86 kB │ map:     28.73 kB
out/renderer/assets/rose-pine-moon-DDU6JQH2.js                          21.75 kB │ gzip:     3.87 kB │ map:     28.78 kB
out/renderer/assets/rose-pine-moon-R0y1uSMS.js                          21.75 kB │ gzip:     3.87 kB │ map:     28.76 kB
out/renderer/assets/rose-pine-dawn-BGY2hDsk.js                          21.75 kB │ gzip:     3.88 kB │ map:     28.76 kB
out/renderer/assets/rose-pine-dawn-D1KFFqvj.js                          21.75 kB │ gzip:     3.88 kB │ map:     28.78 kB
out/renderer/assets/nim-BAr1Gzmn.js                                     22.45 kB │ gzip:     3.15 kB │ map:     32.73 kB
out/renderer/assets/nim-DNzixRwV.js                                     22.45 kB │ gzip:     3.15 kB │ map:     32.71 kB
out/renderer/assets/common-lisp-ClmxepIr.js                             22.57 kB │ gzip:     6.07 kB │ map:     26.66 kB
out/renderer/assets/common-lisp-tbZr3oQ1.js                             22.57 kB │ gzip:     6.07 kB │ map:     26.64 kB
out/renderer/assets/surrealql-DF4Ox_wG.js                               22.58 kB │ gzip:     4.31 kB │ map:     32.44 kB
out/renderer/assets/surrealql-zUN7hJNM.js                               22.58 kB │ gzip:     4.31 kB │ map:     32.43 kB
out/renderer/assets/gruvbox-dark-hard-GFjxxT70.js                       22.63 kB │ gzip:     4.15 kB │ map:     30.55 kB
out/renderer/assets/gruvbox-dark-hard-xdaMSPvB.js                       22.63 kB │ gzip:     4.15 kB │ map:     30.53 kB
out/renderer/assets/gruvbox-dark-soft-B9_tyOj6.js                       22.63 kB │ gzip:     4.15 kB │ map:     30.53 kB
out/renderer/assets/gruvbox-dark-soft-_kp0OFcw.js                       22.63 kB │ gzip:     4.15 kB │ map:     30.55 kB
out/renderer/assets/gruvbox-light-hard-CHR9CQ1J.js                      22.63 kB │ gzip:     4.16 kB │ map:     30.55 kB
out/renderer/assets/gruvbox-light-hard-cpJ0bUBi.js                      22.63 kB │ gzip:     4.16 kB │ map:     30.53 kB
out/renderer/assets/gruvbox-light-soft-BrUFWGKl.js                      22.63 kB │ gzip:     4.16 kB │ map:     30.53 kB
out/renderer/assets/gruvbox-light-soft-Ct73qAVN.js                      22.63 kB │ gzip:     4.16 kB │ map:     30.55 kB
out/renderer/assets/gruvbox-dark-medium-D69QXDCP.js                     22.63 kB │ gzip:     4.15 kB │ map:     30.54 kB
out/renderer/assets/gruvbox-dark-medium-D_X_N7ad.js                     22.63 kB │ gzip:     4.15 kB │ map:     30.56 kB
out/renderer/assets/gruvbox-light-medium-DC3HEWfl.js                    22.63 kB │ gzip:     4.16 kB │ map:     30.54 kB
out/renderer/assets/gruvbox-light-medium-WoHDYXei.js                    22.63 kB │ gzip:     4.16 kB │ map:     30.56 kB
out/renderer/assets/bird2-C5BmuI4R.js                                   22.93 kB │ gzip:     4.65 kB │ map:     31.01 kB
out/renderer/assets/journeyDiagram-VCZTEJTY-CzR0yq1q.js                 23.16 kB │ gzip:     8.15 kB │ map:     74.00 kB
out/renderer/assets/sql-Ca9csrQW.js                                     23.46 kB │ gzip:     7.48 kB │ map:     27.87 kB
out/renderer/assets/sql-DrOYsIxg.js                                     23.46 kB │ gzip:     7.48 kB │ map:     27.89 kB
out/renderer/assets/mindmap-definition-QFDTVHPH-D7Oc8dXX.js             23.65 kB │ gzip:     8.06 kB │ map:     72.89 kB
out/renderer/assets/cadence-BO3gYxxt.js                                 23.66 kB │ gzip:     3.65 kB │ map:     33.54 kB
out/renderer/assets/cadence-BRamlcmy.js                                 23.66 kB │ gzip:     3.65 kB │ map:     33.56 kB
out/renderer/assets/wardleyDiagram-NUSXRM2D-CJuZNdxt.js                 23.87 kB │ gzip:     6.29 kB │ map:     72.93 kB
out/renderer/assets/typespec-Igsk48Xd.js                                24.01 kB │ gzip:     2.58 kB │ map:     33.42 kB
out/renderer/assets/astro-Cvm6sNb6.js                                   24.02 kB │ gzip:     7.59 kB │ map:     29.10 kB
out/renderer/assets/astro-Dbw2G-Go.js                                   24.02 kB │ gzip:     7.59 kB │ map:     29.12 kB
out/renderer/assets/apl-BtouEAB6.js                                     24.02 kB │ gzip:     4.16 kB │ map:     33.31 kB
out/renderer/assets/apl-Do3Qditv.js                                     24.02 kB │ gzip:     4.17 kB │ map:     33.29 kB
out/renderer/assets/templ-C5DdxYdM.js                                   24.06 kB │ gzip:     5.41 kB │ map:     30.85 kB
out/renderer/assets/templ-CWVKoINy.js                                   24.06 kB │ gzip:     5.41 kB │ map:     30.87 kB
out/renderer/assets/angular-html--bbs7UvK.js                            24.23 kB │ gzip:     3.98 kB │ map:     35.46 kB
out/renderer/assets/angular-html-Bh61loAb.js                            24.23 kB │ gzip:     3.98 kB │ map:     35.55 kB
out/renderer/assets/vhdl-DwUfH4qy.js                                    24.25 kB │ gzip:     3.86 kB │ map:     33.34 kB
out/renderer/assets/vhdl-hCx017f_.js                                    24.25 kB │ gzip:     3.86 kB │ map:     33.36 kB
out/renderer/assets/vue-D0eGkOwt.js                                     24.48 kB │ gzip:     2.96 kB │ map:     36.62 kB
out/renderer/assets/vue-W1UA-h72.js                                     24.48 kB │ gzip:     2.96 kB │ map:     36.52 kB
out/renderer/assets/purescript-D-O9wiy3.js                              24.67 kB │ gzip:     3.24 kB │ map:     34.85 kB
out/renderer/assets/purescript-DiZuEhS_.js                              24.67 kB │ gzip:     3.24 kB │ map:     34.86 kB
out/renderer/assets/typespec-DBH85zom.js                                25.03 kB │ gzip:     2.62 kB │ map:     34.65 kB
out/renderer/assets/one-light-CqBLCqiI.js                               25.29 kB │ gzip:     3.63 kB │ map:     33.78 kB
out/renderer/assets/one-light-Dq55kK8i.js                               25.29 kB │ gzip:     3.63 kB │ map:     33.76 kB
out/renderer/assets/fsharp-BhJ9DowD.js                                  25.30 kB │ gzip:     4.12 kB │ map:     35.82 kB
out/renderer/assets/fsharp-ojt2UWqW.js                                  25.30 kB │ gzip:     4.12 kB │ map:     35.84 kB
out/renderer/assets/marko-B_tALoYP.js                                   25.48 kB │ gzip:     3.59 kB │ map:     35.79 kB
out/renderer/assets/marko-Ckq2uzug.js                                   25.48 kB │ gzip:     3.59 kB │ map:     35.81 kB
out/renderer/assets/c3-D3-EzMPc.js                                      25.62 kB │ gzip:     3.85 kB │ map:     37.14 kB
out/renderer/assets/c3-LCn-jrhP.js                                      25.62 kB │ gzip:     3.85 kB │ map:     37.16 kB
out/renderer/assets/night-owl-light-BOnudlDd.js                         25.89 kB │ gzip:     4.23 kB │ map:     35.11 kB
out/renderer/assets/night-owl-light-psi9WKXw.js                         25.89 kB │ gzip:     4.23 kB │ map:     35.13 kB
out/renderer/assets/system-verilog-BBWz1J89.js                          26.19 kB │ gzip:     4.82 kB │ map:     36.22 kB
out/renderer/assets/system-verilog-DXxmBS12.js                          26.19 kB │ gzip:     4.82 kB │ map:     36.24 kB
out/renderer/assets/index-B_UBcq9H.js                                   26.47 kB │ gzip:     7.53 kB │ map:     76.82 kB
out/renderer/assets/nord-CDOPdQ1l.js                                    26.72 kB │ gzip:     4.35 kB │ map:     35.31 kB
out/renderer/assets/nord-zT4nWYEN.js                                    26.72 kB │ gzip:     4.35 kB │ map:     35.33 kB
out/renderer/assets/erDiagram-SMLLAGMA--dt7JcqR.js                      26.81 kB │ gzip:     9.33 kB │ map:     85.01 kB
out/renderer/assets/codeql-BvIFC-xv.js                                  26.87 kB │ gzip:     3.79 kB │ map:     35.99 kB
out/renderer/assets/codeql-PWOhezcf.js                                  26.87 kB │ gzip:     3.79 kB │ map:     35.97 kB
out/renderer/assets/rough.esm-COD25AYY.js                               27.10 kB │ gzip:     8.85 kB │ map:     71.32 kB
out/renderer/assets/bundle-mjs-DuH7v-is.js                              27.25 kB │ gzip:     8.67 kB │ map:    139.70 kB
out/renderer/assets/scss--BzwHwGU.js                                    27.25 kB │ gzip:     4.22 kB │ map:     38.31 kB
out/renderer/assets/scss-D2yCLxmJ.js                                    27.25 kB │ gzip:     4.22 kB │ map:     38.29 kB
out/renderer/assets/java-CEUsnCwA.js                                    27.27 kB │ gzip:     4.30 kB │ map:     38.60 kB
out/renderer/assets/java-r6HUeptn.js                                    27.27 kB │ gzip:     4.30 kB │ map:     38.59 kB
out/renderer/assets/coffee-DaEYi66C.js                                  27.42 kB │ gzip:     6.35 kB │ map:     36.06 kB
out/renderer/assets/coffee-ytMM-2yt.js                                  27.42 kB │ gzip:     6.35 kB │ map:     36.04 kB
out/renderer/assets/razor-DQWxwKpw.js                                   27.45 kB │ gzip:     3.54 kB │ map:     38.26 kB
out/renderer/assets/razor-DmoLAnna.js                                   27.45 kB │ gzip:     3.54 kB │ map:     38.28 kB
out/renderer/assets/scala-B0fCNkVX.js                                   28.87 kB │ gzip:     3.92 kB │ map:     40.07 kB
out/renderer/assets/scala-BI_zIsH1.js                                   28.87 kB │ gzip:     3.92 kB │ map:     40.09 kB
out/renderer/assets/night-owl-DBhPPmtP.js                               28.91 kB │ gzip:     5.14 kB │ map:     39.01 kB
out/renderer/assets/night-owl-DmzoKKQ4.js                               28.91 kB │ gzip:     5.14 kB │ map:     39.03 kB
out/renderer/assets/gitGraphDiagram-UUTBAWPF-CxjgCE0S.js                28.97 kB │ gzip:     8.55 kB │ map:    109.56 kB
out/renderer/assets/duke_sheets_wasm-D9x8sEkV.js                        28.98 kB │ gzip:     6.59 kB │ map:    108.85 kB
out/renderer/assets/pierre-dark-DEo5bzdf.js                             29.34 kB │ gzip:     4.51 kB │ map:     32.87 kB
out/renderer/assets/pierre-light-Cc8QK1gY.js                            29.34 kB │ gzip:     4.48 kB │ map:     32.87 kB
out/renderer/assets/crystal-CKG-3EIG.js                                 29.41 kB │ gzip:     4.43 kB │ map:     41.15 kB
out/renderer/assets/crystal-DaGG8uTI.js                                 29.41 kB │ gzip:     4.44 kB │ map:     41.13 kB
out/renderer/assets/mermaid-CNMFRX57.js                                 29.50 kB │ gzip:     3.64 kB │ map:     44.07 kB
out/renderer/assets/mermaid-j-WI3MPb.js                                 29.50 kB │ gzip:     3.64 kB │ map:     44.09 kB
out/renderer/assets/applescript-DZ8kiw1x.js                             29.56 kB │ gzip:     5.94 kB │ map:     39.30 kB
out/renderer/assets/applescript-DZCCyZTo.js                             29.56 kB │ gzip:     5.94 kB │ map:     39.32 kB
out/renderer/assets/timeline-definition-GMOUNBTQ-ClWxYDbv.js            30.39 kB │ gzip:     9.96 kB │ map:     99.34 kB
out/renderer/assets/dagre-D1dM7SJO.js                                   30.42 kB │ gzip:    10.94 kB │ map:    186.34 kB
out/renderer/assets/CartesianChart-BM3_qb9t.js                          30.43 kB │ gzip:     8.18 kB │ map:    118.91 kB
out/renderer/assets/requirementDiagram-MS252O5E-CEhjp7qt.js             30.96 kB │ gzip:     9.76 kB │ map:     94.18 kB
out/renderer/assets/julia-D7XSWwUF.js                                   30.99 kB │ gzip:     4.30 kB │ map:     40.50 kB
out/renderer/assets/julia-dE97r20g.js                                   30.99 kB │ gzip:     4.30 kB │ map:     40.52 kB
out/renderer/assets/stylus-CA0uuSiU.js                                  31.06 kB │ gzip:     8.01 kB │ map:     38.83 kB
out/renderer/assets/stylus-CakXfnjg.js                                  31.06 kB │ gzip:     8.01 kB │ map:     38.85 kB
out/renderer/assets/quadrantDiagram-34T5L4WZ-5XNjsolz.js                33.34 kB │ gzip:     9.70 kB │ map:    104.27 kB
out/renderer/assets/poimandres-BOKUIY2g.js                              33.49 kB │ gzip:     5.49 kB │ map:     43.02 kB
out/renderer/assets/poimandres-D17TK4nf.js                              33.49 kB │ gzip:     5.49 kB │ map:     43.04 kB
out/renderer/assets/chunk-ENJZ2VHE-CXsl-py0.js                          33.51 kB │ gzip:     7.10 kB │ map:     94.67 kB
out/renderer/assets/one-dark-pro-Cgd1OzPf.js                            33.78 kB │ gzip:     5.50 kB │ map:     44.46 kB
out/renderer/assets/one-dark-pro-Ci5GNuDl.js                            33.78 kB │ gzip:     5.50 kB │ map:     44.48 kB
out/renderer/assets/bsl-Bg8aoC0E.js                                     33.86 kB │ gzip:     8.34 kB │ map:     37.58 kB
out/renderer/assets/bsl-CpV2goIP.js                                     33.86 kB │ gzip:     8.34 kB │ map:     37.56 kB
out/renderer/assets/haxe-59SOR6um.js                                    35.15 kB │ gzip:     5.90 kB │ map:     49.48 kB
out/renderer/assets/haxe-CxAPrgPI.js                                    35.15 kB │ gzip:     5.90 kB │ map:     49.49 kB
out/renderer/assets/nginx-e0W6LANo.js                                   35.35 kB │ gzip:     4.45 kB │ map:     48.45 kB
out/renderer/assets/nginx-rVP9N39o.js                                   35.35 kB │ gzip:     4.45 kB │ map:     48.43 kB
out/renderer/assets/houston-4zGKYops.js                                 35.41 kB │ gzip:     5.76 kB │ map:     46.37 kB
out/renderer/assets/houston-DunPDBH0.js                                 35.41 kB │ gzip:     5.76 kB │ map:     46.35 kB
out/renderer/assets/tokyo-night-BBMV-ilQ.js                             35.66 kB │ gzip:     6.22 kB │ map:     45.30 kB
out/renderer/assets/tokyo-night-DDl4Wfb0.js                             35.66 kB │ gzip:     6.22 kB │ map:     45.32 kB
out/renderer/assets/chunk-OYMX7WX6-DseGXYNK.js                          36.59 kB │ gzip:    11.80 kB │ map:    115.48 kB
out/renderer/assets/src-C8Ct51nq.js                                     37.29 kB │ gzip:    12.43 kB │ map:    155.90 kB
out/renderer/assets/erlang-CY3Qu94b.js                                  37.47 kB │ gzip:     4.36 kB │ map:     51.51 kB
out/renderer/assets/erlang-DjR8ua9L.js                                  37.47 kB │ gzip:     4.36 kB │ map:     51.53 kB
out/renderer/assets/skillStore-CuraL4YS.js                              38.74 kB │ gzip:    10.46 kB │ map:    222.05 kB
out/renderer/assets/xychartDiagram-5P7HB3ND-MB2qHRPF.js                 38.76 kB │ gzip:    10.72 kB │ map:    121.16 kB
out/renderer/assets/cobol-b0NUH3wl.js                                   39.07 kB │ gzip:    10.88 kB │ map:     47.30 kB
out/renderer/assets/cobol-CWZalwFH.js                                   39.09 kB │ gzip:    10.89 kB │ map:     47.35 kB
out/renderer/assets/vennDiagram-DHZGUBPP-CHKE4p3H.js                    40.62 kB │ gzip:    14.89 kB │ map:    171.05 kB
out/renderer/assets/asm-oU5w6YVT.js                                     40.71 kB │ gzip:     8.16 kB │ map:     52.96 kB
out/renderer/assets/asm-vr7LsgGv.js                                     40.71 kB │ gzip:     8.16 kB │ map:     52.97 kB
out/renderer/assets/haskell-BA6Ni3zj.js                                 41.48 kB │ gzip:     6.41 kB │ map:     57.82 kB
out/renderer/assets/haskell-mWLt2UPg.js                                 41.48 kB │ gzip:     6.41 kB │ map:     57.81 kB
out/renderer/assets/shellscript-3bs1uler.js                             41.53 kB │ gzip:     6.12 kB │ map:     56.49 kB
out/renderer/assets/shellscript-CDH4URiN.js                             41.53 kB │ gzip:     6.12 kB │ map:     56.48 kB
out/renderer/assets/chunk-XPW4576I-C2pOPDwD.js                          41.85 kB │ gzip:    14.22 kB │ map:    147.73 kB
out/renderer/assets/perl-DMXmmVGx.js                                    43.14 kB │ gzip:     4.64 kB │ map:     60.70 kB
out/renderer/assets/perl-Nh59fIqD.js                                    43.14 kB │ gzip:     4.64 kB │ map:     60.72 kB
out/renderer/assets/d-DKL-hRWC.js                                       43.78 kB │ gzip:     8.43 kB │ map:     62.67 kB
out/renderer/assets/d-haQkkhr2.js                                       43.78 kB │ gzip:     8.43 kB │ map:     62.65 kB
out/renderer/assets/ruby-CCHLofpj.js                                    45.83 kB │ gzip:     5.55 kB │ map:     65.27 kB
out/renderer/assets/ruby-DN1Rn-XU.js                                    46.60 kB │ gzip:     5.71 kB │ map:     66.14 kB
out/renderer/assets/go-DuPvA3gH.js                                      46.80 kB │ gzip:     5.15 kB │ map:     66.57 kB
out/renderer/assets/go-C7XL-HGl.js                                      46.81 kB │ gzip:     5.14 kB │ map:     66.56 kB
out/renderer/assets/chunk-4TB4RGXK-CkxsANZy.js                          46.88 kB │ gzip:    15.12 kB │ map:    138.06 kB
out/renderer/assets/apex-BUDgn5dh.js                                    46.97 kB │ gzip:     6.72 kB │ map:     65.67 kB
out/renderer/assets/apex-DX2e1cOk.js                                    46.97 kB │ gzip:     6.72 kB │ map:     65.69 kB
out/renderer/assets/catppuccin-mocha-B-5n45lm.js                        47.25 kB │ gzip:     7.98 kB │ map:     61.98 kB
out/renderer/assets/catppuccin-mocha-DJIqIACm.js                        47.25 kB │ gzip:     7.98 kB │ map:     61.99 kB
out/renderer/assets/catppuccin-latte-B3zySoG_.js                        47.25 kB │ gzip:     7.98 kB │ map:     62.00 kB
out/renderer/assets/catppuccin-latte-s0C1LDqt.js                        47.25 kB │ gzip:     7.98 kB │ map:     61.98 kB
out/renderer/assets/catppuccin-frappe-BTk4MMqo.js                       47.25 kB │ gzip:     7.99 kB │ map:     61.98 kB
out/renderer/assets/catppuccin-frappe-CpoHUNL_.js                       47.25 kB │ gzip:     7.99 kB │ map:     62.00 kB
out/renderer/assets/catppuccin-macchiato-BPVpxgVz.js                    47.26 kB │ gzip:     7.99 kB │ map:     62.01 kB
out/renderer/assets/catppuccin-macchiato-g9AdInXK.js                    47.26 kB │ gzip:     7.99 kB │ map:     62.00 kB
out/renderer/assets/ada-CN6JPhxn.js                                     48.07 kB │ gzip:     5.96 kB │ map:     70.94 kB
out/renderer/assets/ada-ZPMZz2LK.js                                     48.07 kB │ gzip:     5.96 kB │ map:     70.92 kB
out/renderer/assets/css-DloZ48Sn.js                                     49.07 kB │ gzip:    11.94 kB │ map:     60.60 kB
out/renderer/assets/css-BGDMBOf5.js                                     49.09 kB │ gzip:    11.95 kB │ map:     60.60 kB
out/renderer/assets/imba-0AJGeIau.js                                    49.92 kB │ gzip:     9.47 kB │ map:     68.04 kB
out/renderer/assets/imba-DYKBis-x.js                                    49.92 kB │ gzip:     9.47 kB │ map:     68.06 kB
out/renderer/assets/chunk-U2HBQHQK-BhK9Zfa-.js                          52.52 kB │ gzip:    17.15 kB │ map:    132.10 kB
out/renderer/assets/everforest-dark-BoY5eEsh.js                         53.74 kB │ gzip:     8.37 kB │ map:     68.24 kB
out/renderer/assets/everforest-dark-C0bLECJH.js                         53.74 kB │ gzip:     8.37 kB │ map:     68.22 kB
out/renderer/assets/everforest-light-YAZL7jcT.js                        53.74 kB │ gzip:     8.36 kB │ map:     68.25 kB
out/renderer/assets/everforest-light-k0GTUBoL.js                        53.74 kB │ gzip:     8.36 kB │ map:     68.23 kB
out/renderer/assets/ganttDiagram-T4ZO3ILL-DRQTfgFH.js                   54.44 kB │ gzip:    18.21 kB │ map:    163.46 kB
out/renderer/assets/wikitext-CmT2vprc.js                                55.87 kB │ gzip:     4.81 kB │ map:     77.59 kB
out/renderer/assets/wikitext-Cx1wQEff.js                                55.87 kB │ gzip:     4.81 kB │ map:     77.61 kB
out/renderer/assets/stata-Blio_9zx.js                                   56.99 kB │ gzip:    12.39 kB │ map:     74.15 kB
out/renderer/assets/stata-CyNWzu7X.js                                   56.99 kB │ gzip:    12.39 kB │ map:     74.13 kB
out/renderer/assets/html-DvnkQZb6.js                                    57.31 kB │ gzip:    11.78 kB │ map:     72.97 kB
out/renderer/assets/html-cWWEwb4y.js                                    57.31 kB │ gzip:    11.78 kB │ map:     72.95 kB
out/renderer/assets/ballerina-B7v1zNVR.js                               58.68 kB │ gzip:     8.10 kB │ map:     81.51 kB
out/renderer/assets/ballerina-DO1QgWTW.js                               58.68 kB │ gzip:     8.10 kB │ map:     81.49 kB
out/renderer/assets/markdown-CCiwe6G0.js                                59.32 kB │ gzip:     5.66 kB │ map:     82.30 kB
out/renderer/assets/markdown-snMYqbNs.js                                59.32 kB │ gzip:     5.66 kB │ map:     82.28 kB
out/renderer/assets/flowDiagram-DWJPFMVM-BWoabf_k.js                    60.22 kB │ gzip:    19.51 kB │ map:    180.37 kB
out/renderer/assets/ocaml-K1DhCCDi.js                                   62.44 kB │ gzip:     5.04 kB │ map:     81.08 kB
out/renderer/assets/ocaml-g2yJiH-R.js                                   62.44 kB │ gzip:     5.04 kB │ map:     81.06 kB
out/renderer/assets/c4Diagram-AHTNJAMY-BuJd3MCP.js                      69.17 kB │ gzip:    19.33 kB │ map:    191.40 kB
out/renderer/assets/mojo-BJFqlhjs.js                                    69.79 kB │ gzip:     9.21 kB │ map:     94.89 kB
out/renderer/assets/mojo-DAZroEzj.js                                    69.79 kB │ gzip:     9.21 kB │ map:     94.91 kB
out/renderer/assets/blockDiagram-DXYQGD6D-Bt6nkv3Q.js                   69.90 kB │ gzip:    19.67 kB │ map:    228.24 kB
out/renderer/assets/python-CDX3gqlq.js                                  69.94 kB │ gzip:     9.09 kB │ map:     95.21 kB
out/renderer/assets/python-NTk-y8tI.js                                  69.94 kB │ gzip:     9.09 kB │ map:     95.19 kB
out/renderer/assets/imeComposition-C4DdqDkN.js                          70.72 kB │ gzip:    24.79 kB │ map:    328.06 kB
out/renderer/assets/c-CazFCIbb.js                                       72.16 kB │ gzip:    10.55 kB │ map:     95.34 kB
out/renderer/assets/c-CvxixvUR.js                                       72.16 kB │ gzip:    10.55 kB │ map:     95.36 kB
out/renderer/assets/latex-CEK9xk8x.js                                   72.61 kB │ gzip:     6.68 kB │ map:    100.53 kB
out/renderer/assets/latex-CoLy8-ta.js                                   72.61 kB │ gzip:     6.68 kB │ map:    100.55 kB
out/renderer/assets/vyper-B0P1AkUF.js                                   74.64 kB │ gzip:    10.69 kB │ map:    100.66 kB
out/renderer/assets/vyper-Da9PWBpE.js                                   74.64 kB │ gzip:    10.69 kB │ map:    100.68 kB
out/renderer/assets/hack-DMr_ije-.js                                    80.18 kB │ gzip:    26.27 kB │ map:     97.28 kB
out/renderer/assets/hack-JCGBuPIr.js                                    80.18 kB │ gzip:    26.27 kB │ map:     97.26 kB
out/renderer/assets/cose-bilkent-S5V4N54A-BYzPRobB.js                   81.39 kB │ gzip:    21.56 kB │ map:    285.29 kB
out/renderer/assets/swift-9Nbn9Ij1.js                                   86.68 kB │ gzip:    14.69 kB │ map:    114.47 kB
out/renderer/assets/swift-CW-C2gKe.js                                   86.68 kB │ gzip:    14.69 kB │ map:    114.49 kB
out/renderer/assets/fortran-free-form-DD4JJ4G0.js                       88.96 kB │ gzip:    11.18 kB │ map:    124.01 kB
out/renderer/assets/fortran-free-form-D_5ZlJoM.js                       88.96 kB │ gzip:    11.18 kB │ map:    124.03 kB
out/renderer/assets/csharp-CO29vSPl.js                                  89.68 kB │ gzip:    10.64 kB │ map:    125.65 kB
out/renderer/assets/csharp-DQJ5AbKa.js                                  89.68 kB │ gzip:    10.64 kB │ map:    125.63 kB
out/renderer/assets/racket-Cpoz0poF.js                                  92.38 kB │ gzip:    15.07 kB │ map:    106.16 kB
out/renderer/assets/racket-DTfD7MRT.js                                  92.38 kB │ gzip:    15.07 kB │ map:    106.14 kB
out/renderer/assets/less-DBqXHSJM.js                                    97.62 kB │ gzip:    14.84 kB │ map:    131.81 kB
out/renderer/assets/less-DUXy986x.js                                    97.62 kB │ gzip:    14.84 kB │ map:    131.83 kB
out/renderer/assets/chunk-5FUZZQ4R-CnVPjGwK.js                          97.91 kB │ gzip:    23.96 kB │ map:    356.35 kB
out/renderer/assets/blade-N77FhM6G.js                                  104.97 kB │ gzip:    28.30 kB │ map:    130.91 kB
out/renderer/assets/blade-n2rAjklT.js                                  104.97 kB │ gzip:    28.30 kB │ map:    130.93 kB
out/renderer/assets/objective-c-BUKuyKs3.js                            105.40 kB │ gzip:    23.63 kB │ map:    129.62 kB
out/renderer/assets/objective-c-DLeldj5G.js                            105.40 kB │ gzip:    23.63 kB │ map:    129.60 kB
out/renderer/assets/php-RfHZto08.js                                    111.05 kB │ gzip:    28.65 kB │ map:    139.35 kB
out/renderer/assets/php-CY6e98Z1.js                                    111.31 kB │ gzip:    28.65 kB │ map:    139.69 kB
out/renderer/assets/sequenceDiagram-FGHM5R23-BN5NzGET.js               115.51 kB │ gzip:    30.46 kB │ map:    328.59 kB
out/renderer/assets/asciidoc-B3YbbXwh.js                               131.52 kB │ gzip:     9.31 kB │ map:    189.08 kB
out/renderer/assets/asciidoc-r3juUPqP.js                               131.52 kB │ gzip:     9.31 kB │ map:    189.06 kB
out/renderer/assets/mdx-B7b4a4Qx.js                                    136.10 kB │ gzip:    23.54 kB │ map:    176.68 kB
out/renderer/assets/mdx-Ckdwu2V2.js                                    136.10 kB │ gzip:    23.54 kB │ map:    176.70 kB
out/renderer/assets/architectureDiagram-Q4EWVU46-GvTpBHfB.js           146.77 kB │ gzip:    40.22 kB │ map:    547.67 kB
out/renderer/assets/objective-cpp-BVF8-nVS.js                          171.96 kB │ gzip:    30.98 kB │ map:    218.51 kB
out/renderer/assets/objective-cpp-DdXME1Wo.js                          171.96 kB │ gzip:    30.98 kB │ map:    218.49 kB
out/renderer/assets/previewPaneOfficeDocxContent-CXxf3OB0.js           174.66 kB │ gzip:    50.22 kB │ map:    421.49 kB
out/renderer/assets/javascript-C51fNQNJ.js                             174.88 kB │ gzip:    16.68 kB │ map:    236.01 kB
out/renderer/assets/javascript-Dn-A2OGm.js                             174.88 kB │ gzip:    16.68 kB │ map:    236.03 kB
out/renderer/assets/tsx-DDG3z9Tk.js                                    175.59 kB │ gzip:    16.67 kB │ map:    236.69 kB
out/renderer/assets/tsx-DTuBYRnx.js                                    175.59 kB │ gzip:    16.67 kB │ map:    236.70 kB
out/renderer/assets/jsx-C8c40CKy.js                                    177.84 kB │ gzip:    16.76 kB │ map:    238.96 kB
out/renderer/assets/jsx-D-qsQXOk.js                                    177.84 kB │ gzip:    16.76 kB │ map:    238.94 kB
out/renderer/assets/client-eL17GBfj.js                                 178.93 kB │ gzip:    56.49 kB │ map:    793.21 kB
out/renderer/assets/typescript-C1KszuNm.js                             181.13 kB │ gzip:    16.28 kB │ map:    244.35 kB
out/renderer/assets/typescript-CUytV8BU.js                             181.13 kB │ gzip:    16.28 kB │ map:    244.37 kB
out/renderer/assets/angular-ts-BDMrZZR0.js                             183.73 kB │ gzip:    16.78 kB │ map:    249.31 kB
out/renderer/assets/angular-ts-BJamDPfh.js                             183.73 kB │ gzip:    16.78 kB │ map:    249.37 kB
out/renderer/assets/vue-vine-C8smsY7M.js                               190.05 kB │ gzip:    18.07 kB │ map:    255.13 kB
out/renderer/assets/vue-vine-CPNEiP8O.js                               190.05 kB │ gzip:    18.07 kB │ map:    255.11 kB
out/renderer/assets/chunk-ICPOFSXX-BD1guKxe.js                         214.90 kB │ gzip:    33.82 kB │ map:    514.12 kB
out/renderer/assets/katex-CxxYYc-q.js                                  257.04 kB │ gzip:    76.96 kB │ map:    922.26 kB
out/renderer/assets/chart-Cpc91PRa.js                                  261.02 kB │ gzip:    77.83 kB │ map:  1,335.77 kB
out/renderer/assets/wolfram-D-sFqS0t.js                                262.38 kB │ gzip:    77.63 kB │ map:    279.63 kB
out/renderer/assets/wolfram-D0wYw4l_.js                                262.38 kB │ gzip:    77.63 kB │ map:    279.61 kB
out/renderer/assets/src-B_u8O7o0.js                                    335.58 kB │ gzip:    93.88 kB │ map:  1,855.19 kB
out/renderer/assets/pdf-viewer-TbJbd_NK.js                             426.01 kB │ gzip:   126.18 kB │ map:  1,350.45 kB
out/renderer/assets/cytoscape.esm-DerC2j2Y.js                          434.14 kB │ gzip:   137.50 kB │ map:  1,682.36 kB
out/renderer/assets/chunk-BO2N2NFS-DX2sx_5R.js                         448.67 kB │ gzip:   135.63 kB │ map:  1,685.45 kB
out/renderer/assets/chunk-K5T4RW27-g4IpmobE.js                         474.01 kB │ gzip:   102.05 kB │ map:  1,677.46 kB
out/renderer/assets/wasm-C7aqVUtb.js                                   622.32 kB │ gzip:   232.09 kB │ map:    622.80 kB
out/renderer/assets/wasm-DHIqLwS6.js                                   622.32 kB │ gzip:   232.09 kB │ map:    622.82 kB
out/renderer/assets/cpp-DUlTG0w4.js                                    626.12 kB │ gzip:    48.09 kB │ map:    816.12 kB
out/renderer/assets/cpp-DsbHpXOR.js                                    626.12 kB │ gzip:    48.09 kB │ map:    816.08 kB
out/renderer/assets/emacs-lisp-BdFp5KUL.js                             779.84 kB │ gzip:   197.53 kB │ map:    789.78 kB
out/renderer/assets/emacs-lisp-DBA3X2xq.js                             779.87 kB │ gzip:   197.55 kB │ map:    789.80 kB
out/renderer/assets/IntlProvider-lXXe19Ex.js                           792.45 kB │ gzip:   190.67 kB │ map:  1,092.66 kB
out/renderer/assets/previewPaneOfficeLegacyDocContent-BvNrfhRh.js      900.64 kB │ gzip:   261.94 kB │ map:  4,062.52 kB
out/renderer/assets/pptxRendererPreviewEngine-DcwqxS2b.js            1,042.71 kB │ gzip:   328.59 kB │ map:  2,971.59 kB
out/renderer/assets/account-Drv4wcnt.js                              1,658.16 kB │ gzip:   605.27 kB │ map:  3,192.80 kB
out/renderer/assets/previewPaneOfficeXlsxContent-CbMaLyIo.js         2,154.74 kB │ gzip:   697.33 kB │ map:  7,239.13 kB
out/renderer/assets/styles-DVM_BP5Z.js                               5,932.38 kB │ gzip: 1,660.00 kB │ map: 20,814.89 kB

[plugin builtin:vite-reporter] 
(!) Some chunks are larger than 500 kB after minification. Consider:
- Using dynamic import() to code-split the application
- Use build.rolldownOptions.output.codeSplitting to improve chunking: https://rolldown.rs/reference/OutputOptions.codeSplitting
- Adjust chunk size limit for this warning via build.chunkSizeWarningLimit.
[33m[PLUGIN_TIMINGS] Warning:[0m Your build spent significant time in plugins. Here is a breakdown:
  - vite:asset (41%)
  - vite:worker (31%)
  - vite:css-post (22%)
See https://rolldown.rs/options/checks#plugintimings for more details.

✓ built in 8.56s
[ci][timer] bundle:prepare-cua-native start
[bundle] > /Users/felipemore/.local/share/mise/installs/node/24.14.0/bin/node /Users/felipemore/Projects/AceVra/packages/zcode-cua/native/cua-helper/build-product-helper.mjs --install-root /Users/felipemore/Projects/AceVra/packages/desktop/resources/cua-helper --version 0.1.0-alpha.1 --build 1 --arch arm64 --signing-dir /Users/felipemore/Projects/AceVra/packages/desktop/.cua-signing --identity AceVra CUA Dev Signing
/Users/felipemore/Projects/AceVra/packages/desktop/resources/cua-helper/AceVra Computer Use.app: replacing existing signature
[bundle] > /Users/felipemore/.local/share/mise/installs/node/24.14.0/bin/node /Users/felipemore/Projects/AceVra/packages/zcode-cua/native/peer-identity/build-peer-identity-probe.mjs --install-root /Users/felipemore/Projects/AceVra/packages/desktop/resources/cua-helper --out /Users/felipemore/Projects/AceVra/packages/desktop/resources/cua-helper/.probe-build --signing-dir /Users/felipemore/Projects/AceVra/packages/desktop/.cua-signing --identity AceVra CUA Dev Signing
error: link command failed with exit code 1 (use -v to see invocation)
ld: warning: ignoring file '/Library/Developer/CommandLineTools/usr/lib/swift/macosx/libswiftCompatibilityPacks.a': fat file missing arch 'x86_64', file has 'arm64,arm64e'
ld: warning: ignoring file '/Library/Developer/CommandLineTools/usr/lib/swift/macosx/libswiftCompatibility56.a': fat file missing arch 'x86_64', file has 'arm64,arm64e'
ld: warning: ignoring file '/Library/Developer/CommandLineTools/usr/lib/swift/macosx/libswiftCompatibilityPacks.a': fat file missing arch 'x86_64', file has 'arm64,arm64e'
ld: warning: ignoring file '/Library/Developer/CommandLineTools/usr/lib/swift/macosx/libswiftCompatibility56.a': fat file missing arch 'x86_64', file has 'arm64,arm64e'
Undefined symbols for architecture x86_64:
  "__swift_FORCE_LOAD_$_swiftCompatibility56", referenced from:
      __swift_FORCE_LOAD_$_swiftCompatibility56_$_main in main-1.o
ld: symbol(s) not found for architecture x86_64
clang: error: linker command failed with exit code 1 (use -v to see invocation)
[peer-identity] x86_64 slice failed to link; installing arm64-only
/Users/felipemore/Projects/AceVra/packages/desktop/resources/cua-helper/.probe-build/peer-identity-probe-arm64: replacing existing signature
[bundle] CUA native components signed identity=AceVra CUA Dev Signing helper=dev.acevra.cua-helper@0.1.0-alpha.1(1)
[ci][timer] bundle:prepare-cua-native end duration_ms=17006
[ci][timer] bundle:electron-builder start
[bundle] > pnpm exec electron-builder --config electron-builder.config.js --mac --arm64
  • electron-builder  version=26.8.1 os=27.0.0
  • loaded configuration  file=/Users/felipemore/Projects/AceVra/packages/desktop/electron-builder.config.js
  • @electron/rebuild already used by electron-builder, please consider to remove excess dependency from devDependencies

To ensure your native dependencies are always matched electron version, simply add script `"postinstall": "electron-builder install-app-deps" to your `package.json`
[ci][timer] beforePack:restoreTargetNodePtyPrebuild start
[beforePack] node-pty prebuild restore skipped for darwin-arm64
[ci][timer] beforePack:restoreTargetNodePtyPrebuild end duration_ms=0
  • skipped dependencies rebuild  reason=npmRebuild is set to false
  • packaging       platform=darwin arch=arm64 electron=41.0.3 appOutDir=/Users/felipemore/Projects/AceVra/release/0.1.0-alpha.1/build/mac-arm64
  • packageManager not detected by file, falling back to environment detection  resolvedPackageManager=pnpm detected=/Users/felipemore/Projects/AceVra/packages/desktop
  • detected workspace root for project using packageManager field  pm=pnpm config=pnpm@10.33.2 resolved=/Users/felipemore/Projects/AceVra projectDir=/Users/felipemore/Projects/AceVra/packages/desktop
  • searching for node modules  pm=pnpm searchDir=/Users/felipemore/Projects/AceVra/packages/desktop
(node:44470) [DEP0190] DeprecationWarning: Passing args to a child process with shell option true can lead to security vulnerabilities, as the arguments are not escaped, only concatenated.
(Use `node --trace-deprecation ...` to show where the warning was created)
  • dependency not found on disk  dependencies=["@clerk/shared@4.33.0","zustand@4.5.7","immer@10.2.0","@radix-ui/react-primitive@2.1.4","@radix-ui/react-slot@1.2.4","marked@17.0.6","pngjs@5.0.0","commander@14.0.3","diff@8.0.4","fs-extra@11.3.4","clsx@1.2.1","@noble/hashes@1.4.0","clsx@1.2.1","eventemitter3@5.0.1","tslib@2.3.0","yargs@15.4.1","diff@8.0.3","@shikijs/types@3.23.0","zod@3.25.76","kleur@3.0.3","execa@9.6.1","open@11.0.0","commander@11.1.0","execa@5.1.1","get-stream@6.0.1","human-signals@2.1.0","is-stream@2.0.1","signal-exit@3.0.7","strip-final-newline@2.0.0","npm-run-path@4.0.1","wrap-ansi@7.0.0","ora@8.2.0","ts-morph@26.0.0","semver@6.3.1","preact@10.29.8","eventemitter3@5.0.1","react-is@16.13.1","tslib@2.3.0","y18n@4.0.3","yargs-parser@18.1.3","find-up@4.1.0","cliui@6.0.0","is-obj@3.0.0","human-signals@8.0.1","strip-final-newline@4.0.0","get-stream@9.0.1","npm-run-path@6.0.0","data-uri-to-buffer@4.0.1","ast-types@0.16.1","semver@6.3.1","wsl-utils@0.3.1","which@4.0.0","cookie@1.1.1","path-to-regexp@6.3.0","type-fest@5.5.0","strip-ansi@6.0.1","ansi-styles@4.3.0","chalk@5.6.2","log-symbols@6.0.0","emoji-regex@10.6.0","@ts-morph/common@0.27.0","semver@6.3.1","picomatch@2.3.2","json-schema-typed@8.0.2","ajv-formats@3.0.1","commander@13.1.0","abitype@1.3.0","@types/unist@2.0.11","locate-path@5.0.0","path-key@4.0.0","resolve-from@4.0.0","is-docker@3.0.0","is-wsl@3.1.1","onetime@7.0.0","lru-cache@5.1.1","p-locate@4.1.0","brace-expansion@5.0.5","yallist@3.1.1","iconv-lite@0.7.2","escape-string-regexp@5.0.0","p-limit@2.3.0","balanced-match@4.0.4"]
[ci][timer] afterPack:injectHoistedRuntimeModulesIntoAsar start
[ci][timer] afterPack:scan-missing-runtime-modules start
[ci][timer] afterPack:scan-missing-runtime-modules end duration_ms=286
[afterPack] missing runtime modules count=41
[ci][timer] afterPack:asar-extract start
[ci][timer] afterPack:asar-extract end duration_ms=3894
[ci][timer] afterPack:copy-runtime-modules start
[ci][timer] afterPack:copy-runtime-modules end duration_ms=499
[ci][timer] afterPack:asar-pack start
[bundle][heartbeat] electron-builder running elapsed_ms=30002 idle_ms=357
[ci][timer] afterPack:asar-pack end duration_ms=11348
[ci][timer] afterPack:injectHoistedRuntimeModulesIntoAsar end duration_ms=18330
[ci][timer] afterPack:stripPackagedSourcemapReferences start
[ci][timer] afterPack:sourcemap-cleanup:asar-extract start
[ci][timer] afterPack:sourcemap-cleanup:asar-extract end duration_ms=3755
[afterPack] stripped sourceMappingURL references=9457 files=9433 maps=380
[ci][timer] afterPack:sourcemap-cleanup:asar-pack start
[bundle][heartbeat] electron-builder running elapsed_ms=60007 idle_ms=10490
[ci][timer] afterPack:sourcemap-cleanup:asar-pack end duration_ms=11384
[afterPack] resources sourcemap cleanup references=0 files=0 maps=0
[ci][timer] afterPack:stripPackagedSourcemapReferences end duration_ms=19963
[ci][timer] afterPack:assertPackagedNativeResourcePolicy start
[ci][timer] afterPack:assertPackagedNativeResourcePolicy end duration_ms=176
[ci][timer] afterPack:assertPackagedNodePtyPrebuild start
[ci][timer] afterPack:assertPackagedNodePtyPrebuild end duration_ms=0
[ci][timer] afterPack:verifyOfficialComputerUsePlugin start
[ci][timer] afterPack:verifyOfficialComputerUsePlugin end duration_ms=1
  • falling back to ad-hoc signature for macOS application code signing
  • signing         file=/Users/felipemore/Projects/AceVra/release/0.1.0-alpha.1/build/mac-arm64/AceVra.app platform=darwin type=distribution identityName=- identityHash=none provisioningProfile=none
  • skipped macOS notarization  reason=`notarize` options were set explicitly `false`
[ci][timer] afterSign:signLocalAlphaOuterApp start
[afterSign] local alpha outer app signed with AceVra CUA Dev Signing
[ci][timer] afterSign:signLocalAlphaOuterApp end duration_ms=433
  • building        target=macOS zip arch=arm64 file=/Users/felipemore/Projects/AceVra/release/0.1.0-alpha.1/build/AceVra-0.1.0-alpha.1-arm64.zip
  • building        target=DMG arch=arm64 file=/Users/felipemore/Projects/AceVra/release/0.1.0-alpha.1/build/AceVra-0.1.0-alpha.1-arm64.dmg
[bundle][heartbeat] electron-builder running elapsed_ms=90014 idle_ms=22378
  • building block map  blockMapFile=/Users/felipemore/Projects/AceVra/release/0.1.0-alpha.1/build/AceVra-0.1.0-alpha.1-arm64.dmg.blockmap
[bundle][heartbeat] electron-builder running elapsed_ms=120016 idle_ms=20582
[bundle][heartbeat] electron-builder running elapsed_ms=150018 idle_ms=50584
  • building block map  blockMapFile=/Users/felipemore/Projects/AceVra/release/0.1.0-alpha.1/build/AceVra-0.1.0-alpha.1-arm64.zip.blockmap
[ci][timer] bundle:electron-builder end duration_ms=160318
[bundle] local alpha outer app signed with AceVra CUA Dev Signing
[ci][timer] bundle:verify-runtime-dependencies start
[ci][timer] bundle:verify-runtime-dependencies end duration_ms=228
[ci][timer] bundle:audit-bundle-size start
[bundle] > /Users/felipemore/.local/share/mise/installs/node/24.14.0/bin/node /Users/felipemore/Projects/AceVra/packages/desktop/scripts/audit-bundle-size.mjs --artifact-path /Users/felipemore/Projects/AceVra/release/0.1.0-alpha.1/build/AceVra-0.1.0-alpha.1-arm64.zip
Artifact: /Users/felipemore/Projects/AceVra/release/0.1.0-alpha.1/build/AceVra-0.1.0-alpha.1-arm64.zip
Type: .zip
Size: 203.8 MiB
Limit: 500 MiB
[ci][timer] bundle:audit-bundle-size end duration_ms=24
